o0900088	#Â©	AMAR@g	AMAR@g	|AMAR@g|	I		ğ’›ˆ	EASL0057	/easl/images/o0900088.png
o0900197	#Â©	|(BU~a&BU~a).X|	|(BU~a&BU~a).X|	|(BU~a&BU~a).X|	I		ğ’œ’	EASL0118	/easl/images/o0900197.png
o0900384	n#Â©	|DUG~bÃ—(KUR~a.X)|	|DUG~bÃ—(KUR~a.X)|	|DUG~bx(KUR~a.X)|	I		ğ’‰	EASL0227 EALX114	/easl/images/o0900384.png
o0900461	#Â©	|DUG~bÃ—X|	|DUG~bÃ—X|	|DUG~bxX|	I	ğ’£	ğ’·,ğ’£	EASL0255 EALX145 EAAR082	/easl/images/o0900461.png
o0900587	#Â©	|EZEN~aÃ—X|	|EZEN~aÃ—X|	|EZEN~axX|	I		ğ’ €	EASL0332	/easl/images/o0900587.png
o0900711	#Â©	|GAâ‚‚~a2Ã—X|	|GAâ‚‚~a2Ã—X|	|GA2~a2xX|	I		ğ’ ½	EASL0392	/easl/images/o0900711.png
o0900712	#Â©	|GAâ‚‚~a3Ã—X|	|GAâ‚‚~a3Ã—X|	|GA2~a3xX|	I		ğ’ ¿	EASL0395	/easl/images/o0900712.png
o0900773	#Â©	|GAN~cÃ—X|	|GAN~cÃ—X|	|GAN~cxX|	I		ğ’¡Ÿ	EASL0424	/easl/images/o0900773.png
o0901018	#Â©	IRHAN	IRHAN	IRHAN	I		ğ’¤Š	EASL0593	/easl/images/o0901018.png
o0901255	#Â©	|LAGAB~aÃ—X|	|LAGAB~aÃ—X|	|LAGAB~axX|	I	ğ’¦”	ğ’¦”;ó³‚¼	EASL0721 EALX328	/easl/images/o0901255.png
o0901357	#Â©	|MAH~aÃ—X|	|MAH~aÃ—X|	|MAH~axX|	I		ğ’§‘	EASL0792 EAAR240	/easl/images/o0901357.png
o0901371	#Â©	|MAR~bÃ—X|	|MAR~bÃ—X|	|MAR~bxX|	I		ğ’§	EASL0806 EALX349	/easl/images/o0901371.png
o0902413	#Â©	|X(N57).GAR|	|X(N57).GAR|	|x(N57).GAR|	I		ğ’·²	EASL0849 EAJN082	/easl/images/o0902413.png
o0901510	#Â©	|NI~bÃ—X|	|NI~bÃ—X|	|NI~bxX|	I		ğ’¨¿	EASL0927 EALX393	/easl/images/o0901510.png
o0901537	n#Â©	|NINDAâ‚‚Ã—(AN.X)|	|NINDAâ‚‚Ã—(AN.X)|	|NINDA2x(AN.X)|	I		ğ’©	EASL0942 EALX404	/easl/images/o0901537.png
o0901549	n#Â©	|NINDAâ‚‚Ã—(HI.X)|	|NINDAâ‚‚Ã—(HI.X)|	|NINDA2x(HI.X)|	I		ğ’©˜	EASL0954	/easl/images/o0901549.png
o0901572	#Â©	|NINDAâ‚‚Ã—X|	|NINDAâ‚‚Ã—X|	|NINDA2xX|	I		ğ’©¡	EASL0963 EAJN191	/easl/images/o0901572.png
o0901850	#Â©	|SILAâ‚ƒ~aÃ—X|	|SILAâ‚ƒ~aÃ—X|	|SILA3~axX|	I		ğ’¬ƒ	EASL1116 EAAR336	/easl/images/o0901850.png
o0902216	#Â©	|Uâ‚„Ã—X|	|Uâ‚„Ã—X|	|U4xX|	I		ğ’¯±	EASL1335	/easl/images/o0902216.png
o0902182	#Â©	|Uâ‚„Ã—2(N01)|	|Uâ‚„Ã—2(N01)|	|U4x2(N01)|	I		ğ’¯µ	EASL1339 EAJN295 EAVR259	/easl/images/o0902182.png
o0902194	#Â©	|Uâ‚„Ã—8(N01).X|	|Uâ‚„Ã—8(N01).X|	|U4x8(N01).X|	I		ğ’°	EASL1351	/easl/images/o0902194.png
o0902284	#Â©	|UKKIN~bÃ—X|	|UKKIN~bÃ—X|	|UKKIN~bxX|	I		ğ’°¸	EASL1403	/easl/images/o0902284.png
o0902369	#Â©	|URU~a1Ã—X|	|URU~a1Ã—X|	|URU~a1xX|	I		ğ’±©	EASL1452 EAAR436	/easl/images/o0902369.png
o0902474	#Â©	ZATU640	ZATU640	ZATU640	I		ğ’³€	EASL1530 EAAR480	/easl/images/o0902474.png
o0902489	#Â©	ZATU650	ZATU650	ZATU650	I		ğ’³	EASL1541 EAAR486	/easl/images/o0902489.png
o0902502	#Â©	|ZATU651Ã—X|	|ZATU651Ã—X|	|ZATU651xX|	I		ğ’³”	EASL1548	/easl/images/o0902502.png
o0902524	#Â©	ZATU670	ZATU670	ZATU670	I		ğ’³«	EASL1565 EAAR500	/easl/images/o0902524.png
o0902597	#Â©	ZATU704	ZATU704	ZATU704	I		ğ’´¨	EASL1618 EAAR532	/easl/images/o0902597.png
o0903643	n#Â©	|ZATU711Ã—X|	|ZATU711~v1Ã—X|	|ZATU711xX|	I		ğ’´´	EASL1628 EAAR538	/easl/images/o0902611.png
o0902617	#Â©	|ZATU714Ã—X|	|ZATU714Ã—X|	|ZATU714xX|	I		ğ’´¹	EASL1633	/easl/images/o0902617.png
o0902625	#Â©	ZATU724	ZATU724	ZATU724	I		ğ’µ	EASL1641 EAAR549 EAVR305	/easl/images/o0902625.png
o0903647	n#Â©	|ZATU737Ã—X|	|ZATU737~v2Ã—X|	|ZATU737xX|	I		ğ’µ©	EASL1675 EALX659	/easl/images/o0902683.png
o0902718	#Â©	|ZATU759Ã—X|	|ZATU759Ã—X|	|ZATU759xX|	I		ğ’¶†	EASL1698	/easl/images/o0902718.png
o0902719	#Â©	|ZATU759@tÃ—X|	|ZATU759@tÃ—X|	|ZATU759@txX|	I		ğ’¶‡	EASL1699	/easl/images/o0902719.png
o0902734	#Â©	ZATU768	ZATU768	ZATU768	I		ğ’¶”	EASL1709 EAAR580	/easl/images/o0902734.png
o0902735	#Â©	ZATU769	ZATU769	ZATU769	I		ğ’¶•	EASL1710 EAAR581	/easl/images/o0902735.png
o0902736	#Â©	ZATU771	ZATU771	ZATU771	I		ğ’¶–	EASL1711 EAAR582	/easl/images/o0902736.png
o0902756	#Â©	ZATU785	ZATU785	ZATU785	I		ğ’¶©	EASL1726	/easl/images/o0902756.png
o0902784	#Â©	ZATU817	ZATU817	ZATU817	I		ğ’·„	EASL1753 EAAR583	/easl/images/o0902784.png
o0902785	#Â©	ZATU818	ZATU818	ZATU818	I		ğ’·…	EASL1754 EAAR584	/easl/images/o0902785.png
