o0980000	e		-	4
o0980000	s	A	A	159
o0980009	s	A₂	A₂	1
o0980010	e		-	27
o0980010	s	AB~a	AB~a	104
o0980012	c	|AB~a×AŠ₂|	|AB~a×AŠ₂|	1
o0980017	c	|AB~a×ZATU659|	|AB~a×ZATU659|	3
o0980020	s	AB~a@g	AB~a@g	1
o0980021	e		-	1
o0980021	s	AB~b	AB~b	36
o0980025	s	AB₂	AB₂	156
o0980028	s	|NUN~a.ME~a|	ABGAL	30
o0980029	s	|NUN~a.ME~a.DU|	ABRIG	2
o0980030	s	ABZU	ABZU	3
o0980031	s	AD~a	AD~a	23
o0980032	s	AD~b	AD~b	2
o0980034	s	ADAB	ADAB	5
o0980035	s	ADDA	ADDA	1
o0980037	s	AGAR₂	AGAR₂	14
o0980038	s	AK~a	AK~a	28
o0980040	s	AL	AL	40
o0980041	s	ALAN~a	ALAN~a	3
o0980042	s	ALAN~b	ALAN~b	4
o0980043	s	ALAN~c	ALAN~c	5
o0980047	s	ALIM	ALIM	10
o0980048	s	AM~a	AM~a	2
o0980049	s	AM~b	AM~b	1
o0980050	s	AMA~a	AMA~a	29
o0980052	s	AMA~b	AMA~b	4
o0980053	e		-	1
o0980053	s	AMAR	AMAR	66
o0980058	s	AN	AN	351
o0980060	s	ANŠE~b	ANŠE~b	18
o0980061	s	ANŠE~c	ANŠE~c	1
o0980062	s	ANŠE~e	ANŠE~e	4
o0980065	s	APIN~a	APIN~a	55
o0980067	s	APIN~b	APIN~b	3
o0980068	s	APIN~c	APIN~c	1
o0980069	s	ARARMA₂~a	ARARMA₂~a	4
o0980070	s	|U₄.AB~b|	ARARMA₂~b	1
o0980071	s	|3(N57).LAM~a.KUR~a.RU|	ARATTA	1
o0980073	s	ASAR	ASAR	5
o0980075	s	AZ	AZ	12
o0980077	s	BA	BA	220
o0980078	e		-	31
o0980078	s	BAD	BAD	13
o0980079	c	|BAD&BAD|	|BAD&BAD|	7
o0980079	e		-	21
o0980080	s	BAD₃~a	BAD₃~a	2
o0980081	s	BAD₃~b1	BAD₃~b1	1
o0980082	s	BAD₃~b2	BAD₃~b2	2
o0980083	s	BAHAR₂~a	BAHAR₂~a	5
o0980084	s	BAHAR₂~b	BAHAR₂~b	7
o0980085	s	BAHAR₂~c	BAHAR₂~c	2
o0980086	s	BALA~a	BALA~a	15
o0980088	s	BALAG	BALAG	9
o0980089	s	BAN~a	BAN~a	6
o0980090	s	BAN~b	BAN~b	2
o0980093	s	BANŠUR~b1	BANŠUR~b1	1
o0980094	s	BANŠUR~b2	BANŠUR~b2	1
o0980095	s	BANŠUR~c	BANŠUR~c	2
o0980096	s	BAPPIR~a	BAPPIR~a	3
o0980097	s	BAPPIR~b	BAPPIR~b	2
o0980098	s	BAPPIR~c	BAPPIR~c	1
o0980099	s	BAPPIR~d	BAPPIR~d	5
o0980100	s	BAPPIR~e	BAPPIR~e	1
o0980101	s	BAPPIR~f	BAPPIR~f	1
o0980102	s	BAR	BAR	149
o0980105	s	BARA₂~a	BARA₂~a	22
o0980107	s	BARA₃	BARA₃	11
o0980112	s	BIR₃~a	BIR₃~a	10
o0980114	s	BIR₃~c	BIR₃~c	3
o0980115	e		-	4
o0980115	s	BU~a	BU~a	181
o0980117	c	|BU~a+DU₆~a|	|BU~a+DU₆~a|	16
o0980123	c	|(BU~a&BU~a).NA₂~a|	|(BU~a&BU~a).NA₂~a|	3
o0980126	s	BU~b	BU~b	4
o0980128	s	BU₃	BU₃	18
o0980129	s	BULUG	BULUG	1
o0980130	s	BULUG₃	BULUG₃	9
o0980132	s	BUR~a	BUR~a	10
o0980133	s	BUR~b	BUR~b	5
o0980135	s	BUR~d	BUR~d	1
o0980136	e		-	3
o0980136	s	BUR₂	BUR₂	28
o0980137	s	DA~a	DA~a	75
o0980143	s	DAH	DAH	6
o0980144	s	DAM	DAM	9
o0980145	s	DANNA	DANNA	1
o0980146	s	DAR~a	DAR~a	4
o0980147	c	|DAR~a×A|	|DAR~a×A|	1
o0980149	s	DAR~c	DAR~c	1
o0980153	s	DARA₃~c	DARA₃~c	4
o0980156	s	DARA₃~d	DARA₃~d	1
o0980157	c	|DARA₃~d×(KAR₂.ŠE~a)|	|DARA₃~d×(KAR₂.ŠE~a)|	1
o0980158	c	|DARA₃~d×KAR₂~b|	|DARA₃~d×KAR₂|	2
o0980159	s	DARA₄~a1	DARA₄~a1	16
o0980162	s	DARA₄~b	DARA₄~b	1
o0980164	s	DARA₄~c1	DARA₄~c1	5
o0980165	s	DARA₄~c2	DARA₄~c2	4
o0980166	s	DARA₄~c3	DARA₄~c3	3
o0980167	s	DARA₄~c4	DARA₄~c4	7
o0980168	s	DARA₄~c5	DARA₄~c5	1
o0980170	s	DI	DI	40
o0980172	s	DIB	DIB	1
o0980173	s	DILMUN	DILMUN	17
o0980174	s	DIM~a	DIM~a	12
o0980177	s	DIM~b	DIM~b	1
o0980178	s	DIM~c	DIM~c	17
o0980179	s	DIN	DIN	23
o0980182	e		-	2
o0980182	s	DU	DU	129
o0980185	s	DU₆~a	DU₆~a	6
o0980186	c	|DU₆~a×1(N58)|	|DU₆~a×DIŠ|	1
o0980188	s	DU₆~b	DU₆~b	20
o0980190	s	DU₇	DU₇	2
o0980193	s	DU₈~c	DU₈~c	5
o0980197	c	|DU₈~c×UDU~a|	|DU₈~c×UDU~a|	1
o0980199	s	DU₈~c@g	DU₈~c@g	9
o0980200	s	DUB~a	DUB~a	52
o0980201	s	DUB~b	DUB~b	14
o0980204	s	DUB~d	DUB~d	1
o0980205	s	DUB~e	DUB~e	1
o0980206	s	DUB~f	DUB~f	3
o0980209	c	|(DUB@n~a×1(N58))~b|	|(DUB×DIŠ)~c|	1
o0980211	s	DUB₂	DUB₂	2
o0980212	s	DUG~a	DUG~a	76
o0980221	c	|DUG~a×1(N57)|	|DUG~a×1(N57)|	4
o0980222	s	DUG~b	DUG~b	46
o0980223	c	|DUG~b×AB₂|	|DUG~b×AB₂|	1
o0980224	c	|DUG~b×ANŠE~b|	|DUG~b×ANŠE~b|	5
o0980225	c	|DUG~b×ANŠE~d|	|DUG~b×ANŠE~d|	2
o0980227	c	|DUG~b×BALA~a|	|DUG~b×BALA~a|	9
o0980228	c	|DUG~b×BIR₃~c|	|DUG~b×BIR₃~c|	1
o0980229	c	|DUG~b×DIN|	|DUG~b×DIN|	12
o0980232	c	|DUG~b×GA~a|	|DUG~b×GA~a|	1
o0980233	c	|DUG~b×GA~b|	|DUG~b×GA~b|	1
o0980234	c	|DUG~b×GEŠTU~a|	|DUG~b×GEŠTU~a|	5
o0980235	c	|DUG~b×GEŠTU~b|	|DUG~b×GEŠTU~b|	1
o0980236	c	|DUG~b×GI₆|	|DUG~b×GI₆|	2
o0980237	c	|DUG~b×GIŠ|	|DUG~b×GIŠ|	5
o0980238	c	|DUG~b×HI|	|DUG~b×HI|	4
o0980240	c	|DUG~b×KASKAL|	|DUG~b×KASKAL|	9
o0980241	c	|DUG~b×KU₆~a|	|DUG~b×KU₆~a|	2
o0980242	c	|DUG~b×KUR~a|	|DUG~b×KUR~a|	2
o0980243	c	|DUG~b×(KUR~a.X)|	|DUG~b×(KUR~a.X)|	1
o0980244	c	|DUG~b×KUR~b|	|DUG~b×KUR~b|	1
o0980245	c	|DUG~b×KUR@g~a|	|DUG~b×KUR@g~a|	4
o0980246	c	|DUG~b×LAM~a|	|DUG~b×LAM~a|	3
o0980247	c	|DUG~b×MAŠ|	|DUG~b×MAŠ|	10
o0980248	c	|DUG~b×NAGA~a|	|DUG~b×NAGA~a|	5
o0980249	c	|DUG~b×NAM₂|	|DUG~b×NAM₂|	1
o0980251	c	|DUG~b×SA~a|	|DUG~b×SA~a|	5
o0980252	c	|DUG~b×(SA~a.GI)|	|DUG~b×(SA~a.GI)|	3
o0980253	c	|DUG~b×SI₄~a|	|DUG~b×SI₄~a|	5
o0980254	c	|DUG~b×(SI₄~a.X)|	|DUG~b×(SI₄~a.X)|	1
o0980255	c	|DUG~b×SIG₂~a1|	|DUG~b×SIG₂~a1|	3
o0980256	c	|DUG~b×SIG₂~a2|	|DUG~b×SIG₂~a2|	2
o0980257	c	|DUG~b×SIG₇|	|DUG~b×SIG₇|	16
o0980258	c	|DUG~b×SUHUR|	|DUG~b×SUHUR|	1
o0980260	c	|DUG~b×ŠAH₂~a|	|DUG~b×ŠAH₂~a|	4
o0980261	c	|DUG~b×ŠE~a|	|DUG~b×ŠE~a|	12
o0980262	c	|DUG~b×(ŠE~a.NAM₂)|	|DUG~b×(ŠE~a.NAM₂)|	7
o0980263	c	|DUG~b×TAK₄~a|	|DUG~b×TAK₄~a|	4
o0980264	c	|DUG~b×(TAK₄~a.SA~a)|	|DUG~b×(TAK₄~a.SA~a)|	1
o0980265	c	|DUG~b×(TAK₄~a.SAL)|	|DUG~b×(TAK₄~a.SAL)|	1
o0980266	c	|DUG~b×TI|	|DUG~b×TI|	6
o0980267	c	|DUG~b×U₂~a|	|DUG~b×U₂~a|	1
o0980268	c	|DUG~b×U₂~b|	|DUG~b×U₂~b|	1
o0980270	c	|DUG~b×UH₃~a|	|DUG~b×UH₃~a|	3
o0980271	c	|DUG~b×UH₃~a@t|	|DUG~b×UH₃~a@t|	1
o0980272	c	|DUG~b×X|	|DUG~b×X|	103
o0980274	c	|DUG~b×ZATU764|	|DUG~b×ZATU764|	2
o0980275	c	|DUG~b×ZATU779|	|DUG~b×ZATU779|	2
o0980276	c	|DUG~b×ZATU780|	|DUG~b×ZATU780|	2
o0980277	c	|DUG~b×ZATU781|	|DUG~b×ZATU781|	2
o0980278	c	|DUG~b×(ZATU789.SA~a)|	|DUG~b×(ZATU789.SA~a)|	1
o0980279	c	|DUG~b×1(N57)|	|DUG~b×1(N57)|	3
o0980280	c	|DUG~b×(1(N57).KU₃~a)|	|DUG~b×(1(N57).KU₃~a)|	3
o0980284	s	DUG~c	DUG~c	117
o0980285	c	|DUG~c×1(N57)|	|DUG~c×1(N57)|	30
o0980287	s	DUG~d	DUG~d	4
o0980288	s	DUGUD	DUGUD	1
o0980290	s	DUR~b	DUR~b	8
o0980291	s	DUR₂	DUR₂	33
o0980292	s	E~a	E~a	3
o0980297	e		-	19
o0980297	s	E₂~a	E₂~a	207
o0980300	c	|E₂~a×1(N58@t)|	|E₂~a×1(N57)@t|	6
o0980301	e		-	5
o0980301	s	E₂~b	E₂~b	48
o0980303	c	|E₂~b×1(N58@t)|	|E₂~b×1(N57)@t|	3
o0980305	s	E₂~d	E₂~d	2
o0980307	s	E₃~b	E₃~b	1
o0980308	s	EDIN	EDIN	5
o0980309	e		-	33
o0980309	s	EN~a	EN~a	524
o0980312	s	EN~c	EN~c	6
o0980317	e		-	4
o0980317	s	EN₂	EN₂	2
o0980318	c	|EN₂.E₂~a|	|EN₂.E₂~a|	1
o0980319	c	|EN₂.E₂~b|	|EN₂.E₂~b|	3
o0980320	s	|EN~a.ME~a.MU|	ENDIB	5
o0980321	s	|EN~a.ME~a.GI|	ENGIZ	6
o0980322	s	|EN~a.EZEN~b×ŠE~a@t.NUN~a.SIG₇|	ENKUM	9
o0980326	s	ERIM~a	ERIM~a	31
o0980328	s	ERIM~b2	ERIM~b2	1
o0980329	s	|NE~a.RU|	ERIM₂	14
o0980330	e		-	1
o0980330	s	ERIN	ERIN	59
o0980331	e		-	47
o0980331	s	EŠDA	EŠDA	1
o0980332	c	|EŠDA×TAR~a|	|EŠDA×TAR|	1
o0980333	s	EŠGAR	EŠGAR	8
o0980334	s	EZEN~a	EZEN~a	5
o0980340	c	|EZEN~a×KI|	|EZEN~a+KI|	1
o0980346	c	|EZEN~a×SU~a|	|EZEN~a×SU~a|	4
o0980347	c	|EZEN~a×(U₂~b.A)|	|EZEN~a×(U₂~b.A)|	1
o0980350	s	EZEN~b	EZEN~b	51
o0980351	e		-	19
o0980352	c	|EZEN~b×6(N57)|	|EZEN~b×6(N57)|	1
o0980354	s	EZINU~a	EZINU~a	1
o0980355	s	EZINU~b	EZINU~b	1
o0980356	s	EZINU~c	EZINU~c	4
o0980357	s	EZINU~d	EZINU~d	4
o0980358	e		-	58
o0980358	s	GA~a	GA~a	100
o0980359	c	|GA~a.ZATU753|	|GA~a.ZATU753|	58
o0980361	s	GA~b	GA~b	22
o0980362	s	GA~c	GA~c	4
o0980363	c	|GA~c×KASKAL|	|GA~c×KASKAL|	2
o0980364	c	|GA~c×1(N14)|	|GA~c×1(N14)|	1
o0980365	e		-	4
o0980365	s	GA₂~a1	GA₂~a1	44
o0980366	c	|GA₂~a1×A|	|GA₂~a1×A|	2
o0980373	c	|GA₂~a1×GIR~a|	|GA₂~a1×GIR~a|	1
o0980374	c	|GA₂~a1×(GIR~a.KU₆~a)|	|GA₂~a1×(GIR~a.KU₆~a)|	1
o0980378	c	|GA₂~a1×HI|	|GA₂~a1×HI|	1
o0980380	c	|GA₂~a1×KU₃~a|	|GA₂~a1×KU₃~a|	1
o0980381	c	|GA₂~a1×KU₆~a|	|GA₂~a1×KU₆~a|	3
o0980384	c	|GA₂~a1×MAŠ|	|GA₂~a1×MAŠ|	1
o0980388	c	|GA₂~a1×PAD~b|	|GA₂~a1×PAD~b|	1
o0980389	c	|GA₂~a1×PAP~a|	|GA₂~a1×PAP~a|	1
o0980391	c	|GA₂~a1×SUHUR|	|GA₂~a1×SUHUR|	1
o0980397	c	|GA₂~a1×TI|	|GA₂~a1×TI|	3
o0980398	c	|GA₂~a1×U₄|	|GA₂~a1×U₄|	9
o0980399	c	|GA₂~a1×X|	|GA₂~a1×X|	5
o0980400	c	|GA₂~a1×1(N14)|	|GA₂~a1×1(N14)|	1
o0980403	s	GA₂~a2	GA₂~a2	9
o0980404	c	|GA₂~a2×GU₄|	|GA₂~a2×GU₄|	3
o0980409	c	|GA₂~a2×(ŠE₃.GU₄)|	|GA₂~a2×(GU₄.ŠE₃)|	8
o0980410	c	|GA₂~a2×X|	|GA₂~a2×X|	1
o0980412	s	GA₂~a3	GA₂~a3	1
o0980415	s	GA₂~b	GA₂~b	7
o0980416	c	|GA₂~b×DUB~a|	|GA₂~b×DUB~a|	4
o0980421	c	|GA₂~b×ZATU659|	|GA₂~b×ZATU659|	1
o0980422	s	GA₂~c	GA₂~c	1
o0980423	s	GAʾAR~a1	GAʾAR~a1	41
o0980424	s	GAʾAR~a2	GAʾAR~a2	11
o0980425	s	GAʾAR~b1	GAʾAR~b1	1
o0980426	s	GAʾAR~b2	GAʾAR~b2	1
o0980427	s	GADA~a	GADA~a	50
o0980429	s	GADA~b@g	GADA~b@g	1
o0980430	e		-	37
o0980430	s	GAL~a	GAL~a	673
o0980431	s	GAL~b	GAL~b	1
o0980432	s	GALGA~a	GALGA~a	12
o0980434	s	GAN~a	GAN~a	33
o0980435	s	GAN~b	GAN~b	25
o0980436	s	GAN~c	GAN~c	19
o0980437	c	|GAN~c×DIN|	|GAN~c×DIN|	1
o0980440	c	|GAN~c×KAŠ~c|	|GAN~c×KAŠ~c|	2
o0980441	c	|GAN~c×(KUR~a.A)|	|GAN~c×(KUR~a.A)|	1
o0980444	c	|GAN~c×SIG₇|	|GAN~c×SIG₇|	1
o0980447	c	|GAN~c×X|	|GAN~c×X|	1
o0980448	c	|GAN~c×ZATU777|	|GAN~c×ZATU777|	1
o0980451	c	|GAN~d×GEŠTU~a|	|GAN~d×GEŠTU~a|	1
o0980453	s	GAN₂	GAN₂	32
o0980454	e		-	2
o0980454	s	GAR	GAR	70
o0980456	s	GAR@g~b	GAR@g~b	2
o0980457	s	GAR@g~c	GAR@g~c	2
o0980459	s	GARA₂~a	GARA₂~a	34
o0980461	s	GAZI	GAZI	14
o0980462	s	GEŠTIN~a	GEŠTIN~a	6
o0980467	s	GEŠTU~a	GEŠTU~a	8
o0980469	s	GEŠTU~b	GEŠTU~b	16
o0980470	s	GEŠTU~c3	GEŠTU~c3	3
o0980472	e		-	8
o0980472	s	GI	GI	209
o0980474	c	|GI×GIŠ@t|	|GI×GIŠ@t|	1
o0980479	c	|GI×ŠE₃|	|GI×ŠE₃|	4
o0980482	c	|GI×1(N58@t)|	|GI×1(N58)@t|	2
o0980483	c	|GI&GI|	|GI&GI|	45
o0980487	c	|GI&GI&GI|	|GI&GI&GI|	1
o0980489	s	GI₄~a	GI₄~a	8
o0980490	c	|GI₄~a×A|	|GI₄~a×A|	1
o0980492	s	GI₄~b	GI₄~b	1
o0980494	s	GI₆	GI₆	53
o0980495	s	GIBIL	GIBIL	18
o0980497	s	|NE~c.GI|	GIBIL₆	2
o0980500	e		-	1
o0980500	s	GIR~a	GIR~a	10
o0980501	c	|GIR~a.KU₆~a|	|GIR~a.KU₆~a|	1
o0980502	e		-	8
o0980502	s	GIR~b	GIR~b	2
o0980503	c	|GIR~b.GIR~b|	|GIR~b.GIR~b|	4
o0980504	s	GIR~c	GIR~c	3
o0980506	s	GIR₂~a	GIR₂~a	51
o0980508	s	GIR₃~a	GIR₃~a	3
o0980511	e		-	2
o0980511	s	GIR₃~c	GIR₃~c	22
o0980513	c	|GIR₃~c×ŠE₃|	|GIR₃~c×ŠE₃|	1
o0980515	s	GIR₃@g~b	GIR₃@g~b	4
o0980516	s	GIR₃@g~c	GIR₃@g~c	2
o0980520	e		-	18
o0980520	s	GIŠ	GIŠ	286
o0980521	c	|GIŠ.TE|	|GIŠ.TE|	18
o0980522	c	|(GIŠ×(DIN.DIN))~a|	|(GIŠ×(DIN.DIN))~a|	4
o0980524	c	|(GIŠ×(DIN.DIN))~c|	|(GIŠ×(DIN.DIN))~c|	1
o0980525	c	|(GIŠ×ŠU₂)~a|	|GIŠ×ŠU₂~a|	13
o0980526	c	|(GIŠ×ŠU₂)~b|	|GIŠ×ŠU₂~b|	12
o0980528	s	GIŠ@t	GIŠ@t	17
o0980531	c	|GIŠ₃~a&GIŠ₃~a|	|GIŠ₃~a&GIŠ₃~a|	2
o0980532	s	GIŠ₃~b	GIŠ₃~b	6
o0980533	s	GIŠGAL	GIŠGAL	8
o0980535	s	GIŠIMMAR~a2	GIŠIMMAR~a2	4
o0980537	s	GIŠIMMAR~b1	GIŠIMMAR~b1	26
o0980539	s	GIŠIMMAR~b3	GIŠIMMAR~b3	1
o0980541	s	GU	GU	31
o0980542	s	GU₂	GU₂	2
o0980543	s	GU₄	GU₄	84
o0980547	s	GU₇	GU₇	139
o0980548	s	GUB₃~a	GUB₃~a	2
o0980549	s	GUB₃~b	GUB₃~b	1
o0980550	s	GUB₃~c	GUB₃~c	2
o0980551	s	GUB₃~d	GUB₃~d	1
o0980552	e		-	5
o0980552	s	GUG₂	GUG₂	27
o0980560	s	GUKKAL~c	GUKKAL~c	6
o0980562	s	GUL	GUL	12
o0980563	s	GUM~a	GUM~a	1
o0980564	s	GUM~b	GUM~b	17
o0980565	s	GUM~b@n	GUM~b@n	1
o0980567	s	GUN₃~b	GUN₃~b	4
o0980568	s	GUR	GUR	1
o0980569	s	GURUŠ~a	GURUŠ~a	12
o0980574	s	GURUŠDA	GURUŠDA	15
o0980575	s	HAL	HAL	33
o0980576	s	HALUB	HALUB	11
o0980577	s	HAŠHUR	HAŠHUR	18
o0980578	c	|HAŠHUR×MA|	|HAŠHUR×MA|	1
o0980579	e		-	2
o0980579	s	HI	HI	151
o0980580	c	|HI.SUHUR|	|HI.SUHUR|	2
o0980585	c	|HI×1(N57)|	|HI×1(N57)|	1
o0980587	c	|HI×1(N57@t)|	|HI×1(N57)@t|	1
o0980590	s	HI@g~a	HI@g~a	27
o0980591	s	HI@g~b	HI@g~b	6
o0980592	s	HI@g~c	HI@g~c	1
o0980594	s	I	I	9
o0980595	e		-	45
o0980595	s	IB~a	IB~a	113
o0980596	s	IB~a@n	IB~a@n	1
o0980599	s	IDIGNA	IDIGNA	11
o0980600	s	IG~a	IG~a	1
o0980601	s	IG~b	IG~b	1
o0980605	s	|NAGAR~b.BU~a|	ILDUM~b	4
o0980606	s	IM~a	IM~a	43
o0980608	s	IM~b	IM~b	8
o0980609	s	IN~b	IN~b	16
o0980610	s	IN~d	IN~d	1
o0980611	e		-	1
o0980611	s	IR~a	IR~a	40
o0980612	c	|IR~a.GA₂~a1|	|IR~a.GA₂~a1|	1
o0980613	s	IR~b	IR~b	2
o0980616	s	|UŠ~a.KUR~a|	IR₁₁	3
o0980617	s	IRHAN	IRHAN	1
o0980618	s	IŠ~a	IŠ~a	10
o0980619	s	IŠ~b	IŠ~b	36
o0980621	e		-	1
o0980621	s	KA~a	KA~a	38
o0980622	c	|KA~a.ŠE~a|	|KA~a.ŠE~a|	1
o0980623	c	|KA~a×SAR~a|	|KA~a×SAR~a|	1
o0980624	s	KA₂~a	KA₂~a	1
o0980625	s	KA₂~b	KA₂~b	3
o0980628	c	|KA₂~d×LAM~b|	|KA₂×LAM|	15
o0980629	s	KAB	KAB	46
o0980631	s	KAD₄~a	KAD₄~a	9
o0980632	s	KAD₄~b	KAD₄~b	2
o0980635	e		-	3
o0980635	s	KAK~a	KAK~a	22
o0980636	c	|KAK~a.GA₂~a1|	|KAK~a.GA₂~a1|	3
o0980638	s	KAL~a	KAL~a	5
o0980639	s	KAL~b1	KAL~b1	1
o0980640	s	KAL~b2	KAL~b2	6
o0980641	s	KALAM~a	KALAM~a	5
o0980642	s	KALAM~b	KALAM~b	20
o0980643	s	KALAM~c	KALAM~c	1
o0980644	s	KALAM~d	KALAM~d	1
o0980645	s	KALAM~e	KALAM~e	1
o0980646	s	KALAM~f	KALAM~f	1
o0980650	s	|TE.A|	KAR	4
o0980651	s	KAR₂~a	KAR₂~a	50
o0980652	s	KAR₂~b	KAR₂~b	8
o0980653	s	KASKAL	KASKAL	14
o0980655	s	KAŠ~a	KAŠ~a	16
o0980656	s	KAŠ~b	KAŠ~b	29
o0980659	s	KAŠ~c	KAŠ~c	25
o0980660	s	KAŠ~d	KAŠ~d	4
o0980662	s	KI	KI	163
o0980662	s	KI	KI~a	1
o0980664	c	|KI@n×DUB~a|	|KI@n+DUB~a|	1
o0980665	s	KIB	KIB	7
o0980667	s	KID~a	KID~a	7
o0980668	s	KID~b	KID~b	17
o0980669	s	KID~c	KID~c	1
o0980672	s	KIN	KIN	3
o0980675	e		-	5
o0980675	s	KIN₂~c	KIN₂~c	8
o0980676	s	KIN₂~d	KIN₂~d	1
o0980678	s	|UKKIN~a.GAL~a|	KINGAL	28
o0980680	s	KISAL~a1	KISAL~a1	1
o0980682	s	KISAL~b1	KISAL~b1	47
o0980683	s	KISAL~b2	KISAL~b2	6
o0980685	s	KISAL~b3	KISAL~b3	2
o0980686	s	KISIM~a	KISIM~a	43
o0980687	s	KISIM~b	KISIM~b	16
o0980689	s	KIŠ	KIŠ	28
o0980690	s	KIŠIK~a	KIŠIK~a	13
o0980691	s	KIŠIK~b	KIŠIK~b	3
o0980692	s	KITI	KITI	1
o0980693	s	KU~a	KU~a	1
o0980695	s	KU~b1	KU~b1	18
o0980696	s	KU~b2	KU~b2	23
o0980697	s	KU₃~a	KU₃~a	98
o0980698	s	KU₃~c	KU₃~c	1
o0980699	e		-	2
o0980699	s	KU₆~a	KU₆~a	115
o0980702	c	|KU₆~a+KU₆~a|	|KU₆~a+KU₆~a|	4
o0980707	e		-	42
o0980707	s	KUR~a	KUR~a	48
o0980708	c	|KUR~a.E₂~a|	|KUR~a.E₂~a|	11
o0980712	s	KUR~c	KUR~c	1
o0980714	s	KUR@g~a	KUR@g~a	4
o0980717	s	KUŠU₂~b	KUŠU₂~b	1
o0980718	s	KUŠU₂~c	KUŠU₂~c	2
o0980719	s	KUŠU₂~d	KUŠU₂~d	1
o0980721	s	KUŠU₂~f	KUŠU₂~f	1
o0980722	s	LA~b	LA~b	1
o0980726	s	LA₂	LA₂	32
o0980727	s	LAGAB~a	LAGAB~a	10
o0980732	c	|LAGAB~a×KU₆~a|	|LAGAB~a×KU₆~a|	1
o0980740	c	|LAGAB~a×PA~a|	|LAGAB~a×PA~a|	2
o0980742	c	|LAGAB~a×SIG₇|	|LAGAB~a×SIG₇|	1
o0980743	c	|LAGAB~a×SU~a|	|LAGAB~a×SU~a|	1
o0980744	c	|LAGAB~a×ŠA|	|LAGAB~a×ŠA|	2
o0980745	c	|LAGAB~a×ŠITA~a1|	|LAGAB~a×ŠITA~a1|	3
o0980746	c	|LAGAB~a×TI|	|LAGAB~a×TI|	1
o0980749	c	|LAGAB~a×X|	|LAGAB~a×X|	2
o0980753	s	LAGAB~b	LAGAB~b	19
o0980760	c	|LAGAB~b×PA~a|	|LAGAB~b×PA~a|	1
o0980764	c	|LAGAB~b×U₄|	|LAGAB~b×U₄|	2
o0980767	c	|LAGAB~b&LAGAB~b|	|LAGAB~b×LAGAB~b|	2
o0980768	e		-	2
o0980768	s	LAGAR~a	LAGAR~a	23
o0980769	s	LAGAR~a@r	LAGAR~a@r	1
o0980773	s	|ŠITA~a1.MUD₃~a|	LAHTAN₂	6
o0980780	s	LAL₂~a	LAL₂~a	8
o0980785	s	LAL₃~a	LAL₃~a	2
o0980788	e		-	1
o0980788	s	LAM~a	LAM~a	3
o0980789	s	LAM~b	LAM~b	13
o0980794	s	LI	LI	7
o0980795	s	LIŠ	LIŠ	3
o0980796	e		-	4
o0980796	s	LU₂	LU₂	18
o0980799	s	|LU₂.GAL~a|	LUGAL	4
o0980800	s	LUM	LUM	8
o0980801	s	MA	MA	30
o0980803	c	|MA×MA|	|MA×MA|	1
o0980806	c	|MA×1(N58)|	|MA×1(N58)|	1
o0980810	s	MAH~a	MAH~a	5
o0980813	c	|MAH~a×KU₆~a|	|MAH~a×KU₆~a|	1
o0980814	c	|MAH~a×MAŠ|	|MAH~a×MAŠ|	2
o0980823	c	|MAH~a×X|	|MAH~a×X|	1
o0980830	s	MAR~a	MAR~a	26
o0980832	s	MAR~a@t	MAR~a@t	1
o0980833	s	MAR~b	MAR~b	9
o0980837	c	|MAR~b×X|	|MAR~b×X|	1
o0980838	s	MAŠ	MAŠ	43
o0980839	s	MAŠ₂	MAŠ₂	34
o0980840	s	MAŠ₂@g	MAŠ₂@g	1
o0980841	e		-	43
o0980841	s	ME~a	ME~a	131
o0980842	s	ME~b	ME~b	2
o0980843	s	ME₃	ME₃	3
o0980844	s	MEN~a	MEN~a	13
o0980846	s	MES	MES	34
o0980847	s	MIR~a	MIR~a	20
o0980848	s	MIR~b	MIR~b	10
o0980849	e		-	5
o0980849	s	MU	MU	33
o0980850	s	MUD	MUD	45
o0980851	e		-	6
o0980851	s	MUD₃~a	MUD₃~a	14
o0980852	s	MUD₃~a@g	MUD₃~a@g	2
o0980855	s	MUD₃~c	MUD₃~c	3
o0980856	s	MUD₃~d	MUD₃~d	5
o0980857	s	MUL	MUL	2
o0980858	s	MUN~a1	MUN~a1	2
o0980859	s	MUN~a2	MUN~a2	2
o0980861	s	MUN~a4	MUN~a4	1
o0980862	s	MUN~b	MUN~b	2
o0980864	s	MUNŠUB~b	MUNŠUB~b	1
o0980865	s	MUNU₃	MUNU₃	15
o0980866	s	|SAL.LAGAR~a|	MURUB₂	2
o0980867	s	MUŠ	MUŠ	3
o0980868	e		-	27
o0980868	s	MUŠ₃~a	MUŠ₃~a	123
o0980871	e		-	12
o0980871	s	MUŠEN	MUŠEN	102
o0980877	c	|1(N58).BAD|	|1(N58).BAD~a|	31
o0980879	c	|3(N58).UR₃~b1|	|3(N58).UR₃~b1|	1
o0980880	e		-	7
o0980880	s	NA~a	NA~a	32
o0980884	e		-	3
o0980884	s	NA₂~a	NA₂~a	34
o0980885	s	NA₂~b1	NA₂~b1	2
o0980886	s	NA₂~b2	NA₂~b2	3
o0980888	s	NAB	NAB	6
o0980889	s	NAGA~a	NAGA~a	63
o0980890	c	|NAGA~a×TAK₄~a|	|NAGA~a×TAK₄~a|	1
o0980892	s	NAGAR~a	NAGAR~a	36
o0980893	e		-	4
o0980893	s	NAGAR~b	NAGAR~b	81
o0980896	s	NAM~c	NAM~c	3
o0980897	s	NAM~d	NAM~d	1
o0980898	e		-	111
o0980898	s	NAM₂	NAM₂	233
o0980899	c	|NAM₂×1(N01)|	|NAM₂×1(N01)|	1
o0980900	s	NAM₂@g	NAM₂@g	1
o0980902	s	|EŠDA.NAM₂|	NAMEŠDA	47
o0980903	s	|URI₃~a.NA~a|	NANNA~a	5
o0980904	s	|ŠEŠ~a.NA~a|	NANNA~b	2
o0980905	s	NANŠE~a	NANŠE~a	3
o0980906	s	NANŠE~b	NANŠE~b	5
o0980907	s	NAR	NAR	29
o0980908	e		-	14
o0980908	s	NE~a	NE~a	91
o0980910	e		-	2
o0980912	s	|GIR₃~c.AB~a|	NERGAL~v	1
o0980913	s	NESAG₂~a	NESAG₂~a	23
o0980915	s	NESAG₂~b	NESAG₂~b	9
o0980917	s	NI~a	NI~a	64
o0980921	s	NI~b	NI~b	69
o0980923	c	|NI~b×4(N57)|	|NI~b×4(N57)|	1
o0980924	c	|NI~b×8(N57)|	|NI~b×8(N57)|	1
o0980925	s	NI₂	NI₂	22
o0980926	s	NIGIN	NIGIN	6
o0980927	e		-	2
o0980927	s	NIM~a	NIM~a	27
o0980928	s	NIM~b1	NIM~b1	14
o0980929	s	NIM~b2	NIM~b2	3
o0980932	s	NIMGIR	NIMGIR	28
o0980933	s	|SAL.NAM₂|	NIN	20
o0980934	s	NINDA₂	NINDA₂	4
o0980935	c	|NINDA₂×AN|	|NINDA₂×AN|	1
o0980936	c	|NINDA₂×(AN.HI)|	|NINDA₂×(AN.HI)|	2
o0980937	c	|NINDA₂×(AN.ME~a)|	|NINDA₂×(AN.ME~a)|	1
o0980938	c	|NINDA₂×(AN.X)|	|NINDA₂×(AN.X)|	1
o0980940	c	|NINDA₂×EZEN~b|	|NINDA₂×EZEN~b|	2
o0980941	c	|NINDA₂×GAʾAR~a1|	|NINDA₂×GAʾAR~a1|	1
o0980942	c	|NINDA₂×GAR|	|NINDA₂×GAR|	1
o0980943	c	|NINDA₂×GIŠ|	|NINDA₂×GIŠ|	1
o0980945	c	|NINDA₂×GU₄|	|NINDA₂×GU₄|	1
o0980946	c	|NINDA₂×HI|	|NINDA₂×HI|	2
o0980947	c	|NINDA₂×(HI.AN.ME~a)|	|NINDA₂×(HI.AN.ME~a)|	1
o0980948	c	|NINDA₂×(HI.ME~a)|	|NINDA₂×(HI+ME~a)|	1
o0980949	c	|NINDA₂×(HI.X)|	|NINDA₂×(HI.X)|	1
o0980952	c	|NINDA₂×MAR~b|	|NINDA₂×MAR~b|	1
o0980956	c	|NINDA₂×U₄|	|NINDA₂×U₄|	1
o0980960	c	|NINDA₂×X|	|NINDA₂×X|	2
o0980964	c	|NINDA₂×1(N01)|	|NINDA₂×1(N01)|	1
o0980965	c	|NINDA₂×2(N01)|	|NINDA₂×2(N01)|	1
o0980967	c	|NINDA₂×(1(N06).HI@g~a)|	|NINDA₂×(HI@g~a.1(N06))|	1
o0980969	s	|SAL.NAM₂.EZEN~b×ŠE~a@t.NUN~a.SIG₇|	NINKUM	10
o0980970	s	|E₂~a.NUN~a|	NINLIL	4
o0980971	s	NIR~a	NIR~a	18
o0980972	c	|NIR~a×AN|	|NIR~a×AN|	3
o0980973	s	NIR~b	NIR~b	2
o0980974	s	NU	NU	30
o0980975	s	NU@g	NU@g	4
o0980976	s	NU₁₁	NU₁₁	22
o0980977	c	|NU₁₁&NU₁₁|	|NU₁₁&NU₁₁|	1
o0980979	s	NUMUN	NUMUN	1
o0980981	e		-	55
o0980981	s	NUN~a	NUN~a	291
o0980983	c	|NUN~a+EN~a|	|NUN~a+EN~a|	11
o0980987	s	NUN~b	NUN~b	11
o0980989	c	|NUN~b+EN~a|	|NUN~b+EN~a|	2
o0980990	s	NUN~c	NUN~c	1
o0980992	s	NUNUZ~a0	NUNUZ~a0	1
o0980993	e		-	17
o0980993	s	NUNUZ~a1	NUNUZ~a1	40
o0980995	s	NUNUZ~a2	NUNUZ~a2	1
o0980996	s	NUNUZ~b1	NUNUZ~b1	2
o0980998	s	NUNUZ~c	NUNUZ~c	7
o0980999	e		-	47
o0980999	s	PA~a	PA~a	86
o0981002	s	PAD~a	PAD~a	17
o0981003	s	PAD~b	PAD~b	1
o0981004	e		-	1
o0981004	s	PAP~a	PAP~a	198
o0981007	s	PIRIG~a1	PIRIG~a1	1
o0981010	e		-	22
o0981010	s	PIRIG~b1	PIRIG~b1	57
o0981014	s	PIRIG~b2	PIRIG~b2	1
o0981015	s	PU₂	PU₂	29
o0981016	s	RA	RA	2
o0981017	s	RAD~a	RAD~a	53
o0981018	s	RAD~a@g	RAD~a@g	2
o0981020	s	RAD~b	RAD~b	1
o0981022	s	RI₈~a	RI₈~a	4
o0981023	s	RI₈~b	RI₈~b	1
o0981024	e		-	43
o0981024	s	RU	RU	48
o0981026	s	SA~a	SA~a	11
o0981027	s	SA~c	SA~c	35
o0981028	s	SAG	SAG	148
o0981031	c	|SAG×GEŠTU~b|	|SAG×GEŠTU~b|	2
o0981034	c	|SAG×MA|	|SAG×MA|	1
o0981035	c	|SAG×NAM₂|	|SAG+NAM₂|	1
o0981038	s	SAG@g	SAG@g	1
o0981039	s	SAG@n	SAG@n	6
o0981040	s	SAGŠU	SAGŠU	9
o0981041	e		-	36
o0981041	s	SAL	SAL	173
o0981042	c	|SAL.KUR~a|	|SAL.KUR~a|	4
o0981049	c	|SAL×1(N58)|	|SAL×1(N58)|	1
o0981050	s	SANGA~a	SANGA~a	254
o0981054	s	SAR~a	SAR~a	33
o0981055	c	|SAR~a×ŠE~a|	|SAR~a×ŠE~a|	11
o0981056	s	SAR~b	SAR~b	3
o0981057	s	SAR~c	SAR~c	2
o0981059	s	SI	SI	122
o0981062	c	|SI×GU₄|	|SI×GU₄|	1
o0981065	c	|SI×ŠE₃|	|SI×ŠE₃|	3
o0981068	s	SI₄~a	SI₄~a	29
o0981071	s	SI₄~d	SI₄~d	2
o0981072	s	SI₄~f	SI₄~f	35
o0981073	s	SIG	SIG	41
o0981076	s	SIG₂~a1	SIG₂~a1	10
o0981077	s	SIG₂~a2	SIG₂~a2	11
o0981078	s	SIG₂~a3	SIG₂~a3	8
o0981079	s	SIG₂~a4	SIG₂~a4	1
o0981080	s	SIG₂~b	SIG₂~b	50
o0981082	c	|SIG₂~b&SIG₂~b|	|SIG₂~b.SIG₂~b|	2
o0981083	s	SIG₂~c1	SIG₂~c1	1
o0981084	s	SIG₂~c2	SIG₂~c2	1
o0981085	s	SIG₂~d1	SIG₂~d1	10
o0981086	s	SIG₂~d2	SIG₂~d2	1
o0981089	s	SIG₂~e	SIG₂~e	1
o0981091	e		-	19
o0981091	s	SIG₇	SIG₇	30
o0981093	s	SILA₃~a	SILA₃~a	18
o0981094	c	|SILA₃~a×A|	|SILA₃~a×A|	1
o0981096	c	|SILA₃~a×DUG~a|	|SILA₃~a×DUG~a|	1
o0981098	c	|SILA₃~a×GA~a|	|SILA₃~a×GA~a|	5
o0981099	c	|SILA₃~a×GARA₂~a|	|SILA₃~a×GARA₂~a|	12
o0981100	c	|SILA₃~a×GEŠTU~a|	|SILA₃~a×GEŠTU~a|	1
o0981103	c	|SILA₃~a×HAŠHUR|	|SILA₃~a×HAŠHUR|	1
o0981104	c	|SILA₃~a×HI|	|SILA₃~a×HI|	3
o0981108	c	|SILA₃~a×KAŠ~c|	|SILA₃~a×KAŠ~c|	2
o0981109	c	|SILA₃~a×KAŠ~d|	|SILA₃~a×KAŠ~d|	1
o0981110	c	|SILA₃~a×KU₆~a|	|SILA₃~a×KU₆~a|	1
o0981112	c	|SILA₃~a×MA|	|SILA₃~a×MA|	1
o0981115	c	|SILA₃~a×NAGA~a|	|SILA₃~a×NAGA~a|	2
o0981116	c	|SILA₃~a×NI~a|	|SILA₃~a×NI~a|	6
o0981117	c	|SILA₃~a×NUN~b|	|SILA₃~a×NUN~b|	1
o0981122	c	|SILA₃~a×ŠE~a@t|	|SILA₃~a×ŠE~a@t|	6
o0981123	c	|SILA₃~a×ŠU|	|SILA₃~a×ŠU|	3
o0981124	c	|SILA₃~a×ŠU₂|	|SILA₃~a×ŠU₂|	3
o0981125	c	|SILA₃~a×X|	|SILA₃~a×X|	3
o0981126	c	|SILA₃~a×ZATU629|	|SILA₃~a×ZATU629|	1
o0981127	c	|SILA₃~a×ZATU646|	|SILA₃~a×ZATU646|	1
o0981129	c	|SILA₃~a×1(N57)|	|SILA₃~a×1(N57)|	2
o0981131	s	SILA₃~b	SILA₃~b	4
o0981133	c	|SILA₃~b×GUG₂|	|SILA₃~b×GUG₂|	1
o0981135	c	|SILA₃~b×NI~a|	|SILA₃~b×NI~a|	1
o0981136	c	|SILA₃~b×NI~b|	|SILA₃~b×NI~b|	1
o0981139	c	|SILA₃~c×ZATU687|	|SILA₃~c×ZATU687|	1
o0981141	s	SILA₄~a	SILA₄~a	9
o0981142	s	SILA₄~b	SILA₄~b	12
o0981143	s	SILA₄~c	SILA₄~c	19
o0981144	s	SILA₄~d	SILA₄~d	1
o0981145	s	SILANITA	SILANITA	18
o0981146	s	SIMUG	SIMUG	4
o0981147	s	|PA~a.UDU~a|	SIPA	3
o0981148	s	SU~a	SU~a	102
o0981149	c	|SU~a×1(N58)|	|SU~a×1(N58)|	2
o0981152	s	SU₃	SU₃	2
o0981153	s	SUG	SUG	3
o0981154	s	SUG₅	SUG₅	32
o0981155	s	SUH₃	SUH₃	3
o0981156	e		-	2
o0981156	s	SUHUR	SUHUR	111
o0981157	s	SUHUR@g	SUHUR@g	3
o0981160	s	SUKKAL	SUKKAL	68
o0981161	s	SUKUD	SUKUD	5
o0981162	c	|(SUKUD+SUKUD)~a|	|(SUKUD+SUKUD)~a|	4
o0981163	c	|(SUKUD+SUKUD)~b|	|(SUKUD+SUKUD)~b|	3
o0981167	s	SUKUD@g~b	SUKUD@g~b	1
o0981171	s	SUM~a	SUM~a	15
o0981173	s	SUM~b	SUM~b	6
o0981174	s	SUMAŠ	SUMAŠ	1
o0981175	s	SUR	SUR	2
o0981176	s	|MUŠ₃~a.ERIN|	SUSA	1
o0981177	s	ŠA	ŠA	54
o0981178	c	|(ŠA×HI@g~a)~a|	|(ŠA×HI@g~a)~a|	3
o0981179	c	|(ŠA×HI@g~a)~b|	|(ŠA×HI@g~a)~b|	3
o0981180	s	ŠA@g	ŠA@g	8
o0981181	s	ŠA₃~a1	ŠA₃~a1	37
o0981182	s	ŠA₃~a2	ŠA₃~a2	11
o0981185	s	ŠA₃~c	ŠA₃~c	2
o0981187	s	|PA~a.IB~a|	ŠAB~a	44
o0981188	s	|PAP~a.IB~a|	ŠAB~b	1
o0981189	s	ŠAGAN	ŠAGAN	23
o0981191	e		-	3
o0981191	s	ŠAH₂~a	ŠAH₂~a	13
o0981192	s	ŠAH₂~b	ŠAH₂~b	1
o0981194	s	ŠAKIR~a	ŠAKIR~a	2
o0981195	s	ŠAKIR~b	ŠAKIR~b	7
o0981196	s	ŠAKIR~c	ŠAKIR~c	26
o0981197	s	ŠAM₂	ŠAM₂	22
o0981198	s	|GAL~a.NIM~a|	ŠANDANA~a	2
o0981200	e		-	45
o0981200	s	ŠE~a	ŠE~a	171
o0981202	c	|ŠE~a.KIN₂~c|	|ŠE~a.KIN₂~c|	5
o0981203	c	|ŠE~a.NAM₂|	|ŠE~a.NAM₂|	34
o0981204	c	|ŠE~a&ŠE~a|	|ŠE~a&ŠE~a|	11
o0981205	s	ŠE~a@t	ŠE~a@t	4
o0981206	s	ŠE~b	ŠE~b	2
o0981208	s	ŠE₃	ŠE₃	69
o0981209	s	ŠE₃@t	ŠE₃@t	7
o0981210	s	ŠEG₉	ŠEG₉	1
o0981211	s	|ŠE~a.GUG₂|	ŠELU	5
o0981212	s	ŠEN~a	ŠEN~a	8
o0981213	s	ŠEN~b	ŠEN~b	39
o0981214	s	ŠEN~c	ŠEN~c	1
o0981215	s	ŠEN~c@t	ŠEN~c@t	18
o0981217	c	|ŠEN~d×A|	|ŠEN~d×A|	1
o0981218	s	ŠEN~e	ŠEN~e	4
o0981219	s	ŠENNUR~a	ŠENNUR~a	9
o0981220	s	ŠENNUR~b	ŠENNUR~b	1
o0981221	e		-	2
o0981221	s	ŠEŠ~a	ŠEŠ~a	1
o0981223	s	ŠIDIM	ŠIDIM	13
o0981225	s	ŠIM~a	ŠIM~a	37
o0981227	s	ŠIR~a	ŠIR~a	5
o0981229	e		-	6
o0981229	s	ŠITA~a1	ŠITA~a1	123
o0981230	c	|ŠITA~a1×KAK~a|	|ŠITA~a1×KAK~a|	2
o0981231	c	|ŠITA~a1×ŠU|	|ŠITA~a1×ŠU|	2
o0981235	s	ŠITA~a2	ŠITA~a2	1
o0981236	s	ŠITA~a3	ŠITA~a3	12
o0981237	s	ŠITA~b1	ŠITA~b1	10
o0981238	s	ŠITA~b2	ŠITA~b2	3
o0981240	s	ŠITA~b3	ŠITA~b3	1
o0981243	s	ŠITA@g~a	ŠITA@g~a	6
o0981245	c	|ŠITA@g~a×1(N06)|	|ŠITA@g~a×1(N06)|	1
o0981246	s	ŠITA@g~b	ŠITA@g~b	1
o0981247	s	ŠU	ŠU	168
o0981248	c	|ŠU×1(N58)|	|ŠU×1(N58)|	1
o0981249	c	|ŠU&ŠU|	|ŠU&ŠU|	4
o0981250	s	ŠU@g	ŠU@g	3
o0981252	e		-	27
o0981252	s	ŠU₂	ŠU₂	78
o0981254	c	|ŠU₂.E₂~a|	|ŠU₂.E₂~a|	3
o0981255	c	|ŠU₂.E₂~b|	|ŠU₂.E₂~b|	2
o0981256	c	|ŠU₂.EN~a|	|ŠU₂.EN~a|	13
o0981259	c	|ŠU₂.(HI×1(N57))&(HI×1(N57))|	|ŠU₂.((HI+1(N57))+(HI+1(N57)))|	1
o0981261	c	|ŠU₂.URI₃~a|	|ŠU₂.URI₃~a|	1
o0981266	s	ŠU₁₂	ŠU₁₂	1
o0981267	e		-	15
o0981267	s	ŠUBUR	ŠUBUR	108
o0981268	s	ŠUM	ŠUM	5
o0981270	s	ŠUR₂~a	ŠUR₂~a	3
o0981271	s	ŠUR₂~b	ŠUR₂~b	2
o0981273	s	|KUR~a.RU|	ŠURUPPAK~a	23
o0981274	s	|3(N57).RU|	ŠURUPPAK~b	5
o0981276	s	TA~a	TA~a	1
o0981278	s	TA~c	TA~c	6
o0981279	s	TA~d	TA~d	1
o0981281	s	TA~e	TA~e	1
o0981283	s	TAG~a1	TAG~a1	5
o0981285	s	TAG~a2	TAG~a2	6
o0981286	s	TAG~a3	TAG~a3	2
o0981287	s	TAG~a4	TAG~a4	1
o0981288	s	TAG~b	TAG~b	9
o0981289	s	TAG~c	TAG~c	1
o0981290	s	TAG~d	TAG~d	1
o0981291	s	TAK₄~a	TAK₄~a	70
o0981293	s	TAK₄~c	TAK₄~c	2
o0981294	s	TAR~a	TAR~a	20
o0981296	e		-	22
o0981296	s	TE	TE	94
o0981297	s	TI	TI	21
o0981298	s	TI@g	TI@g	1
o0981299	s	TI@r	TI@r	1
o0981300	s	TI@t	TI@t	3
o0981301	s	|GIR₃~c.PIRIG~b1|	TIDNUM	1
o0981302	s	TILLA₂	TILLA₂	4
o0981303	s	TU~a	TU~a	10
o0981304	s	TU~b	TU~b	14
o0981306	e		-	21
o0981306	s	TUG₂~a	TUG₂~a	131
o0981307	c	|TUG₂~a.BAD&BAD|	|TUG₂~a.(BAD&BAD)|	21
o0981308	s	TUG₂~a@g	TUG₂~a@g	17
o0981310	s	TUG₂~c	TUG₂~c	1
o0981312	s	TUM~a	TUM~a	11
o0981314	s	TUM~b	TUM~b	2
o0981315	s	TUM~c	TUM~c	1
o0981317	s	TUN₃~a	TUN₃~a	33
o0981318	s	TUN₃~b	TUN₃~b	3
o0981319	s	TUN₃~c	TUN₃~c	2
o0981320	s	TUR	TUR	128
o0981322	s	TUR@g	TUR@g	3
o0981323	s	TUR₃~a	TUR₃~a	67
o0981326	s	TUR₃~b	TUR₃~b	3
o0981329	s	U₂~a	U₂~a	52
o0981330	s	U₂~b	U₂~b	50
o0981332	e		-	40
o0981332	s	U₄	U₄	156
o0981333	c	|U₄.ŠU₂|	|U₄.ŠU₂|	7
o0981334	c	|U₄.1(N08)|	|U₄.1(N08)|	22
o0981335	c	|U₄.2(N08)|	|U₄.2(N08)|	3
o0981336	c	|U₄.3(N08)|	|U₄.3(N08)|	3
o0981338	c	|U₄.5(N08)|	|U₄.5(N08)|	1
o0981339	c	|U₄.6(N08)|	|U₄.6(N08)|	1
o0981340	c	|U₄.7(N08)|	|U₄.7(N08)|	1
o0981341	c	|U₄.8(N08)|	|U₄.8(N08)|	1
o0981352	c	|U₄×1(N01)|	|U₄×1(N01)|	9
o0981355	c	|U₄×2(N01)|	|U₄×2(N01)|	3
o0981355	e		-	1
o0981357	c	|U₄×2(N01).2(N14)|	|U₄×2(N01).2(N14)|	1
o0981359	c	|U₄×3(N01)|	|U₄×3(N01)|	2
o0981361	c	|U₄×4(N01)|	|U₄×4(N01)|	3
o0981372	c	|U₄×(1(N14).2(N01))|	|U₄×(1(N14).2(N01))|	1
o0981375	c	|U₄×(1(N14).4(N01))|	|U₄×(1(N14).4(N01))|	1
o0981380	c	|U₄×(3(N14).7(N01))|	|U₄×(3(N14).7(N01))|	1
o0981381	c	|U₄×1(N57)|	|U₄×1(N57)|	75
o0981382	c	|U₄×2(N57)|	|U₄×2(N57)|	15
o0981383	c	|U₄×3(N57)|	|U₄×3(N57)|	4
o0981384	c	|U₄×4(N57)|	|U₄×4(N57)|	3
o0981385	c	|U₄×5(N57)|	|U₄×5(N57)|	2
o0981386	c	|U₄×6(N57)|	|U₄×6(N57)|	4
o0981387	c	|U₄×7(N57)|	|U₄×7(N57)|	1
o0981388	c	|U₄×8(N57)|	|U₄×8(N57)|	1
o0981389	c	|U₄×10(N57)|	|U₄×10(N57)|	2
o0981390	c	|U₄×1(N58@t)|	|U₄×1(N58)@t|	1
o0981391	s	U₄@t	U₄@t	1
o0981392	s	U₈	U₈	34
o0981393	c	|U₈×TAR~b|	|(U₈×TAR)~b|	1
o0981394	s	UB	UB	37
o0981396	s	UBI~c	UBI~c	3
o0981398	s	UD₅~a	UD₅~a	30
o0981399	s	UD₅~a@g	UD₅~a@g	1
o0981402	e		-	3
o0981402	s	UDU~a	UDU~a	121
o0981403	c	|UDU~a×TAR~a|	|(UDU~a×TAR)~a|	1
o0981404	c	|UDU~a×TAR~b|	|(UDU~a×TAR)~b|	10
o0981406	s	UDU~c	UDU~c	4
o0981407	s	UDUNITA~a	UDUNITA~a	32
o0981411	s	UH₃~a	UH₃~a	4
o0981412	s	UH₃~a@t	UH₃~a@t	1
o0981413	s	UH₃~b	UH₃~b	1
o0981414	e		-	28
o0981414	s	UKKIN~a	UKKIN~a	22
o0981415	s	UKKIN~b	UKKIN~b	9
o0981417	c	|UKKIN~b×(DIN.1(N01))|	|UKKIN~b×(DIN.1(N01))|	1
o0981419	c	|UKKIN~b×HI@g~a|	|UKKIN~b×HI@g~a|	1
o0981420	c	|UKKIN~b×NI~a|	|UKKIN~b×NI~a|	2
o0981421	c	|UKKIN~b×X|	|UKKIN~b×X|	1
o0981422	c	|UKKIN~b×2(N01)|	|UKKIN~b×2(N01)|	1
o0981423	c	|UKKIN~b×3(N01)|	|UKKIN~b×3(N01)|	1
o0981424	c	|UKKIN~b×5(N01)|	|UKKIN~b×5(N01)|	1
o0981427	s	UMBIN~a	UMBIN~a	5
o0981431	s	UMUN₂	UMUN₂	77
o0981432	s	UNUG~a	UNUG~a	73
o0981435	s	UNUG~b	UNUG~b	1
o0981437	s	UR~a	UR~a	13
o0981440	s	UR~b	UR~b	1
o0981442	s	UR₂	UR₂	17
o0981443	c	|UR₂×TAR~c|	|UR₂×TAR|	2
o0981444	c	|UR₂×1(N57)|	|UR₂×1(N57)|	6
o0981446	s	UR₃~a2	UR₃~a2	6
o0981447	s	UR₃~a3	UR₃~a3	5
o0981448	e		-	1
o0981448	s	UR₃~b1	UR₃~b1	2
o0981450	s	UR₃~b2	UR₃~b2	5
o0981452	s	UR₄~a	UR₄~a	8
o0981453	s	UR₄~b	UR₄~b	9
o0981454	s	UR₄~c	UR₄~c	1
o0981455	s	UR₅~a	UR₅~a	11
o0981456	s	UR₅~b	UR₅~b	4
o0981457	s	URI	URI	13
o0981459	e		-	6
o0981459	s	URI₃~a	URI₃~a	27
o0981462	s	URI₅	URI₅	4
o0981463	s	URU~a1	URU~a1	37
o0981482	s	URUDU~a	URUDU~a	14
o0981487	s	URUDU@g~c	URUDU@g~c	2
o0981488	s	URUDU@g~d	URUDU@g~d	2
o0981489	e		-	3
o0981489	s	UŠ~a	UŠ~a	18
o0981491	s	UŠ~b	UŠ~b	3
o0981495	s	|GAL~a.BUR₂|	UŠUMGAL	3
o0981497	s	UŠUR₃~b1	UŠUR₃~b1	1
o0981498	s	UŠUR₃~b2	UŠUR₃~b2	1
o0981499	s	UTUA~a	UTUA~a	9
o0981501	s	UTUA~b	UTUA~b	7
o0981502	s	UTUL~a	UTUL~a	18
o0981509	s	ZA~v	ZA~v	9
o0981510	s	|MUŠ₃~a.AB~a|	ZABALAM~a	26
o0981513	s	ZAG~a	ZAG~a	48
o0981515	s	ZAG~c	ZAG~c	2
o0981516	s	ZAR~a	ZAR~a	2
o0981519	s	ZAR~c	ZAR~c	1
o0981520	s	ZI~a	ZI~a	42
o0981522	s	ZI~d	ZI~d	2
o0981524	s	ZUBI~a	ZUBI~a	1
o0981527	s	ZATU621~a	ZATU621~a	1
o0981532	s	ZATU623	ZATU623	4
o0981533	s	ZATU624~a	ZATU624~a	2
o0981534	s	ZATU624~b	ZATU624~b	1
o0981536	s	ZATU625	ZATU625	7
o0981541	s	ZATU628~a	ZATU628~a	6
o0981543	s	ZATU629	ZATU629	5
o0981544	s	ZATU630	ZATU630	1
o0981549	s	ZATU633~a	ZATU633~a	2
o0981550	s	ZATU633~b	ZATU633~b	2
o0981554	s	ZATU637	ZATU637	1
o0981560	s	ZATU644~a	ZATU644~a	8
o0981562	s	ZATU644~b	ZATU644~b	2
o0981563	s	ZATU646	ZATU646	2
o0981564	s	ZATU647	ZATU647	50
o0981565	s	ZATU648	ZATU648	31
o0981566	s	ZATU649	ZATU649	33
o0981568	s	ZATU651	ZATU651	1
o0981569	c	|ZATU651×AN|	|ZATU651×AN|	1
o0981570	c	|ZATU651×EN~a|	|ZATU651×EN~a|	18
o0981571	c	|ZATU651×GAR|	|ZATU651×GAR|	5
o0981573	c	|ZATU651×NUN~a|	|ZATU651×NUN~a|	10
o0981575	c	|ZATU651×X|	|ZATU651×X|	2
o0981577	s	ZATU651@g	ZATU651@g	7
o0981578	s	ZATU659	ZATU659	27
o0981579	c	|ZATU659×1(N01)|	|ZATU659×1(N01)|	4
o0981581	c	|ZATU659×1(N58@t)|	|ZATU659×1(N58)@t|	1
o0981583	s	ZATU662	ZATU662	14
o0981584	c	|ZATU662×1(N14)|	|ZATU662×1(N14)|	5
o0981585	s	ZATU664	ZATU664	1
o0981595	s	ZATU675~b	ZATU675~b	2
o0981597	s	ZATU675~d	ZATU675~d	1
o0981598	s	ZATU676~a	ZATU676~a	2
o0981599	s	ZATU676~b	ZATU676~b	1
o0981603	s	ZATU679	ZATU679	2
o0981606	s	ZATU680~b	ZATU680~b	2
o0981609	s	ZATU681	ZATU681	8
o0981610	s	ZATU682	ZATU682	2
o0981614	s	ZATU684	ZATU684	1
o0981616	s	ZATU686~a	ZATU686~a	19
o0981617	s	ZATU686~b	ZATU686~b	6
o0981618	s	ZATU686~c	ZATU686~c	1
o0981619	s	ZATU687	ZATU687	2
o0981630	s	ZATU694~c	ZATU694~c	4
o0981631	s	ZATU694~d	ZATU694~d	1
o0981636	s	ZATU697~a	ZATU697~a	9
o0981637	s	ZATU697~b	ZATU697~b	1
o0981643	s	ZATU702	ZATU702	2
o0981644	s	ZATU703	ZATU703	6
o0981648	s	ZATU707~a	ZATU707~a	8
o0981650	s	ZATU708	ZATU708	1
o0981652	s	ZATU710	ZATU710	3
o0981657	s	ZATU714	ZATU714	7
o0981659	c	|ZATU714×HI@g~a|	|ZATU714×HI@g~a|	3
o0981661	s	ZATU717	ZATU717	1
o0981662	s	ZATU718	ZATU718	8
o0981663	s	ZATU719	ZATU719	1
o0981668	s	ZATU724	ZATU724	1
o0981669	s	ZATU725	ZATU725	11
o0981671	s	ZATU726~c	ZATU726~c	3
o0981672	s	ZATU726~d	ZATU726~d	3
o0981673	s	ZATU727	ZATU727	1
o0981674	s	ZATU728	ZATU728	5
o0981676	s	ZATU730	ZATU730	1
o0981677	s	ZATU732	ZATU732	7
o0981680	s	ZATU735~a	ZATU735~a	1
o0981681	s	ZATU735~b	ZATU735~b	1
o0981685	s	ZATU737	ZATU737	2
o0981686	c	|ZATU737×AB~a|	|ZATU737×AB~a|	1
o0981687	c	|ZATU737×BU~a|	|ZATU737×BU~a|	1
o0981688	c	|ZATU737×BUR~a|	|ZATU737×BUR~a|	4
o0981689	c	|ZATU737×DI|	|ZATU737×DI|	19
o0981693	c	|ZATU737×GAR|	|ZATU737×GAR|	2
o0981695	c	|ZATU737×NI~a@g|	|ZATU737×NI~a@g|	1
o0981696	c	|ZATU737×NIMGIR|	|ZATU737×NIMGIR|	1
o0981697	c	|ZATU737×SAL|	|ZATU737×SAL|	17
o0981702	c	|ZATU737×U₄|	|ZATU737×U₄|	8
o0981704	c	|ZATU737×X|	|ZATU737×X|	12
o0981706	s	ZATU749~a	ZATU749~a	7
o0981707	s	ZATU749~b	ZATU749~b	8
o0981708	s	ZATU749~c	ZATU749~c	5
o0981709	s	ZATU750	ZATU750	3
o0981710	s	ZATU751~a	ZATU751~a	15
o0981711	s	ZATU751~b	ZATU751~b	2
o0981713	s	ZATU752	ZATU752	53
o0981714	e		-	58
o0981714	s	ZATU753	ZATU753	51
o0981717	s	ZATU755~b	ZATU755~b	2
o0981718	s	ZATU756	ZATU756	5
o0981720	s	ZATU758	ZATU758	3
o0981721	s	ZATU759	ZATU759	15
o0981722	c	|ZATU759×KU₆~a|	|ZATU759×KU₆~a|	4
o0981723	c	|ZATU759×(KU₆~a+KU₆~a)|	|ZATU759×(KU₆~a+KU₆~a)|	1
o0981725	c	|ZATU759×X|	|ZATU759×X|	1
o0981726	c	|ZATU759@t×X|	|ZATU759@t×X|	1
o0981728	s	ZATU762~a	ZATU762~a	2
o0981730	s	ZATU762~b	ZATU762~b	1
o0981731	c	|ZATU762~b×AB~a|	|ZATU762~b×AB~a|	1
o0981732	s	ZATU764	ZATU764	10
o0981737	s	ZATU769	ZATU769	1
o0981739	s	ZATU772	ZATU772	1
o0981740	s	ZATU773~a	ZATU773~a	5
o0981742	s	ZATU774	ZATU774	1
o0981743	s	ZATU775	ZATU775	1
o0981744	s	ZATU776	ZATU776	6
o0981745	s	ZATU777	ZATU777	12
o0981746	s	ZATU778	ZATU778	2
o0981749	s	ZATU781	ZATU781	1
o0981750	s	ZATU782	ZATU782	3
o0981751	s	ZATU783	ZATU783	1
o0981752	s	ZATU784	ZATU784	1
o0981753	s	ZATU785	ZATU785	1
o0981754	s	ZATU786	ZATU786	5
o0981759	s	ZATU792	ZATU792	1
o0981760	s	ZATU795	ZATU795	2
o0981765	s	ZATU801	ZATU801	4
o0981771	s	ZATU806	ZATU806	1
o0981773	s	ZATU808	ZATU808	1
o0981774	s	ZATU809	ZATU809	1
o0981775	s	ZATU810	ZATU810	1
o0981778	s	ZATU813	ZATU813	1
o0981797	s	ZATU835	ZATU835	1
o0981823	n	2(LAGAB~a)	2(LAGAB~a)	2
o0981825	n	4(LAGAB~a)	4(LAGAB~a)	1
o0981828	n	1(N01)	1(N01)	6838
o0981829	n	2(N01)	2(N01)	632
o0981830	n	3(N01)	3(N01)	299
o0981831	n	4(N01)	4(N01)	225
o0981832	n	5(N01)	5(N01)	285
o0981833	n	6(N01)	6(N01)	90
o0981834	n	7(N01)	7(N01)	67
o0981835	n	8(N01)	8(N01)	67
o0981836	n	9(N01)	9(N01)	35
o0981838	n	1(N01@f)	1(N01@f)	11
o0981839	n	2(N01@f)	2(N01@f)	3
o0981842	n	5(N01@f)	5(N01@f)	1
o0981848	n	1(N02)	1(N02)	29
o0981849	n	2(N02)	2(N02)	25
o0981850	n	3(N02)	3(N02)	7
o0981851	n	4(N02)	4(N02)	14
o0981852	n	5(N02)	5(N02)	2
o0981853	n	6(N02)	6(N02)	3
o0981854	n	7(N02)	7(N02)	1
o0981857	n	1(N03)	1(N03)	36
o0981858	n	2(N03)	2(N03)	14
o0981859	n	3(N03)	3(N03)	18
o0981860	n	4(N03)	4(N03)	10
o0981861	n	5(N03)	5(N03)	4
o0981862	n	1(N04)	1(N04)	35
o0981863	n	2(N04)	2(N04)	20
o0981864	n	3(N04)	3(N04)	8
o0981865	n	4(N04)	4(N04)	7
o0981866	n	5(N04)	5(N04)	5
o0981872	n	1(N05)	1(N05)	16
o0981873	n	2(N05)	2(N05)	6
o0981874	n	3(N05)	3(N05)	3
o0981875	n	4(N05)	4(N05)	5
o0981876	n	5(N05)	5(N05)	3
o0981877	n	1(N06)	1(N06)	5
o0981887	n	2(N07A)	2(N07~a)	1
o0981892	e		-	22
o0981892	n	1(N08)	1(N08)	84
o0981893	e		-	3
o0981893	n	2(N08)	2(N08)	5
o0981894	e		-	3
o0981894	n	3(N08)	3(N08)	3
o0981895	n	4(N08)	4(N08)	2
o0981896	e		-	1
o0981897	e		-	1
o0981898	e		-	1
o0981899	e		-	1
o0981912	n	1(N14)	1(N14)	595
o0981913	e		-	1
o0981913	n	2(N14)	2(N14)	268
o0981914	n	3(N14)	3(N14)	165
o0981915	n	4(N14)	4(N14)	69
o0981916	n	5(N14)	5(N14)	67
o0981917	n	6(N14)	6(N14)	22
o0981918	n	7(N14)	7(N14)	20
o0981919	n	8(N14)	8(N14)	19
o0981920	n	9(N14)	9(N14)	7
o0981935	n	1(N15)	1(N15)	4
o0981940	n	1(N16)	1(N16)	2
o0981941	n	1(N17)	1(N17)	1
o0981942	n	1(N18)	1(N18)	7
o0981943	n	2(N18)	2(N18)	6
o0981944	n	3(N18)	3(N18)	4
o0981945	n	4(N18)	4(N18)	1
o0981948	n	7(N18)	7(N18)	1
o0981950	n	9(N18)	9(N18)	2
o0981951	n	1(N19)	1(N19)	13
o0981952	n	2(N19)	2(N19)	14
o0981953	n	3(N19)	3(N19)	11
o0981954	n	4(N19)	4(N19)	10
o0981955	n	5(N19)	5(N19)	6
o0981956	n	6(N19)	6(N19)	3
o0981957	n	7(N19)	7(N19)	4
o0981958	n	8(N19)	8(N19)	4
o0981959	n	9(N19)	9(N19)	2
o0981969	n	1(N20)	1(N20)	6
o0981970	n	2(N20)	2(N20)	3
o0981971	n	3(N20)	3(N20)	6
o0981974	n	6(N20)	6(N20)	3
o0981975	n	7(N20)	7(N20)	2
o0981976	n	8(N20)	8(N20)	1
o0981977	n	9(N20)	9(N20)	1
o0981979	n	2(N21)	2(N21)	2
o0981980	n	3(N21)	3(N21)	1
o0981984	n	1(N22)	1(N22)	1
o0981985	n	2(N22)	2(N22)	2
o0981989	n	1(N23)	1(N23)	1
o0981991	n	3(N23)	3(N23)	1
o0981993	n	7(N23)	7(N23)	1
o0981994	n	1(N24)	1(N24)	49
o0981998	n	1(N24@f)	1(N24@f)	2
o0981999	n	1(N24A)	1(N24~a)	23
o0982000	n	1(N24B)	1(N24~b)	1
o0982001	n	1(N25)	1(N25)	9
o0982002	n	1(N26)	1(N26)	9
o0982004	n	1(N27)	1(N27)	3
o0982005	n	1(N28)	1(N28)	18
o0982007	n	1(N28C)	1(N28~c)	4
o0982008	n	1(N29A)	1(N29~a)	6
o0982014	n	1(N30A)	1(N30~a)	3
o0982017	n	1(N30C)	1(N30~c)	5
o0982023	n	1(N31)	1(N31)	1
o0982026	n	1(N34)	1(N34)	258
o0982028	n	2(N34)	2(N34)	91
o0982029	n	3(N34)	3(N34)	27
o0982030	n	4(N34)	4(N34)	22
o0982031	n	5(N34)	5(N34)	16
o0982032	n	6(N34)	6(N34)	12
o0982033	n	7(N34)	7(N34)	7
o0982034	n	8(N34)	8(N34)	1
o0982035	n	9(N34)	9(N34)	4
o0982042	n	7(N34@f)	7(N34@f)	1
o0982046	n	1(N35)	1(N35)	1
o0982047	n	2(N35)	2(N35)	1
o0982051	n	1(N36)	1(N36)	5
o0982052	n	2(N36)	2(N36)	1
o0982053	n	3(N36)	3(N36)	1
o0982054	n	4(N36)	4(N36)	1
o0982063	n	1(N38)	1(N38)	2
o0982064	n	1(N39A)	1(N39~a)	41
o0982065	n	2(N39A)	2(N39~a)	25
o0982066	n	3(N39A)	3(N39~a)	11
o0982067	n	4(N39A)	4(N39~a)	12
o0982072	n	1(N40)	1(N40)	18
o0982073	n	2(N40)	2(N40)	17
o0982074	n	3(N40)	3(N40)	15
o0982075	n	4(N40)	4(N40)	9
o0982076	n	1(N41)	1(N41)	5
o0982077	n	2(N41)	2(N41)	5
o0982078	n	3(N41)	3(N41)	5
o0982080	n	1(N42A)	1(N42~a)	10
o0982081	n	2(N42A)	2(N42~a)	9
o0982082	n	3(N42A)	3(N42~a)	6
o0982083	n	4(N42A)	4(N42~a)	5
o0982088	n	1(N43)	1(N43)	2
o0982089	n	4(N43)	4(N43)	1
o0982091	n	1(N45)	1(N45)	80
o0982092	n	2(N45)	2(N45)	36
o0982093	n	3(N45)	3(N45)	2
o0982095	n	5(N45)	5(N45)	2
o0982096	n	6(N45)	6(N45)	2
o0982109	n	1(N45A)	1(N45~a)	1
o0982110	n	1(N46)	1(N46)	21
o0982111	n	2(N46)	2(N46)	8
o0982112	n	3(N46)	3(N46)	1
o0982115	n	1(N47)	1(N47)	1
o0982116	n	2(N47)	2(N47)	4
o0982118	n	1(N48)	1(N48)	21
o0982119	n	2(N48)	2(N48)	11
o0982120	n	3(N48)	3(N48)	5
o0982121	n	4(N48)	4(N48)	3
o0982126	n	1(N49)	1(N49)	3
o0982127	n	2(N49)	2(N49)	1
o0982131	n	1(N50)	1(N50)	13
o0982132	n	2(N50)	2(N50)	7
o0982133	n	3(N50)	3(N50)	4
o0982134	n	4(N50)	4(N50)	6
o0982135	n	5(N50)	5(N50)	1
o0982136	n	1(N51)	1(N51)	19
o0982137	n	2(N51)	2(N51)	13
o0982138	n	3(N51)	3(N51)	6
o0982139	n	4(N51)	4(N51)	5
o0982140	n	5(N51)	5(N51)	7
o0982141	n	6(N51)	6(N51)	1
o0982142	n	7(N51)	7(N51)	1
o0982143	n	8(N51)	8(N51)	1
o0982154	n	1(N52)	1(N52)	4
o0982157	n	4(N52)	4(N52)	1
o0982164	n	1(N54)	1(N54)	2
o0982165	n	2(N54)	2(N54)	1
o0982166	n	3(N54)	3(N54)	2
o0982168	n	5(N54)	5(N54)	1
o0982171	n	2(N56)	2(N56)	1
o0982172	e		-	16
o0982172	n	1(N57)	1(N57)	124
o0982173	e		-	14
o0982173	n	2(N57)	2(N57)	35
o0982174	e		-	46
o0982174	n	3(N57)	3(N57)	129
o0982175	e		-	1
o0982175	n	4(N57)	4(N57)	8
o0982176	e		-	1
o0982176	n	5(N57)	5(N57)	16
o0982177	n	6(N57)	6(N57)	6
o0982178	n	7(N57)	7(N57)	6
o0982179	n	8(N57)	8(N57)	2
o0982181	n	10(N57)	10(N57)	1
o0982182	e		-	31
o0982182	n	1(N58)	1(N58)	3
o0982183	n	2(N58)	2(N58)	4
o0982184	e		-	1
o0982184	n	3(N58)	3(N58)	1
o0982185	n	4(N58)	4(N58)	1
o0982188	n	9(N58)	9(N58)	1
o0982189	n	10(N58)	10(N58)	2
o0982190	n	12(N58)	12(N58)	1
o0982191	n	1(N58@t)	1(N58)@t	1
o0982194	n	3(N59)	3(N59)	2
o0982198	n	1(N60)	1(N60)	1
o0982199	n	3(N61)	3(N61)	1
o0982200	n	4(N62)	4(N62)	1
o0982204	c	|3(N57).AMAR|	|3(N57).AMAR|	1
o0982216	c	|4(N57).GAR|	|4(N57).GAR|	1
o0982217	c	|5(N57).GAR|	|5(N57).GAR|	1
o0982223	c	|2(N57).KU₆~a|	|2(N57).KU₆~a|	1
o0982224	c	|1(N57).MUŠEN|	|MUŠEN×1(N57)|	1
o0982225	c	|2(N57).MUŠEN|	|MUŠEN×2(N57)|	11
o0982227	c	|3(N57).NUNUZ~a1|	|3(N57).NUNUZ~a1|	17
o0982229	c	|3(N57).PIRIG~b1|	|3(N57).PIRIG~b1|	21
o0982234	c	|1(N57).ŠAH₂~a|	|1(N57).ŠAH₂~a|	3
o0982235	c	|1(N57).ŠUBUR|	|1(N57).ŠUBUR|	12
o0982236	c	|2(N57).ŠUBUR|	|2(N57).ŠUBUR|	2
o0982237	c	|3(N57).ŠUBUR|	|3(N57).ŠUBUR|	1
o0982246	s	X	X	2545
o0982271	e		-	3
o0982277	e		-	1
