o0980000	s	A	A	102
o0980010	s	AB~a	AB~a	67
o0980012	c	|AB~a×AŠ₂|	|AB~a×AŠ₂|	1
o0980015	c	|AB~a×(ŠE~a&ŠE~a)|	|AB~a×(ŠE~a&ŠE~a)|	3
o0980019	c	|AB~a×1(N04)|	|AB~a×1(N04)|	3
o0980021	s	AB~b	AB~b	12
o0980025	s	AB₂	AB₂	17
o0980028	s	|NUN~a.ME~a|	ABGAL	4
o0980030	s	ABZU	ABZU	2
o0980031	s	AD~a	AD~a	8
o0980034	s	ADAB	ADAB	8
o0980038	s	AK~a	AK~a	5
o0980040	s	AL	AL	14
o0980041	s	ALAN~a	ALAN~a	2
o0980045	s	ALAN~e	ALAN~e	2
o0980050	s	AMA~a	AMA~a	18
o0980051	c	|AMA~a×E₂~a|	|AMA~a×E₂~a|	3
o0980053	s	AMAR	AMAR	10
o0980058	s	AN	AN	150
o0980059	s	ANŠE~a	ANŠE~a	1
o0980061	s	ANŠE~c	ANŠE~c	1
o0980063	s	ANŠE~f	ANŠE~f	5
o0980065	s	APIN~a	APIN~a	44
o0980067	s	APIN~b	APIN~b	4
o0980069	s	ARARMA₂~a	ARARMA₂~a	2
o0980073	s	ASAR	ASAR	10
o0980075	s	AZ	AZ	3
o0980077	s	BA	BA	102
o0980083	s	BAHAR₂~a	BAHAR₂~a	2
o0980084	s	BAHAR₂~b	BAHAR₂~b	5
o0980085	s	BAHAR₂~c	BAHAR₂~c	5
o0980086	s	BALA~a	BALA~a	1
o0980087	s	BALA~b	BALA~b	1
o0980093	s	BANŠUR~b1	BANŠUR~b1	1
o0980102	s	BAR	BAR	51
o0980105	s	BARA₂~a	BARA₂~a	9
o0980109	s	BIR~a	BIR~a	1
o0980112	e		-	1
o0980112	s	BIR₃~a	BIR₃~a	1
o0980114	s	BIR₃~c	BIR₃~c	1
o0980115	s	BU~a	BU~a	113
o0980117	c	|BU~a+DU₆~a|	|BU~a.DU₆~a|	7
o0980117	c	|BU~a+DU₆~a|	|BU~a+DU₆~a|	12
o0980118	c	|BU~a+KI|	|BU~a+KI|	1
o0980120	c	|BU~a×A|	|BU~a×A|	1
o0980123	c	|(BU~a&BU~a).NA₂~a|	|(BU~a&BU~a).NA₂~a|	4
o0980126	s	BU~b	BU~b	3
o0980128	e		-	1
o0980128	s	BU₃	BU₃	2
o0980128	s	BU₃	BU₃~a	2
o0980130	s	BULUG₃	BULUG₃	19
o0980133	s	BUR~b	BUR~b	1
o0980136	s	BUR₂	BUR₂	1
o0980137	s	DA~a	DA~a	38
o0980143	s	DAH	DAH	2
o0980144	s	DAM	DAM	1
o0980146	s	DAR~a	DAR~a	6
o0980148	s	DAR~b	DAR~b	8
o0980149	s	DAR~c	DAR~c	3
o0980154	c	|DARA₃~c×KAR₂|	|DARA₃~c×KAR₂|	1
o0980158	c	|DARA₃~d×KAR₂~b|	|DARA₃~d×KAR₂|	1
o0980159	s	DARA₄~a1	DARA₄~a1	3
o0980164	s	DARA₄~c1	DARA₄~c1	1
o0980165	s	DARA₄~c2	DARA₄~c2	10
o0980169	s	DARA₄~d	DARA₄~d	1
o0980170	s	DI	DI	8
o0980171	s	DI@t	DI@t	1
o0980172	s	DIB	DIB	2
o0980173	s	DILMUN	DILMUN	5
o0980174	s	DIM~a	DIM~a	3
o0980179	s	DIN	DIN	1
o0980180	c	|DIN×1(N58)|	|DIN+1(N57)|	1
o0980182	s	DU	DU	103
o0980185	s	DU₆~a	DU₆~a	5
o0980188	s	DU₆~b	DU₆~b	5
o0980190	s	DU₇	DU₇	1
o0980193	s	DU₈~c	DU₈~c	13
o0980194	c	|DU₈~c×AB₂|	|DU₈~c×AB₂|	1
o0980195	c	|DU₈~c×AMAR|	|DU₈~c×AMAR|	5
o0980197	c	|DU₈~c×UDU~a|	|DU₈~c×UDU~a|	3
o0980199	s	DU₈~c@g	DU₈~c@g	2
o0980200	s	DUB~a	DUB~a	29
o0980201	s	DUB~b	DUB~b	6
o0980204	s	DUB~d	DUB~d	1
o0980206	s	DUB~f	DUB~f	1
o0980207	s	DUB~h	DUB~h	1
o0980212	s	DUG~a	DUG~a	52
o0980218	c	|DUG~a×U₂~a|	|DUG~a×U₂~a|	1
o0980221	c	|DUG~a×1(N57)|	|DUG~a×1(N57)|	2
o0980222	s	DUG~b	DUG~b	3
o0980238	c	|DUG~b×HI|	|DUG~b×HI|	2
o0980269	c	|DUG~b×(UDU~a×TAR~b)|	|DUG~b×(UDU~a×TAR~b)|	2
o0980282	c	|DUG~b×1(N58)|	|DUG~b×1(N58)|	1
o0980284	s	DUG~c	DUG~c	1
o0980285	c	|DUG~c×1(N57)|	|DUG~c×1(N57)|	1
o0980289	s	DUR~a	DUR~a	1
o0980290	s	DUR~b	DUR~b	1
o0980291	s	DUR₂	DUR₂	6
o0980292	s	E~a	E~a	75
o0980293	s	E~b	E~b	18
o0980297	e		-	1
o0980297	s	E₂~a	E₂~a	102
o0980300	c	|E₂~a×1(N58@t)|	|E₂~a×1(N57)@t|	29
o0980301	e		-	8
o0980301	s	E₂~b	E₂~b	13
o0980303	c	|E₂~b×1(N58@t)|	|E₂~b×1(N57)@t|	2
o0980309	e		-	10
o0980309	s	EN~a	EN~a	239
o0980312	s	EN~c	EN~c	4
o0980317	e		-	6
o0980317	s	EN₂	EN₂	2
o0980320	s	|EN~a.ME~a.MU|	ENDIB	1
o0980321	s	|EN~a.ME~a.GI|	ENGIZ	1
o0980326	s	ERIM~a	ERIM~a	19
o0980329	s	|NE~a.RU|	ERIM₂	1
o0980330	s	ERIN	ERIN	17
o0980331	e		-	12
o0980331	s	EŠDA	EŠDA	2
o0980333	s	EŠGAR	EŠGAR	5
o0980334	s	EZEN~a	EZEN~a	1
o0980336	c	|EZEN~a×EN~b|	|EZEN~a×EN~b|	1
o0980337	c	|EZEN~a×(HI×1(N57).AN)|	|EZEN~a×(HI.1(N57).AN)|	1
o0980339	c	|EZEN~a×KAŠ~b|	|EZEN~a×KAŠ~b|	2
o0980346	c	|EZEN~a×SU~a|	|EZEN~a×SU~a|	1
o0980350	s	EZEN~b	EZEN~b	5
o0980353	s	EZEN~b@t	EZEN~c	2
o0980354	s	EZINU~a	EZINU~a	2
o0980358	e		-	1
o0980358	s	GA~a	GA~a	17
o0980359	c	|GA~a.ZATU753|	|GA~a.ZATU753|	1
o0980361	s	GA~b	GA~b	3
o0980365	s	GA₂~a1	GA₂~a1	19
o0980367	c	|GA₂~a1×E₂~a|	|GA₂~a×E₂~a|	1
o0980370	c	|GA₂~a1×GEŠTU~a|	|GA₂~a1×GEŠTU~a|	1
o0980378	c	|GA₂~a1×HI|	|GA₂~a1×HI|	1
o0980382	c	|GA₂~a1×(KU₆~a.KU₆~a)|	|GA₂~a1×(KU₆~a.KU₆~a)|	1
o0980399	c	|GA₂~a1×X|	|GA₂~a1×X|	1
o0980403	s	GA₂~a2	GA₂~a2	4
o0980415	s	GA₂~b	GA₂~b	1
o0980419	c	|GA₂~b×KU₆~a|	|GA₂~b×KU₆~a|	1
o0980427	s	GADA~a	GADA~a	4
o0980430	e		-	5
o0980430	s	GAL~a	GAL~a	90
o0980431	s	GAL~b	GAL~b	3
o0980436	s	GAN~c	GAN~c	2
o0980442	c	|GAN~c×LAGAB~b|	|GAN~c×LAGAB~b|	1
o0980449	c	|GAN~c×(4(N57).GAR)|	|GAN~c×(4(N57).GAR)|	1
o0980453	s	GAN₂	GAN₂	63
o0980454	e		-	6
o0980454	s	GAR	GAR	73
o0980459	s	GARA₂~a	GARA₂~a	1
o0980465	s	GEŠTIN~d	GEŠTIN~d	1
o0980466	s	GEŠTIN~e	GEŠTIN~e	1
o0980467	s	GEŠTU~a	GEŠTU~a	1
o0980469	s	GEŠTU~b	GEŠTU~b	2
o0980470	s	GEŠTU~c3	GEŠTU~c3	3
o0980472	e		-	1
o0980472	s	GI	GI	78
o0980473	c	|GI×A|	|GI+A|	1
o0980483	c	|GI&GI|	|GI&GI|	12
o0980489	s	GI₄~a	GI₄~a	11
o0980494	s	GI₆	GI₆	10
o0980495	s	GIBIL	GIBIL	33
o0980500	s	GIR~a	GIR~a	1
o0980506	s	GIR₂~a	GIR₂~a	3
o0980508	s	GIR₃~a	GIR₃~a	1
o0980511	s	GIR₃~c	GIR₃~c	19
o0980515	s	GIR₃@g~b	GIR₃@g~b	17
o0980520	e		-	2
o0980520	s	GIŠ	GIŠ	28
o0980521	c	|GIŠ.TE|	|GIŠ.TE|	2
o0980525	c	|(GIŠ×ŠU₂)~a|	|GIŠ×ŠU₂~a|	8
o0980526	c	|(GIŠ×ŠU₂)~b|	|GIŠ×ŠU₂~b|	4
o0980528	s	GIŠ@t	GIŠ@t	6
o0980530	s	GIŠ₃~a	GIŠ₃~a	10
o0980532	s	GIŠ₃~b	GIŠ₃~b	10
o0980533	s	GIŠGAL	GIŠGAL	1
o0980534	s	GIŠIMMAR~a1	GIŠIMMAR~a1	2
o0980535	s	GIŠIMMAR~a2	GIŠIMMAR~a2	1
o0980536	s	GIŠIMMAR~a3	GIŠIMMAR~a3	1
o0980537	s	GIŠIMMAR~b1	GIŠIMMAR~b1	3
o0980541	s	GU	GU~a	13
o0980543	s	GU₄	GU₄	4
o0980546	s	GU₄@g	GU₄@g	1
o0980547	s	GU₇	GU₇	52
o0980548	s	GUB₃~a	GUB₃~a	1
o0980552	s	GUG₂	GUG₂	45
o0980552	s	GUG₂	GUG₂~a	3
o0980562	s	GUL	GUL	2
o0980564	s	GUM~b	GUM~b	7
o0980567	s	GUN₃~b	GUN₃~b	2
o0980568	s	GUR	GUR	1
o0980569	s	GURUŠ~a	GURUŠ~a	3
o0980574	s	GURUŠDA	GURUŠDA	3
o0980574	s	GURUŠDA	GURUŠDA~a	8
o0980575	s	HAL	HAL	27
o0980577	s	HAŠHUR	HAŠHUR	1
o0980579	s	HI	HI	42
o0980585	c	|HI×1(N57)|	|HI×1(N57)|	5
o0980590	s	HI@g~a	HI@g~a	67
o0980590	s	HI@g~a	HI~a@g	5
o0980591	s	HI@g~b	HI@g~b	1
o0980594	s	I	I	8
o0980595	e		-	12
o0980595	s	IB~a	IB~a	13
o0980597	s	IB~b	IB~b	1
o0980598	s	IB~c	IB~c	5
o0980599	s	IDIGNA	IDIGNA	22
o0980600	s	IG~a	IG~a	1
o0980603	s	IL	IL	1
o0980606	s	IM~a	IM~a	16
o0980608	s	IM~b	IM~b	2
o0980609	s	IN~b	IN~b	3
o0980616	s	|UŠ~a.KUR~a|	IR₁₁	1
o0980618	s	IŠ~a	IŠ~a	7
o0980619	s	IŠ~b	IŠ~b	11
o0980621	s	KA~a	KA~a	4
o0980624	s	KA₂~a	KA₂~a	8
o0980629	s	KAB	KAB	11
o0980635	s	KAK~a	KAK~a	6
o0980639	s	KAL~b1	KAL~b1	1
o0980640	s	KAL~b2	KAL~b2	1
o0980641	s	KALAM~a	KALAM~a	3
o0980642	s	KALAM~b	KALAM~b	5
o0980647	s	KALAM~g	KALAM~g	6
o0980648	s	KALAM~h	KALAM~h	2
o0980653	s	KASKAL	KASKAL	6
o0980655	s	KAŠ~a	KAŠ~a	30
o0980656	s	KAŠ~b	KAŠ~b	23
o0980659	s	KAŠ~c	KAŠ~c	14
o0980660	s	KAŠ~d	KAŠ~d	15
o0980662	s	KI	KI	55
o0980663	s	KI@n	KI@n	1
o0980666	s	KIB@g	KIB@g	1
o0980667	s	KID~a	KID~a	1
o0980668	s	KID~b	KID~b	4
o0980669	s	KID~c	KID~c	2
o0980674	s	KIN₂~b	KIN₂~b	1
o0980676	s	KIN₂~d	KIN₂~d	1
o0980678	s	|UKKIN~a.GAL~a|	KINGAL	2
o0980679	s	|SAL.SILA₄~c|	KIR₁₁	4
o0980682	s	KISAL~b1	KISAL~b1	89
o0980683	s	KISAL~b2	KISAL~b2	1
o0980686	s	KISIM~a	KISIM~a	2
o0980687	s	KISIM~b	KISIM~b	6
o0980689	s	KIŠ	KIŠ	33
o0980690	s	KIŠIK~a	KIŠIK~a	3
o0980692	s	KITI	KITI	2
o0980693	s	KU~a	KU~a	2
o0980695	s	KU~b1	KU~b1	8
o0980696	s	KU~b2	KU~b2	1
o0980697	e		-	1
o0980697	s	KU₃~a	KU₃~a	33
o0980699	s	KU₆~a	KU₆~a	61
o0980707	e		-	12
o0980707	s	KUR~a	KUR~a	20
o0980722	s	LA~b	LA	1
o0980726	s	LA₂	LA₂	14
o0980727	s	LAGAB~a	LAGAB~a	1
o0980733	c	|LAGAB~a×(KU₆~a+KU₆~a)|	|LAGAB~a×(KU₆~a+KU₆~a)|	1
o0980744	c	|LAGAB~a×ŠA|	|LAGAB~a×ŠA|	5
o0980745	c	|LAGAB~a×ŠITA~a1|	|LAGAB~a×ŠITA~a1|	13
o0980747	c	|LAGAB~a×U₄|	|LAGAB~a×U₄|	1
o0980752	c	|LAGAB~a×1(N58)|	|LAGAB~a×1(N58)|	1
o0980753	e		-	9
o0980753	s	LAGAB~b	LAGAB~b	51
o0980754	c	|LAGAB~b.TE|	|LAGAB~b.TE|	9
o0980767	c	|LAGAB~b&LAGAB~b|	|LAGAB~b&LAGAB~b|	1
o0980767	c	|LAGAB~b&LAGAB~b|	|LAGAB~b+LAGAB~b|	1
o0980768	e		-	1
o0980768	s	LAGAR~a	LAGAR~a	4
o0980770	s	LAGAR~b1	LAGAR~b1	1
o0980772	s	LAGAR~c	LAGAR~c	1
o0980780	s	LAL₂~a	LAL₂~a	7
o0980782	c	|LAL₂~a×NAGA~a|	|LAL₂~a×NAGA~a|	2
o0980783	c	|LAL₂~a×NIM~b2|	|LAL₂~a×NIM~b2|	2
o0980789	s	LAM~b	LAM~b	5
o0980796	e		-	3
o0980796	s	LU₂	LU₂	4
o0980799	s	|LU₂.GAL~a|	LUGAL	3
o0980801	s	MA	MA	9
o0980810	s	MAH~a	MAH~a	1
o0980814	c	|MAH~a×MAŠ|	|MAH~a×MAŠ|	3
o0980818	c	|MAH~a×TUN₃~c|	|MAH~a×TUN₃~c|	1
o0980830	s	MAR~a	MAR~a	52
o0980833	s	MAR~b	MAR~b	2
o0980837	c	|MAR~b×X|	|MAR~b×X|	1
o0980838	s	MAŠ	MAŠ	31
o0980839	s	MAŠ₂	MAŠ₂	40
o0980841	e		-	6
o0980841	s	ME~a	ME~a	70
o0980843	s	ME₃	ME₃	1
o0980844	s	MEN~a	MEN~a	4
o0980845	s	MEN~b	MEN~b	2
o0980849	e		-	1
o0980849	s	MU	MU	30
o0980850	s	MUD	MUD	20
o0980851	s	MUD₃~a	MUD₃~a	2
o0980858	s	MUN~a1	MUN~a1	13
o0980866	s	|SAL.LAGAR~a|	MURUB₂	1
o0980868	s	MUŠ₃~a	MUŠ₃~a	24
o0980871	e		-	7
o0980871	s	MUŠEN	MUŠEN	43
o0980880	s	NA~a	NA~a	37
o0980884	e		-	4
o0980884	s	NA₂~a	NA₂~a	8
o0980885	s	NA₂~b1	NA₂~b1	2
o0980886	s	NA₂~b2	NA₂~b2	3
o0980887	s	NA₂~c	NA₂~c	1
o0980888	s	NAB	NAB	6
o0980889	s	NAGA~a	NAGA~a	25
o0980892	s	NAGAR~a	NAGAR~a	8
o0980893	s	NAGAR~b	NAGAR~b	2
o0980894	s	NAM~a	NAM~a	2
o0980898	e		-	62
o0980898	s	NAM₂	NAM₂	51
o0980902	s	|EŠDA.NAM₂|	NAMEŠDA	12
o0980906	s	NANŠE~b	NANŠE~b	1
o0980907	s	NAR	NAR	22
o0980908	e		-	1
o0980908	s	NE~a	NE~a	42
o0980913	s	NESAG₂~a	NESAG₂~a	3
o0980915	s	NESAG₂~b	NESAG₂~b	1
o0980917	s	NI~a	NI~a	22
o0980921	s	NI~b	NI~b	1
o0980925	s	NI₂	NI₂	3
o0980927	s	NIM~a	NIM~a	12
o0980928	s	NIM~b1	NIM~b1	16
o0980929	s	NIM~b2	NIM~b2	3
o0980932	s	NIMGIR	NIMGIR	5
o0980933	s	|SAL.NAM₂|	NIN	31
o0980943	c	|NINDA₂×GIŠ|	|NINDA₂×GIŠ|	1
o0980946	c	|NINDA₂×HI|	|NINDA₂×HI|	1
o0980947	c	|NINDA₂×(HI.AN.ME~a)|	|NINDA₂×(HI.AN.ME~a)|	1
o0980954	c	|NINDA₂×NUN~a|	|NINDA₂×NUN~a|	3
o0980963	c	|NINDA₂×ZATU710|	|NINDA₂×ZATU710|	3
o0980971	s	NIR~a	NIR~a	2
o0980973	s	NIR~b	NIR~b	1
o0980974	s	NU	NU	5
o0980975	s	NU@g	NU@g	1
o0980976	s	NU₁₁	NU₁₁	13
o0980978	s	NU₁₁@t	NU₁₁@t	1
o0980979	s	NUMUN	NUMUN	8
o0980981	e		-	4
o0980981	s	NUN~a	NUN~a	39
o0980986	c	|NUN~a+NAM₂|	|NUN~a+NAM₂|	9
o0980987	e		-	1
o0980987	s	NUN~b	NUN~b	3
o0980988	c	|NUN~b.U₄|	|NUN~b.U₄|	1
o0980989	c	|NUN~b+EN~a|	|EN~a+NUN~b|	2
o0980990	s	NUN~c	NUN~c	1
o0980992	s	NUNUZ~a0	NUNUZ~a0	1
o0980993	e		-	1
o0980993	s	NUNUZ~a1	NUNUZ~a1	32
o0980998	e		-	1
o0980998	s	NUNUZ~c	NUNUZ~c	5
o0980999	e		-	10
o0980999	s	PA~a	PA~a	86
o0981004	e		-	6
o0981004	s	PAP~a	PAP~a	199
o0981005	s	PAP~a@t	PAP@t	18
o0981005	s	PAP~a@t	PAP~a@t	3
o0981006	s	PAP~b	PAP~b	1
o0981009	s	PIRIG~a3	PIRIG~a3	1
o0981010	e		-	3
o0981010	s	PIRIG~b1	PIRIG~b1	13
o0981011	c	|PIRIG~b1+DIN|	|PIRIG~b1+DIN|	2
o0981015	s	PU₂	PU₂	1
o0981016	s	RA	RA	1
o0981017	s	RAD~a	RAD~a	13
o0981024	e		-	13
o0981024	s	RU	RU	27
o0981026	s	SA~a	SA~a	1
o0981027	s	SA~c	SA~c	3
o0981028	s	SAG	SAG	52
o0981029	c	|SAG+UKKIN~b×1(N57)|	|SAG×(UKKIN~b×1(N57))|	1
o0981038	s	SAG@g	SAG@g	2
o0981039	s	SAG@n	SAG@n	6
o0981040	s	SAGŠU	SAGŠU	7
o0981041	e		-	38
o0981041	s	SAL	SAL	139
o0981042	c	|SAL.KUR~a|	|SAL.KUR~a|	1
o0981046	c	|SAL.ZATU751~a|	|SAL+ZATU751~a|	1
o0981050	e		-	1
o0981050	s	SANGA~a	SANGA~a	108
o0981053	s	SANGA~e	SANGA~e	1
o0981054	s	SAR~a	SAR~a	10
o0981055	c	|SAR~a×ŠE~a|	|SAR~a×ŠE~a|	3
o0981056	s	SAR~b	SAR~b	2
o0981058	s	SAR~d	SAR~d	1
o0981059	e		-	2
o0981059	s	SI	SI	47
o0981061	c	|SI×EN~a|	|SI×EN~a|	1
o0981063	c	|SI×KU~b1|	|SI×KU~b1|	17
o0981064	c	|SI×SAL|	|SI×SAL|	1
o0981066	c	|SI×TUN₃~a|	|SI×TUN₃~a|	1
o0981067	c	|SI×1(N58)|	|SI×1(N58)|	1
o0981068	s	SI₄~a	SI₄~a	1
o0981072	s	SI₄~f	SI₄~f	17
o0981073	s	SIG	SIG	7
o0981076	s	SIG₂~a1	SIG₂~a	1
o0981077	s	SIG₂~a2	SIG₂~a2	4
o0981078	s	SIG₂~a3	SIG₂~a3	1
o0981080	s	SIG₂~b	SIG₂~b	8
o0981091	s	SIG₇	SIG₇	6
o0981093	s	SILA₃~a	SILA₃~a	1
o0981096	c	|SILA₃~a×DUG~a|	|SILA₃~a×DUG~a|	1
o0981099	c	|SILA₃~a×GARA₂~a|	|SILA₃~a+GARA₂~a|	1
o0981099	c	|SILA₃~a×GARA₂~a|	|SILA₃~a×GARA₂~a|	1
o0981104	c	|SILA₃~a×HI|	|SILA₃~a×HI|	2
o0981107	c	|SILA₃~a×KAŠ~a|	|SILA₃~a+KAŠ~a|	2
o0981107	c	|SILA₃~a×KAŠ~a|	|SILA₃~a×KAŠ~a|	2
o0981110	c	|SILA₃~a×KU₆~a|	|SILA₃~a×KU₆~a|	2
o0981124	c	|SILA₃~a×ŠU₂|	|SILA₃~a×ŠU₂|	1
o0981141	s	SILA₄~a	SILA₄~a	1
o0981142	s	SILA₄~b	SILA₄~b	1
o0981143	e		-	4
o0981143	s	SILA₄~c	SILA₄~c	12
o0981145	s	SILANITA	SILANITA	2
o0981145	s	SILANITA	SILANITA~a	1
o0981146	s	SIMUG	SIMUG	4
o0981147	s	|PA~a.UDU~a|	SIPA	3
o0981148	s	SU~a	SU~a	18
o0981151	s	SU~c	SU~c	1
o0981152	s	SU₃	SU₃	3
o0981153	s	SUG	SUG	1
o0981154	s	SUG₅	SUG₅	20
o0981156	s	SUHUR	SUHUR	36
o0981156	s	SUHUR	SUHUR~a	1
o0981158	s	SUHUR@n	SUHUR@n	1
o0981159	s	SUHUR@t	SUHUR@t	6
o0981160	s	SUKKAL	SUKKAL	14
o0981161	s	SUKUD	SUKUD	1
o0981163	c	|(SUKUD+SUKUD)~b|	|(SUKUD+SUKUD)~b|	2
o0981171	s	SUM~a	SUM~a	7
o0981173	s	SUM~b	SUM~b	2
o0981175	s	SUR	SUR	3
o0981177	s	ŠA	ŠA	15
o0981178	c	|(ŠA×HI@g~a)~a|	|(ŠA×HI@g~a)~a|	2
o0981180	s	ŠA@g	ŠA@g	1
o0981181	s	ŠA₃~a1	ŠA₃~a1	10
o0981182	s	ŠA₃~a2	ŠA₃~a2	4
o0981183	s	ŠA₃~a2@g	ŠA₃~a2@g	1
o0981184	s	ŠA₃~b	ŠA₃~b	1
o0981187	s	|PA~a.IB~a|	ŠAB~a	7
o0981188	s	|PAP~a.IB~a|	ŠAB~b	5
o0981189	s	ŠAGAN	ŠAGAN	8
o0981191	e		-	1
o0981191	s	ŠAH₂~a	ŠAH₂~a	1
o0981194	s	ŠAKIR~a	ŠAKIR~a	1
o0981197	s	ŠAM₂	ŠAM₂	22
o0981200	e		-	19
o0981200	s	ŠE~a	ŠE~a	380
o0981203	c	|ŠE~a.NAM₂|	|ŠE~a.NAM₂|	18
o0981203	c	|ŠE~a.NAM₂|	|ŠE~a+NAM₂|	1
o0981204	c	|ŠE~a&ŠE~a|	|ŠE~a&ŠE~a|	3
o0981205	s	ŠE~a@t	ŠE~a@t	1
o0981206	s	ŠE~b	ŠE~b	1
o0981208	s	ŠE₃	ŠE₃	26
o0981210	s	ŠEG₉	ŠEG₉	17
o0981212	s	ŠEN~a	ŠEN~a	1
o0981213	s	ŠEN~b	ŠEN~b	10
o0981215	s	ŠEN~c@t	ŠEN~c@t	9
o0981218	s	ŠEN~e	ŠEN~e	1
o0981221	s	ŠEŠ~a	ŠEŠ~a	3
o0981223	s	ŠIDIM	ŠIDIM	3
o0981225	s	ŠIM~a	ŠIM~a	8
o0981227	s	ŠIR~a	ŠIR~a	2
o0981228	s	ŠIR~b	ŠIR~b	1
o0981229	s	ŠITA~a1	ŠITA~a1	18
o0981236	s	ŠITA~a3	ŠITA~a3	2
o0981240	s	ŠITA~b3	ŠITA~b3	1
o0981243	s	ŠITA@g~a	ŠITA@g~a	5
o0981247	s	ŠU	ŠU	116
o0981252	e		-	19
o0981252	s	ŠU₂	ŠU₂	14
o0981254	c	|ŠU₂.E₂~a|	|ŠU₂.E₂~a|	1
o0981255	c	|ŠU₂.E₂~b|	|ŠU₂.E₂~b|	8
o0981256	c	|ŠU₂.EN~a|	|ŠU₂.EN~a|	8
o0981260	c	|ŠU₂.PAP~a|	|ŠU₂.PAP~a|	1
o0981263	c	|ŠU₂.1(N24)|	|ŠU₂×1(N24)|	1
o0981267	e		-	8
o0981267	s	ŠUBUR	ŠUBUR	31
o0981268	s	ŠUM	ŠUM	10
o0981269	c	|ŠUR₂×1(N58)|	|ŠUR₂×1(N58)|	4
o0981270	s	ŠUR₂~a	ŠUR₂~a	2
o0981271	s	ŠUR₂~b	ŠUR₂~b	2
o0981273	s	|KUR~a.RU|	ŠURUPPAK~a	10
o0981274	s	|3(N57).RU|	ŠURUPPAK~b	2
o0981276	s	TA~a	TA~a	1
o0981278	s	TA~c	TA~c	8
o0981285	s	TAG~a2	TAG~a2	1
o0981288	s	TAG~b	TAG~b	2
o0981291	s	TAK₄~a	TAK₄~a	11
o0981294	s	TAR~a	TAR~a	47
o0981296	e		-	11
o0981296	s	TE	TE	42
o0981297	s	TI	TI	1
o0981297	s	TI	TI~a	10
o0981299	s	TI@r	TI@r	1
o0981300	s	TI@t	TI@t	4
o0981303	s	TU~a	TU~a	2
o0981304	s	TU~b	TU~b	4
o0981306	s	TUG₂~a	TUG₂~a	10
o0981309	s	TUG₂~b	TUG₂~b	1
o0981312	s	TUM~a	TUM~a	1
o0981315	s	TUM~c	TUM~c	3
o0981316	s	TUM~d	TUM~d	1
o0981317	s	TUN₃~a	TUN₃~a	6
o0981320	s	TUR	TUR	42
o0981322	s	TUR@g	TUR@g	3
o0981323	e		-	1
o0981323	s	TUR₃~a	TUR₃~a	30
o0981324	c	|TUR₃~a.5(N57)|	|TUR₃~a.5(N57)|	1
o0981326	s	TUR₃~b	TUR₃~b	3
o0981329	s	U₂~a	U₂~a	22
o0981330	s	U₂~b	U₂~b	13
o0981332	e		-	19
o0981332	s	U₄	U₄	84
o0981334	c	|U₄.1(N08)|	|U₄.1(N08)|	1
o0981334	c	|U₄.1(N08)|	|U₄+1(N08)|	5
o0981335	c	|U₄.2(N08)|	|U₄.2(N08)|	3
o0981336	c	|U₄.3(N08)|	|U₄.3(N08)|	1
o0981338	c	|U₄.5(N08)|	|U₄.5(N08)|	3
o0981339	c	|U₄.6(N08)|	|U₄.6(N08)|	2
o0981343	c	|U₄.1(N14).1(N08)|	|(U₄+1(N14)).1(N08)|	1
o0981344	c	|U₄.1(N14).3(N08)|	|(U₄+1(N14)).3(N08)|	2
o0981352	c	|U₄×1(N01)|	|U₄×1(N01)|	11
o0981355	c	|U₄×2(N01)|	|U₄×2(N01)|	1
o0981363	c	|U₄×5(N01)|	|U₄×5(N01)|	1
o0981371	c	|U₄×(1(N14).1(N01))|	|U₄×(1(N14).1(N01))|	1
o0981381	c	|U₄×1(N57)|	|U₄×1(N57)|	26
o0981382	c	|U₄×2(N57)|	|U₄×2(N57)|	12
o0981383	c	|U₄×3(N57)|	|U₄×3(N57)|	9
o0981384	c	|U₄×4(N57)|	|U₄×4(N57)|	1
o0981386	c	|U₄×6(N57)|	|U₄×6(N57)|	1
o0981390	c	|U₄×1(N58@t)|	|U₄×1(N58)@t|	1
o0981392	s	U₈	U₈	42
o0981394	s	UB	UB	42
o0981396	s	UBI~c	UBI~c	5
o0981397	s	UBI~d	UBI~d	2
o0981398	s	UD₅~a	UD₅~a	40
o0981402	e		-	3
o0981402	s	UDU~a	UDU~a	104
o0981407	s	UDUNITA~a	UDUNITA~a	44
o0981409	s	UDUNITA~c	UDUNITA~c	6
o0981411	s	UH₃~a	UH₃~a	1
o0981413	s	UH₃~b	UH₃~b	1
o0981414	e		-	2
o0981414	s	UKKIN~a	UKKIN~a	9
o0981415	s	UKKIN~b	UKKIN~b	1
o0981416	c	|UKKIN~b×DIN|	|UKKIN~b×DIN|	1
o0981431	s	UMUN₂	UMUN₂	12
o0981432	s	UNUG~a	UNUG~a	29
o0981435	s	UNUG~b	UNUG~b	4
o0981437	s	UR~a	UR~a	14
o0981440	s	UR~b	UR~b	4
o0981442	s	UR₂	UR₂	17
o0981453	s	UR₄~b	UR₄~b	2
o0981455	s	UR₅~a	UR₅~a	32
o0981457	s	URI	URI	1
o0981459	s	URI₃~a	URI₃~a	13
o0981463	s	URU~a1	URU~a1	47
o0981468	c	|URU~a1×KI|	|URU~a1×KI|	2
o0981471	c	|URU~a1×X|	|URU~a1×X|	1
o0981474	c	|URU~a1×3(N57)|	|URU~a1×3(N57)|	1
o0981477	c	|URU~a2×1(N58)|	|URU~a1+1(N58)|	1
o0981482	s	URUDU~a	URUDU~a	3
o0981483	s	URUDU~c	URUDU~c	1
o0981489	e		-	1
o0981489	s	UŠ~a	UŠ~a	6
o0981499	s	UTUA~a	UTUA~a	11
o0981502	s	UTUL~a	UTUL~a	1
o0981507	s	UZU	UZU	1
o0981508	c	X₂	|2(N57).DU₆~a@n|	1
o0981513	s	ZAG~a	ZAG~a	3
o0981515	s	ZAG~c	ZAG~c	1
o0981520	s	ZI~a	ZI~a	38
o0981532	s	ZATU623	ZATU623	1
o0981536	s	ZATU625	ZATU625	3
o0981541	s	ZATU628~a	ZATU628~a	6
o0981542	s	ZATU628~b	ZATU628~b	1
o0981543	s	ZATU629	ZATU629	1
o0981550	s	ZATU633~b	ZATU633~b	2
o0981555	s	ZATU639	ZATU639	2
o0981560	s	ZATU644~a	ZATU644~a	1
o0981564	s	ZATU647	ZATU647	1
o0981566	s	ZATU649	ZATU649	1
o0981570	c	|ZATU651×EN~a|	|ZATU651×EN~a|	1
o0981571	c	|ZATU651×GAR|	|ZATU651×GAR|	1
o0981578	s	ZATU659	ZATU659	25
o0981579	c	|ZATU659×1(N01)|	|ZATU659×1(N01)|	3
o0981583	s	ZATU662	ZATU662	1
o0981590	s	ZATU669	ZATU669	3
o0981597	s	ZATU675~d	ZATU675~d	1
o0981599	s	ZATU676~b	ZATU676~b	6
o0981609	s	ZATU681	ZATU681	1
o0981610	s	ZATU682	ZATU682	1
o0981616	s	ZATU686~a	ZATU686~a	4
o0981626	s	ZATU693	ZATU693	1
o0981629	s	ZATU694~b	ZATU694~b	1
o0981630	s	ZATU694~c	ZATU694~c	6
o0981631	s	ZATU694~d	ZATU694~d	1
o0981635	s	ZATU696	ZATU696	4
o0981636	s	ZATU697~a	ZATU697~a	1
o0981644	s	ZATU703	ZATU703	1
o0981648	s	ZATU707~a	ZATU707~a	1
o0981652	s	ZATU710	ZATU710	40
o0981653	s	ZATU711	ZATU711	1
o0981657	s	ZATU714	ZATU714	14
o0981659	c	|ZATU714×HI@g~a|	|ZATU714×HI@g~a|	16
o0981662	s	ZATU718	ZATU718	2
o0981667	s	ZATU723	ZATU723	1
o0981669	s	ZATU725	ZATU725	3
o0981672	s	ZATU726~d	ZATU726~d	4
o0981675	s	ZATU729	ZATU729	1
o0981681	s	ZATU735~b	ZATU735~b	1
o0981688	c	|ZATU737×BUR~a|	|ZATU737×BUR~a|	3
o0981688	s	|ZATU737×BUR~a|	GABURRA	3
o0981689	c	|ZATU737×DI|	|ZATU737×DI|	4
o0981693	s	|ZATU737×GAR|	ZATU741	1
o0981697	c	|ZATU737×SAL|	|ZATU737×SAL|	1
o0981702	c	|ZATU737×U₄|	|ZATU737×U₄|	1
o0981707	s	ZATU749~b	ZATU749~b	1
o0981710	e		-	1
o0981710	s	ZATU751~a	ZATU751~a	7
o0981711	s	ZATU751~b	ZATU751~b	1
o0981713	s	ZATU752	ZATU752	16
o0981714	e		-	1
o0981714	s	ZATU753	ZATU753	3
o0981718	s	ZATU756	ZATU756	2
o0981721	s	ZATU759	ZATU759	3
o0981722	c	|ZATU759×KU₆~a|	|ZATU759×KU₆~a|	4
o0981740	s	ZATU773~a	ZATU773~a	21
o0981741	s	ZATU773~b	ZATU773~b	3
o0981744	s	ZATU776	ZATU776	5
o0981745	s	ZATU777	ZATU777	1
o0981756	s	ZATU788	ZATU788	24
o0981758	s	ZATU791	ZATU791	1
o0981760	s	ZATU795	ZATU795	4
o0981767	s	ZATU802~b	ZATU802~b	1
o0981774	s	ZATU809	ZATU809	5
o0981776	s	ZATU811	ZATU811	1
o0981810	s	ZATU847	ZATU847	2
o0981813	s	ZATU850	ZATU850	2
o0981814	s	ZATU851	ZATU851	1
o0981821	s	ZATU858	ZATU858	1
o0981822	s	ZATU859	ZATU859	1
o0981828	n	1(N01)	1(N01)	922
o0981829	n	2(N01)	2(N01)	462
o0981830	n	3(N01)	3(N01)	237
o0981831	n	4(N01)	4(N01)	155
o0981832	n	5(N01)	5(N01)	189
o0981833	n	6(N01)	6(N01)	90
o0981834	n	7(N01)	7(N01)	48
o0981835	n	8(N01)	8(N01)	50
o0981836	n	9(N01)	9(N01)	38
o0981837	n	10(N01)	10(N01)	1
o0981848	n	1(N02)	1(N02)	12
o0981849	n	2(N02)	2(N02)	9
o0981850	n	3(N02)	3(N02)	5
o0981851	n	4(N02)	4(N02)	3
o0981852	n	5(N02)	5(N02)	2
o0981853	n	6(N02)	6(N02)	4
o0981854	n	7(N02)	7(N02)	1
o0981855	n	8(N02)	8(N02)	2
o0981857	n	1(N03)	1(N03)	14
o0981858	n	2(N03)	2(N03)	5
o0981859	n	3(N03)	3(N03)	8
o0981860	n	4(N03)	4(N03)	5
o0981861	n	5(N03)	5(N03)	3
o0981862	n	1(N04)	1(N04)	53
o0981863	n	2(N04)	2(N04)	27
o0981864	n	3(N04)	3(N04)	32
o0981865	n	4(N04)	4(N04)	20
o0981866	n	5(N04)	5(N04)	10
o0981872	n	1(N05)	1(N05)	32
o0981873	n	2(N05)	2(N05)	20
o0981874	n	3(N05)	3(N05)	12
o0981875	n	4(N05)	4(N05)	10
o0981876	n	5(N05)	5(N05)	6
o0981892	e		-	7
o0981892	n	1(N08)	1(N08)	17
o0981893	e		-	3
o0981893	n	2(N08)	2(N08)	4
o0981894	e		-	3
o0981894	n	3(N08)	3(N08)	1
o0981895	n	4(N08)	4(N08)	1
o0981896	e		-	3
o0981896	n	5(N08)	5(N08)	2
o0981897	e		-	2
o0981897	n	6(N08)	6(N08)	1
o0981898	n	7(N08)	7(N08)	1
o0981912	e		-	3
o0981912	n	1(N14)	1(N14)	400
o0981913	n	2(N14)	2(N14)	215
o0981914	n	3(N14)	3(N14)	127
o0981915	n	4(N14)	4(N14)	96
o0981916	n	5(N14)	5(N14)	90
o0981917	n	6(N14)	6(N14)	25
o0981918	n	7(N14)	7(N14)	19
o0981919	n	8(N14)	8(N14)	17
o0981920	n	9(N14)	9(N14)	15
o0981935	n	1(N15)	1(N15)	6
o0981936	n	2(N15)	2(N15)	4
o0981937	n	3(N15)	3(N15)	2
o0981939	n	5(N15)	5(N15)	2
o0981940	n	1(N16)	1(N16)	5
o0981942	n	1(N18)	1(N18)	6
o0981943	n	2(N18)	2(N18)	4
o0981944	n	3(N18)	3(N18)	2
o0981945	n	4(N18)	4(N18)	1
o0981946	n	5(N18)	5(N18)	1
o0981947	n	6(N18)	6(N18)	1
o0981949	n	8(N18)	8(N18)	2
o0981951	n	1(N19)	1(N19)	47
o0981952	n	2(N19)	2(N19)	38
o0981953	n	3(N19)	3(N19)	24
o0981954	n	4(N19)	4(N19)	13
o0981955	n	5(N19)	5(N19)	18
o0981956	n	6(N19)	6(N19)	12
o0981957	n	7(N19)	7(N19)	10
o0981958	n	8(N19)	8(N19)	6
o0981959	n	9(N19)	9(N19)	7
o0981969	n	1(N20)	1(N20)	20
o0981970	n	2(N20)	2(N20)	11
o0981971	n	3(N20)	3(N20)	4
o0981972	n	4(N20)	4(N20)	6
o0981973	n	5(N20)	5(N20)	3
o0981974	n	6(N20)	6(N20)	2
o0981975	n	7(N20)	7(N20)	1
o0981976	n	8(N20)	8(N20)	2
o0981977	n	9(N20)	9(N20)	2
o0981984	n	1(N22)	1(N22)	11
o0981985	n	2(N22)	2(N22)	5
o0981986	n	1(N22~v)	1(N22~v)	1
o0981994	e		-	1
o0981994	n	1(N24)	1(N24)	125
o0981994	n	1(N24)	1(N24′)	7
o0981994	n	1(N24)	1(N24″)	1
o0982000	n	1(N24B)	1(N24~b)	10
o0982001	n	1(N25)	1(N25)	47
o0982002	n	1(N26)	1(N26)	11
o0982004	n	1(N27)	1(N27)	5
o0982005	n	1(N28)	1(N28)	27
o0982006	n	1(N28B)	1(N28~b)	1
o0982007	n	1(N28C)	1(N28~c)	7
o0982008	n	1(N29A)	1(N29)	1
o0982008	n	1(N29A)	1(N29~a)	15
o0982011	n	2(N29AB)	2(N29A~b)	1
o0982012	n	1(N29AC)	1(N29A~c)	2
o0982013	n	1(N29B)	1(N29~b)	4
o0982014	n	1(N30A)	1(N30~a)	31
o0982016	n	1(N30B)	1(N30~b)	1
o0982017	n	1(N30C)	1(N30~c)	27
o0982026	n	1(N34)	1(N34)	95
o0982028	n	2(N34)	2(N34)	47
o0982029	n	3(N34)	3(N34)	18
o0982030	n	4(N34)	4(N34)	17
o0982031	n	5(N34)	5(N34)	17
o0982032	n	6(N34)	6(N34)	8
o0982033	n	7(N34)	7(N34)	3
o0982034	n	8(N34)	8(N34)	3
o0982035	n	9(N34)	9(N34)	2
o0982051	n	1(N36)	1(N36)	14
o0982052	n	2(N36)	2(N36)	3
o0982053	n	3(N36)	3(N36)	3
o0982054	n	4(N36)	4(N36)	1
o0982059	n	9(N36)	9(N36)	2
o0982061	n	1(N37)	1(N37)	3
o0982062	n	2(N37)	2(N37)	1
o0982063	n	1(N38)	1(N38)	7
o0982064	n	1(N39A)	1(N39~a)	89
o0982065	n	2(N39A)	2(N39~a)	79
o0982066	n	3(N39A)	3(N39~a)	43
o0982067	n	4(N39A)	4(N39~a)	21
o0982072	n	1(N40)	1(N40)	18
o0982073	n	2(N40)	2(N40)	9
o0982074	n	3(N40)	3(N40)	8
o0982075	n	4(N40)	4(N40)	7
o0982076	n	1(N41)	1(N41)	8
o0982077	n	2(N41)	2(N41)	14
o0982078	n	3(N41)	3(N41)	11
o0982079	n	4(N41)	4(N41)	10
o0982080	n	1(N42A)	1(N42~a)	51
o0982081	n	2(N42A)	2(N42~a)	28
o0982082	n	3(N42A)	3(N42~a)	16
o0982083	n	4(N42A)	4(N42~a)	5
o0982091	n	1(N45)	1(N45)	87
o0982092	n	2(N45)	2(N45)	33
o0982093	n	3(N45)	3(N45)	1
o0982110	n	1(N46)	1(N46)	41
o0982111	n	2(N46)	2(N46)	10
o0982115	n	1(N47)	1(N47)	7
o0982116	n	2(N47)	2(N47)	2
o0982118	n	1(N48)	1(N48)	10
o0982119	n	2(N48)	2(N48)	3
o0982120	n	3(N48)	3(N48)	2
o0982121	n	4(N48)	4(N48)	2
o0982126	n	1(N49)	1(N49)	1
o0982128	n	3(N49)	3(N49)	3
o0982129	n	4(N49)	4(N49)	1
o0982131	n	1(N50)	1(N50)	12
o0982132	n	2(N50)	2(N50)	7
o0982133	n	3(N50)	3(N50)	5
o0982134	n	4(N50)	4(N50)	4
o0982136	n	1(N51)	1(N51)	12
o0982137	n	2(N51)	2(N51)	6
o0982138	n	3(N51)	3(N51)	2
o0982140	n	5(N51)	5(N51)	1
o0982154	n	1(N52)	1(N52)	2
o0982164	n	1(N54)	1(N54)	1
o0982168	n	5(N54)	5(N54)	2
o0982172	e		-	10
o0982172	n	1(N57)	1(N57)	51
o0982173	e		-	5
o0982173	n	2(N57)	2(N57)	22
o0982174	e		-	20
o0982174	n	3(N57)	3(N57)	74
o0982175	e		-	2
o0982175	n	4(N57)	4(N57)	2
o0982176	e		-	3
o0982176	n	5(N57)	5(N57)	11
o0982177	e		-	2
o0982177	n	6(N57)	6(N57)	3
o0982182	n	1(N58)	1(N58)	9
o0982192	n	1(N59)	1(N59)	1
o0982193	n	2(N59)	2(N59)	1
o0982194	n	3(N59)	3(N59)	1
o0982209	c	|2(N57).BIR₃~a|	|2(N57).BIR₃~a|	1
o0982210	c	|1(N57).BU₃|	|1(N57).BU₃|	1
o0982213	c	|3(N57).EN₂|	|3(N57).EN₂|	6
o0982215	c	|3(N57).GAR|	|3(N57).GAR|	1
o0982216	c	|4(N57).GAR|	|4(N57).GAR|	2
o0982217	c	|5(N57).GAR|	|5(N57).GAR|	2
o0982218	c	|6(N57).GAR|	|6(N57).GAR|	1
o0982222	c	|6(N57).KU₃~a|	|6(N57).KU₃~a|	1
o0982224	c	|1(N57).MUŠEN|	|1(N57).MUŠEN|	2
o0982225	c	|2(N57).MUŠEN|	|2(N57).MUŠEN|	2
o0982225	c	|2(N57).MUŠEN|	|MUŠEN×2(N57)|	2
o0982226	c	|3(N57).MUŠEN|	|MUŠEN×3(N57)|	1
o0982227	c	|3(N57).NUNUZ~a1|	|3(N57).NUNUZ~a1|	1
o0982228	c	|3(N57).NUNUZ~c|	|3(N57).NUNUZ~c|	1
o0982229	c	|3(N57).PIRIG~b1|	|3(N57).PIRIG~b1|	3
o0982230	c	|3(N57).SANGA~a|	|3(N57).SANGA~a|	1
o0982231	c	|3(N57).SI|	|3(N57).SI|	2
o0982234	c	|1(N57).ŠAH₂~a|	|1(N57).ŠAH₂~a|	1
o0982235	c	|1(N57).ŠUBUR|	|1(N57).ŠUBUR|	6
o0982237	c	|3(N57).ŠUBUR|	|3(N57).ŠUBUR|	2
o0982246	s	X	X	411
o0982271	e		-	4
