o0900000	s	A	A	27	3
o0900005	c	|A×1(N14)|	|A×1(N14)|	1	14
o0900006	c	|A×ŠUBUR|	|A×ŠUBUR|	1	10
o0900007	c	|A×ZATU672|	|A×ZATU672|	1	12
o0900010	s	A₂	A₂	1	22
o0900012	s	AB~a	AB~a	29	24
o0900014	e		-	1	50
o0900018	c	|AB~a×A@t|	|AB~a×A@t|	1	25
o0900041	e		-	1	58
o0900041	s	AB₂	AB₂	60	58
o0900043	c	|AB₂×2(N14)|	|AB₂×2(N14)|	2	59
o0900054	s	AD~b	AD~b	1	74
o0900056	s	ADAB	ADAB	10	78
o0900062	s	AK~a	AK~a	4	87
o0900064	s	AL	AL	11	91
o0900077	s	AMA~a	AMA~a	12	111
o0900082	s	AMAR	AMAR	18	118
o0900087	c	|AMAR&AMAR|	|AMAR&AMAR|	1	123
o0900088	s	AMAR@g	AMAR@g	1	129
o0900089	s	AN	AN	88	131
o0900093	s	ANŠE~a	ANŠE~a	2	136
o0900094	s	ANŠE~b	ANŠE~b	1	138
o0900095	s	ANŠE~c	ANŠE~c	1	140
o0900096	s	ANŠE~e	ANŠE~e	3	143
o0900100	e		-	2	149
o0900100	s	APIN~a	APIN~a	16	149
o0900102	s	APIN~c	APIN~c	1	155
o0900104	c	|APIN~a.APIN~a|	|APIN~a.APIN~a|	1	150
o0900108	s	|U₄.AB~b|	ARARMA₂~b	1	160
o0900114	s	AZU	AZU	2	172
o0900115	s	BA	BA	98	174
o0900116	e		-	18	176
o0900116	s	BAD	BAD	1	176
o0900117	e		-	1	178
o0900133	s	BALAG	BALAG	7	200
o0900141	s	BANŠUR~a	BANŠUR~a	1	209
o0900146	s	BANŠUR~a@t	BANŠUR~a@t	1	211
o0900154	s	BAR	BAR	24	231
o0900158	s	BARA₂~a	BARA₂~a	9	237
o0900160	s	BARA₂~b	BARA₂~b	3	240
o0900165	s	BIR~a	BIR~a	2	710
o0900166	s	BIR~b	BIR~b	1	712
o0900169	s	BIR₃~a	BIR₃~a	1	716
o0900171	s	BIR₃~b	BIR₃~b	3	719
o0900175	e		-	1	725
o0900175	s	BU~a	BU~a	42	725
o0900177	s	BU~b	BU~b	2	758
o0900191	c	|(BU~a&BU~a).NA₂~a|	|(BU~a&BU~a).NA₂~a|	1	744
o0900197	c	|(BU~a&BU~a).X|	|(BU~a&BU~a).X|	1	750
o0900199	c	|BU~a+DU₆~a|	|BU~a+DU₆~a|	3	730
o0900206	s	BULUG	BULUG	2	765
o0900212	s	BUR~b	BUR~b	1	773
o0900215	s	BUR₂	BUR₂	2	779
o0900217	s	DA~a	DA~a	12	781
o0900218	s	DA~b	DA~b	3	785
o0900219	s	DA~c	DA~c	2	787
o0900220	s	DA~d	DA~d	1	789
o0900224	s	DAH	DAH	1	793
o0900226	s	DANNA	DANNA	1	797
o0900235	s	DARA₃~a	DARA₃~a	3	809
o0900236	s	DARA₃~b	DARA₃~b	1	811
o0900237	s	DARA₃~c	DARA₃~c	1	813
o0900243	c	|DARA₃~d×KAR₂~b|	|DARA₃~d×KAR₂|	2	826
o0900246	c	|DARA₃~c×(KAR₂.ŠE~a)|	|DARA₃~c×(KAR₂.ŠE~a)|	1	817
o0900249	s	DARA₄~a1	DARA₄~a1	2	831
o0900250	s	DARA₄~a2	DARA₄~a2	3	833
o0900251	s	DARA₄~a3	DARA₄~a3	1	835
o0900252	s	DARA₄~b	DARA₄~b	2	837
o0900255	s	DARA₄~c2	DARA₄~c2	3	843
o0900260	s	DI	DI	16	853
o0900261	s	DI@t	DI@t	1	855
o0900262	s	DIB	DIB	1	857
o0900264	s	DILMUN	DILMUN	1	861
o0900269	s	DIM~a	DIM~a	5	865
o0900270	s	DIM~b	DIM~b	2	872
o0900271	s	DIM~c	DIM~c	2	874
o0900276	s	DIN	DIN	21	876
o0900278	s	DIN@t	DIN@t	1	881
o0900279	s	DU	DU	17	884
o0900284	s	DU₆~a	DU₆~a	1	893
o0900288	s	DU₆~c	DU₆~c	1	905
o0900293	s	DU₈~a	DU₈~a	1	909
o0900294	s	DU₈~b	DU₈~b	2	911
o0900296	s	DU₈~c	DU₈~c	6	914
o0900303	c	|DU₈~c×HI|	|DU₈~c×HI|	1	919
o0900312	s	DUB~a	DUB~a	5	933
o0900318	s	DUB~c	DUB~c	1	943
o0900319	s	DUB~d	DUB~d	1	945
o0900324	c	|(DUB@n~a×1(N58))~a|	|(DUB×DIŠ)~a|	5	955
o0900325	c	|DUB@n~b×1(N58)~a|	|(DUB×DIŠ)~b|	1	960
o0900331	s	DUG~a	DUG~a	22	965
o0900334	s	DUG~b	DUG~b	27	987
o0900370	c	|DUG~b×HI|	|DUG~b×HI|	1	1018
o0900391	c	|DUG~b×MAŠ|	|DUG~b×MAŠ|	2	1037
o0900395	c	|DUG~b×1(N57)|	|DUG~b×1(N57)|	3	1108
o0900433	c	|DUG~b×ŠE~a|	|DUG~b×ŠE~a|	5	1066
o0900461	c	|DUG~b×X|	|DUG~b×X|	2	1093
o0900483	s	DUR~a	DUR~a	18	1139
o0900485	s	DUR₂	DUR₂	3	1144
o0900489	s	E~c	E~c	1	1150
o0900493	s	E₂~a	E₂~a	5	1157
o0900494	s	E₂~b	E₂~b	3	1167
o0900517	s	EN~b	EN~b	54	1197
o0900525	s	EN@g~a	EN@g~a	1	1210
o0900526	s	EN@g~b	EN@g~b	9	1212
o0900528	s	EN~b@t	EN~b@t	1	1200
o0900529	s	EN₂	EN₂	3	1214
o0900541	s	ERIM~a	ERIM~a	41	1227
o0900542	s	ERIM~b1	ERIM~b1	1	1229
o0900543	s	ERIM~b2	ERIM~b2	1	1231
o0900545	s	ERIN	ERIN	25	1234
o0900546	e		-	2	1236
o0900546	s	EŠDA	EŠDA	20	1236
o0900548	s	EŠGAR	EŠGAR	6	1243
o0900550	s	EZEN~a	EZEN~a	8	1247
o0900552	s	EZEN~b	EZEN~b	1	1283
o0900561	c	|EZEN~a×KAB|	|EZEN~a×KAB|	1	1256
o0900575	c	|EZEN~a×NIMGIR|	|EZEN~a×NIMGIR|	1	1267
o0900577	c	|EZEN~a×RAD~a|	|EZEN~a×RAD~a|	1	1269
o0900585	c	|EZEN~a×U₄|	|EZEN~a×U₄|	1	1277
o0900587	c	|EZEN~a×X|	|EZEN~a×X|	1	1279
o0900592	s	EZEN~b@t	EZEN~c	2	1288
o0900597	s	EZINU~d	EZINU~d	4	1298
o0900616	s	GA₂~a1	GA₂~a1	6	1319
o0900619	s	GA₂~a4	GA₂~a4	1	1422
o0900620	s	GA₂~b	GA₂~b	9	1424
o0900623	c	|GA₂~a1×A|	|GA₂~a1×A|	1	1320
o0900625	c	|GA₂~b×DUB~a|	|GA₂~b×DUB~a|	1	1425
o0900650	c	|GA₂~a1×HI|	|GA₂~a1×HI|	1	1344
o0900657	c	|GA₂~a1×KU₆~a|	|GA₂~a1×KU₆~a|	2	1350
o0900662	c	|GA₂~a1×LAGAB~b|	|GA₂~a1×LAGAB~b|	1	1354
o0900666	c	|GA₂~a1×1(N14)|	|GA₂~a1×1(N14)|	2	1391
o0900668	c	|GA₂~a1×1(N57)|	|GA₂~a1×1(N57)|	2	1393
o0900691	c	|GA₂~a1×SUHUR|	|GA₂~a1×SUHUR|	3	1370
o0900694	c	|GA₂~a1×SUKUD|	|GA₂~a1×SUKUD|	5	1372
o0900699	c	|GA₂~a1×SUMAŠ|	|GA₂~a1×SUMAŠ|	1	1380
o0900709	c	|GA₂~a1×X|	|GA₂~a1×X|	3	1388
o0900712	c	|GA₂~a3×X|	|GA₂~a3×X|	1	1419
o0900720	s	GAʾAR~a2	GAʾAR~a2	1	1443
o0900721	s	GAʾAR~b1	GAʾAR~b1	1	1445
o0900722	s	GAʾAR~b2	GAʾAR~b2	2	1447
o0900724	s	GADA~a	GADA~a	9	1450
o0900727	s	GADA~b@g	GADA~b@g	2	1454
o0900729	e		-	2	1456
o0900729	s	GAL~a	GAL~a	46	1456
o0900730	s	GAL~b	GAL~b	3	1463
o0900751	c	|GAN~c×HI|	|GAN~c×HI|	1	1480
o0900761	c	|GAN~c×LAGAB~b|	|GAN~c×LAGAB~b|	1	1488
o0900773	c	|GAN~c×X|	|GAN~c×X|	1	1498
o0900778	s	GAN₂	GAN₂	5	1512
o0900779	s	GAR	GAR	35	1514
o0900781	s	GAR@g~a	GAR@g~a	4	1516
o0900784	s	GAR₃	GAR₃	29	1522
o0900797	s	GEŠTU~a	GEŠTU~a	8	1540
o0900800	s	GEŠTU~b	GEŠTU~b	27	1547
o0900801	s	GEŠTU~c3	GEŠTU~c3	2	1550
o0900806	s	GI	GI	39	1555
o0900817	c	|GI×NAM₂|	|GI×NAM₂|	1	1565
o0900819	c	|GI×SIG₂~d1|	|GI×SIG₂~d1|	2	1567
o0900822	c	|GI&GI|	|GI&GI|	1	1578
o0900823	c	|(GI&GI)×GIŠ@t|	|(GI&GI)×GIŠ@t|	1	1580
o0900827	s	GI@t	GI@t	1	1590
o0900829	s	GI₄~a	GI₄~a	1	1592
o0900830	s	GI₄~b	GI₄~b	6	1598
o0900835	c	|GI₄~b&GI₄~b|	|GI₄~b&GI₄~b|	1	1599
o0900836	s	GI₆	GI₆	12	1602
o0900839	s	GIBIL	GIBIL	2	1607
o0900845	s	GIR~a	GIR~a	1	1615
o0900855	s	GIR₂~a	GIR₂~a	4	1628
o0900858	s	GIR₃~a	GIR₃~a	14	1632
o0900859	s	GIR₃~b	GIR₃~b	1	1636
o0900860	s	GIR₃~c	GIR₃~c	4	1638
o0900869	s	GIR₃@g~a	GIR₃@g~a	3	1648
o0900870	s	GIR₃@g~b	GIR₃@g~b	1	1650
o0900871	s	GIR₃@g~c	GIR₃@g~c	1	1652
o0900873	s	GISAL~a	GISAL~a	1	1656
o0900874	s	GISAL~b	GISAL~b	2	1658
o0900875	s	GIŠ	GIŠ	4	1660
o0900880	c	|(GIŠ×(DIN.DIN))~b|	|(GIŠ×(DIN.DIN))~b|	1	1665
o0900885	s	GIŠ@t	GIŠ@t	7	1680
o0900896	s	GIŠIMMAR~a1	GIŠIMMAR~a1	3	1693
o0900897	s	GIŠIMMAR~a2	GIŠIMMAR~a2	1	1695
o0900903	s	GIŠIMMAR~b3	GIŠIMMAR~b3	1	1706
o0900906	s	GU	GU	2	1709
o0900908	e		-	1	1714
o0900908	s	GU₄	GU₄	50	1714
o0900911	c	|GU₄.ZATU755~b|	|GU₄.ZATU755~a|	1	1716
o0900912	s	GU₇	GU₇	6	1725
o0900916	s	GUB₃~a	GUB₃~a	1	1728
o0900918	s	GUB₃~c	GUB₃~c	1	1732
o0900920	s	GUG₂	GUG₂	7	1738
o0900929	e		-	2	1752
o0900929	s	GUKKAL~a	GUKKAL~a	25	1752
o0900930	s	GUKKAL~b	GUKKAL~b	2	1756
o0900932	s	GUKKAL~d	GUKKAL~d	1	1760
o0900934	c	|GUKKAL~a.HI@g~a|	|GUKKAL~a.HI@g~a|	2	1753
o0900935	s	GUL	GUL	4	1762
o0900937	s	GUM~a	GUM~a	14	1764
o0900938	s	GUM~b	GUM~b	3	1766
o0900944	s	GUN₃~a	GUN₃~a	1	1772
o0900950	s	GURUŠ~b	GURUŠ~b	4	1784
o0900952	c	|GURUŠ~a×2(N14)|	|GURUŠ~a×2(N14)|	2	1779
o0900953	c	|GURUŠ~b×2(N14)|	|GURUŠ~b×2(N14)|	1	1785
o0900955	s	GURUŠDA	GURUŠDA	33	1791
o0900956	s	HAL	HAL	1	1794
o0900958	s	HAŠHUR	HAŠHUR	18	1798
o0900959	c	|HAŠHUR×MA|	|HAŠHUR×MA|	1	1799
o0900960	s	HI	HI	7	1802
o0900968	c	|HI×1(N57)|	|HI×1(N57)|	1	1812
o0900976	e		-	2	1834
o0900976	s	HI@g~a	HI@g~a	4	1834
o0900977	s	HI@g~b	HI@g~b	2	1836
o0900981	s	I	I	1	1842
o0900983	e		-	4	1844
o0900983	s	IB~a	IB~a	32	1844
o0900984	s	IB~b	IB~b	4	1851
o0900988	s	IDIGNA	IDIGNA	10	1855
o0900997	s	|NAGAR~a.BU~a|	ILDUM~a	1	1866
o0901005	s	IN~b	IN~b	1	1874
o0901011	s	IR~c	IR~c	1	1885
o0901020	s	IŠ~a	IŠ~a	3	1892
o0901022	s	IŠ~b	IŠ~b	5	1897
o0901028	s	IŠ~c	IŠ~c	1	1904
o0901030	s	KA~a	KA~a	5	1906
o0901038	s	KA₂~a	KA₂~a	1	1913
o0901043	c	|KA₂~d×LAM~b|	|KA₂×LAM|	2	1920
o0901044	s	KAB	KAB	33	1924
o0901052	s	KAK~a	KAK~a	3	1936
o0901053	s	KAK~b	KAK~b	1	1940
o0901062	s	KALAM~a	KALAM~a	2	1949
o0901073	s	KAR₂~a	KAR₂~a	1	1969
o0901074	s	KAR₂~b	KAR₂~b	1	1971
o0901075	s	KASKAL	KASKAL	6	1973
o0901078	s	KAŠ~a	KAŠ~a	8	1977
o0901080	s	KAŠ~b	KAŠ~b	28	1980
o0901082	s	KAŠ~c	KAŠ~c	17	1988
o0901090	s	KI	KI	4	1995
o0901094	s	KIB	KIB	1	2003
o0901098	s	KID~b	KID~b	1	2009
o0901099	s	KID~c	KID~c	1	2011
o0901100	s	KID~d	KID~d	1	2013
o0901104	s	KIN₂~a	KIN₂~a	1	2019
o0901108	s	KIN₂~e	KIN₂~e	1	2027
o0901113	s	KISAL~a1	KISAL~a1	9	2032
o0901115	s	KISAL~b1	KISAL~b1	30	2036
o0901122	s	KISIM~a	KISIM~a	1	2044
o0901127	s	KISIM~c	KISIM~c	1	2051
o0901142	s	KU₃~a	KU₃~a	40	2073
o0901145	s	KU₆~a	KU₆~a	33	2078
o0901153	c	|KU₆~a+KU₆~a|	|KU₆~a+KU₆~a|	1	2081
o0901158	e		-	3	2094
o0901158	s	KUR~a	KUR~a	27	2094
o0901159	s	KUR~b	KUR~b	3	2102
o0901169	s	KUR@g~a	KUR@g~a	3	2112
o0901172	s	KUŠU₂~a	KUŠU₂~a	4	2116
o0901173	s	KUŠU₂~b	KUŠU₂~b	2	2119
o0901176	s	KUŠU₂~e	KUŠU₂~e	1	2125
o0901179	s	LA~b	LA~b	1	2130
o0901181	s	LA~d	LA~d	1	2134
o0901184	s	LA₂	LA₂	2	2138
o0901186	s	LAGAB~a	LAGAB~a	9	2141
o0901187	s	LAGAB~b	LAGAB~b	2	2203
o0901211	c	|LAGAB~b×KUR~e|	|LAGAB~b×KUR~e|	1	2215
o0901213	c	|LAGAB~a×KUŠU₂~a@t|	|LAGAB~a×KUŠU₂~b|	2	2155
o0901219	c	|LAGAB~a×ME~a|	|LAGAB~a×ME~a|	1	2162
o0901223	c	|LAGAB~a×2(N14)|	|LAGAB~a×2(N14)|	1	2197
o0901229	c	|LAGAB~a×NUN~b|	|LAGAB~a×NUN~b|	1	2167
o0901231	c	|LAGAB~a×PA~a|	|LAGAB~a×PA~a|	2	2169
o0901262	s	LAGAR~a	LAGAR~a	15	2236
o0901263	s	LAGAR~b1	LAGAR~b1	4	2240
o0901264	s	LAGAR~b2	LAGAR~b2	3	2242
o0901265	s	LAGAR~c	LAGAR~c	3	2244
o0901270	s	LAL₂~a	LAL₂~a	12	2259
o0901271	s	LAL₂~b	LAL₂~b	1	2267
o0901290	s	LAM~b@r	LAM~b@r	1	2281
o0901294	s	LAM~b@t	LAM~b@t	2	2284
o0901304	s	LU₂	LU₂	1	2292
o0901313	s	MA	MA	15	2306
o0901316	c	|MA×MA|	|MA×MA|	5	2309
o0901320	s	MA₂	MA₂	4	2319
o0901322	s	MAGUR~a	MAGUR~a	4	2321
o0901325	s	MAH~a	MAH~a	2	2325
o0901326	s	MAH~b	MAH~b	1	2355
o0901328	c	|MAH~a×AB₂|	|MAH~a×AB₂|	1	2326
o0901330	c	|MAH~a×GUKKAL~a|	|MAH~a×GUKKAL~a|	1	2328
o0901335	c	|MAH~a×MAŠ|	|MAH~a×MAŠ|	4	2332
o0901341	c	|MAH~b×SAL|	|MAH~b×SAL|	1	2362
o0901343	c	|MAH~a×(SILA₃~a×UMBIN~a)|	|MAH~a×(SILA₃~a×UMBIN~a)|	1	2336
o0901345	c	|MAH~a×TUG₂~a|	|MAH~a×TUG₂~a|	1	2338
o0901351	c	|MAH~a×UDU~a|	|MAH~a×UDU~a|	1	2344
o0901353	c	|MAH~a×UR~a|	|MAH~a×UR~a|	2	2346
o0901355	c	|MAH~a×UTUA~a|	|MAH~a×UTUA~a|	1	2348
o0901357	c	|MAH~a×X|	|MAH~a×X|	5	2350
o0901359	c	|MAH~a×ZATU659|	|MAH~a×ZATU659|	1	2352
o0901361	s	MAR~a	MAR~a	14	2365
o0901363	s	MAR~b	MAR~b	10	2373
o0901369	c	|MAR~b×ŠE~a|	|MAR~b×ŠE~a|	1	2378
o0901376	s	MAŠ	MAŠ	47	2384
o0901377	s	MAŠ₂	MAŠ₂	1	2386
o0901380	s	ME~a	ME~a	19	2391
o0901381	s	ME~b	ME~b	1	2394
o0901386	s	MEN~b	MEN~b	1	2402
o0901392	s	MU	MU	11	2411
o0901396	s	MUD₃~a	MUD₃~a	2	2416
o0901397	s	MUD₃~b	MUD₃~b	1	2423
o0901407	s	MUN~a1	MUN~a1	3	2432
o0901422	s	MUŠ₃~b	MUŠ₃~b	1	2463
o0901424	s	MUŠ₃~a@g	MUŠ₃~a@g	1	2460
o0901426	e		-	2	2465
o0901426	s	MUŠEN	MUŠEN	21	2465
o0901429	c	|MUŠEN.UR₃~b2|	|MUŠEN.UR₃~b2|	1	2466
o0901431	c	|2(N57).MUŠEN|	|MUŠEN×2(N57)|	1	2474
o0901437	s	NA~a	NA~a	4	2594
o0901438	s	NA~b	NA~b	5	2596
o0901439	s	NA~c	NA~c	4	2598
o0901444	s	NA₂~b1	NA₂~b1	1	2607
o0901452	s	NAGA~a	NAGA~a	12	2618
o0901453	s	NAGA~b	NAGA~b	4	2622
o0901464	s	NAM~a	NAM~a	5	2634
o0901465	s	NAM~b	NAM~b	1	2636
o0901468	e		-	13	2642
o0901468	s	NAM₂	NAM₂	50	2642
o0901471	s	NAM₂@t	NAM₂@t	1	2649
o0901479	s	NANŠE~a	NANŠE~a	1	2654
o0901481	s	NAR	NAR	3	2658
o0901483	s	NE~a	NE~a	45	2661
o0901487	s	NE~c	NE~c	1	2670
o0901488	s	NE~d	NE~d	1	2674
o0901493	s	NESAG₂~a	NESAG₂~a	37	2677
o0901501	s	NI~a	NI~a	12	2687
o0901502	s	NI~b	NI~b	3	2695
o0901512	s	NI~a@g	NI~a@g	1	2693
o0901516	s	NIM~a	NIM~a	22	2708
o0901517	s	NIM~b1	NIM~b1	2	2710
o0901518	s	NIM~b2	NIM~b2	3	2712
o0901524	s	|SAL.NAM₂|	NIN	1	2721
o0901525	s	NINDA₂	NINDA₂	9	2722
o0901543	c	|NINDA₂×GAR|	|NINDA₂×GAR|	1	2737
o0901544	c	|NINDA₂×GIŠ|	|NINDA₂×GIŠ|	1	2739
o0901557	c	|NINDA₂×1(N01)|	|NINDA₂×1(N01)|	2	2792
o0901560	c	|NINDA₂×1(N08)|	|NINDA₂×1(N08)|	1	2800
o0901572	c	|NINDA₂×X|	|NINDA₂×X|	2	2784
o0901581	s	NIR~b	NIR~b	10	2810
o0901584	s	NU	NU	3	2813
o0901585	s	NU@g	NU@g	3	2815
o0901586	s	NU₁₁	NU₁₁	2	2818
o0901589	s	NUMUN	NUMUN	1	2824
o0901592	s	NUN~a	NUN~a	91	2828
o0901593	s	NUN~b	NUN~b	35	2843
o0901598	s	NUN~d	NUN~d	2	2854
o0901603	c	|NUN~a+A|	|NUN~a+A|	2	2829
o0901608	c	|NUN~a+EN~d|	|NUN~a+EN~d|	1	2835
o0901614	s	NUNUZ~a1	NUNUZ~a1	2	2858
o0901615	s	NUNUZ~a2	NUNUZ~a2	6	2863
o0901616	s	NUNUZ~b1	NUNUZ~b1	2	2865
o0901628	s	PA~b	PA~b	2	2885
o0901636	s	PAD~a	PAD~a	2	2889
o0901639	s	PAP~a	PAP~a	50	2893
o0901640	s	PAP~b	PAP~b	2	2897
o0901645	s	PIRIG~a1	PIRIG~a1	17	2903
o0901646	s	PIRIG~a2	PIRIG~a2	1	2905
o0901647	s	PIRIG~a3	PIRIG~a3	1	2907
o0901648	e		-	1	2909
o0901648	s	PIRIG~b1	PIRIG~b1	4	2909
o0901649	s	PIRIG~b2	PIRIG~b2	1	2918
o0901656	s	PU₂	PU₂	1	2920
o0901659	s	RAD~a	RAD~a	4	2926
o0901660	s	RAD~b	RAD~b	14	2932
o0901662	s	RAD~a@g	RAD~a@g	4	2928
o0901668	s	RI₈~a	RI₈~a	1	2936
o0901674	s	SA~a	SA~a	1	2947
o0901681	c	|SAG×GEŠTU~a|	|SAG×GEŠTU~a|	5	2958
o0901695	s	SAG@n	SAG@n	1	2981
o0901697	e		-	4	2985
o0901697	s	SAL	SAL	44	2985
o0901699	c	|SAL.KUR~a|	|SAL.KUR~a|	3	2986
o0901714	s	SANGA~c	SANGA~c	1	3015
o0901718	s	SAR~a	SAR~a	2	3020
o0901723	c	|SAR~a×ŠE~a|	|SAR~a×ŠE~a|	4	3021
o0901739	s	SI₄~a	SI₄~a	18	3049
o0901740	s	SI₄~b	SI₄~b	1	3051
o0901741	s	SI₄~c	SI₄~c	1	3053
o0901742	s	SI₄~d	SI₄~d	1	3055
o0901746	s	SIG	SIG	5	3061
o0901752	s	SIG₂~a2	SIG₂~a2	2	3072
o0901753	s	SIG₂~a3	SIG₂~a3	6	3076
o0901757	s	SIG₂~b	SIG₂~b	16	3082
o0901758	s	SIG₂~c1	SIG₂~c1	1	3089
o0901761	s	SIG₂~d2	SIG₂~d2	2	3095
o0901763	s	SIG₂~d3	SIG₂~d3	2	3098
o0901764	s	SIG₂~d4	SIG₂~d4	3	3100
o0901765	s	SIG₂~e	SIG₂~e	4	3102
o0901770	s	SIG₄	SIG₄	1	3104
o0901771	s	SIG₇	SIG₇	12	3106
o0901775	s	SILA₃~a	SILA₃~a	4	3110
o0901783	c	|SILA₃~a×AMAR|	|SILA₃~a×AMAR|	1	3116
o0901795	c	|SILA₃~a×GEŠTU~c3|	|SILA₃~a×GEŠTU~c3|	4	3129
o0901802	c	|SILA₃~a×HI|	|SILA₃~a×HI|	1	3135
o0901806	c	|SILA₃~a×IB~a|	|SILA₃~a×IB~a|	1	3139
o0901814	c	|SILA₃~a×KUR~a|	|SILA₃~a×KUR~a|	1	3149
o0901818	c	|SILA₃~a×MAŠ|	|SILA₃~a×MAŠ|	3	3153
o0901827	c	|SILA₃~b×NAGA~b|	|SILA₃~b×NAGA~b|	1	3196
o0901834	c	|SILA₃~a×NUN~b|	|SILA₃~a×NUN~b|	1	3161
o0901836	c	|SILA₃~a×SUHUR|	|SILA₃~a×SUHUR|	2	3163
o0901841	c	|SILA₃~a×ŠE~a|	|SILA₃~a×ŠE~a|	1	3169
o0901843	c	|SILA₃~a×ŠE~a@t|	|SILA₃~a×ŠE~a@t|	5	3171
o0901845	c	|SILA₃~a×ŠU|	|SILA₃~a×ŠU|	2	3173
o0901850	c	|SILA₃~a×X|	|SILA₃~a×X|	7	3178
o0901861	s	SILA₄~b	SILA₄~b	3	3214
o0901862	s	SILA₄~c	SILA₄~c	8	3216
o0901866	s	SIMUG	SIMUG	1	3223
o0901872	s	SU~b	SU~b	3	3233
o0901878	s	SUG	SUG	2	3239
o0901879	s	SUG₅	SUG₅	2	3241
o0901881	s	SUHUR	SUHUR	35	3246
o0901887	s	SUKKAL	SUKKAL	15	3256
o0901888	s	SUKUD	SUKUD	4	3259
o0901891	c	|(SUKUD+SUKUD)~b|	|(SUKUD+SUKUD)~b|	1	3262
o0901895	s	SUKUD@g~a	SUKUD@g~a	1	3270
o0901896	s	SUKUD@g~b	SUKUD@g~b	1	3273
o0901898	s	SUKUD@g~c	SUKUD@g~c	1	3276
o0901907	s	SUMAŠ	SUMAŠ	1	3291
o0901908	s	SUR	SUR	1	3293
o0901910	s	ŠA	ŠA	6	3296
o0901914	c	|(ŠA×HI@g~a)~a|	|(ŠA×HI@g~a)~a|	1	3298
o0901915	c	|(ŠA×HI@g~a)~b|	|(ŠA×HI@g~a)~b|	1	3300
o0901916	s	ŠA@g	ŠA@g	1	3306
o0901918	s	ŠA₃~a1	ŠA₃~a1	4	3308
o0901920	s	ŠA₃~b	ŠA₃~b	1	3316
o0901921	s	ŠA₃~c	ŠA₃~c	6	3319
o0901922	s	ŠA₃~d	ŠA₃~d	1	3321
o0901932	s	ŠAGINA	ŠAGINA	1	3328
o0901934	s	ŠAH₂~a	ŠAH₂~a	3	3330
o0901936	s	ŠAH₂~c	ŠAH₂~c	1	3334
o0901941	s	ŠAM₂	ŠAM₂	3	3343
o0901946	e		-	10	3348
o0901946	s	ŠE~a	ŠE~a	40	3348
o0901947	s	ŠE~b	ŠE~b	1	3368
o0901948	s	ŠE~c	ŠE~c	1	3370
o0901955	c	|ŠE~a.NAM₂|	|ŠE~a.NAM₂|	10	3353
o0901959	c	|ŠE~a&ŠE~a|	|ŠE~a&ŠE~a|	1	3356
o0901961	s	ŠE~a@t	ŠE~a@t	2	3362
o0901966	s	ŠEG₉	ŠEG₉	7	3379
o0901967	s	ŠELU	ŠELU	25	3382
o0901971	s	ŠEN~b	ŠEN~b	1	3387
o0901986	s	ŠEŠ~a	ŠEŠ~a	10	3407
o0901988	s	ŠEŠ~b	ŠEŠ~b	1	3411
o0901990	s	ŠIDIM	ŠIDIM	6	3413
o0901996	s	ŠIM~b	ŠIM~b	1	3421
o0902004	s	ŠITA~a1	ŠITA~a1	35	3431
o0902006	s	ŠITA~a3	ŠITA~a3	8	3447
o0902007	s	ŠITA~b1	ŠITA~b1	3	3449
o0902008	s	ŠITA~b2	ŠITA~b2	1	3453
o0902009	s	ŠITA~b3	ŠITA~b3	2	3458
o0902012	c	|ŠITA~b2@g×HI@g~a|	|ŠITA~b1×HI@g~a|	1	3456
o0902018	c	|ŠITA~b3×NAM₂|	|ŠITA~b3×NAM₂|	1	3459
o0902028	s	ŠITA@g~a	ŠITA@g~a	3	3464
o0902033	s	ŠU	ŠU	42	3473
o0902035	c	|ŠU&ŠU|	|ŠU&ŠU|	1	3476
o0902060	e		-	7	3523
o0902060	s	ŠUBUR	ŠUBUR	27	3523
o0902061	s	ŠUM	ŠUM	14	3526
o0902076	s	TA~c	TA~c	2	3544
o0902083	s	TAG~a1	TAG~a1	16	3554
o0902087	s	TAG~b	TAG~b	2	3564
o0902092	s	TAG~a1@t	TAG~a1@t	1	3556
o0902094	s	TAK₄~a	TAK₄~a	3	3571
o0902100	s	TAR~a	TAR~a	4	3578
o0902102	s	TE	TE	59	3584
o0902103	s	TI	TI	7	3588
o0902107	s	TI@t	TI@t	1	3596
o0902109	s	TILLA₂	TILLA₂	1	3599
o0902111	s	TU~a	TU~a	3	3601
o0902114	s	TU~c	TU~c	1	3605
o0902116	e		-	1	3607
o0902116	s	TUG₂~a	TUG₂~a	29	3607
o0902117	s	TUG₂~b	TUG₂~b	1	3616
o0902121	c	|TUG₂~a.BAD&BAD|	|TUG₂~a.(BAD&BAD)|	1	3608
o0902128	s	TUM~a	TUM~a	4	3625
o0902129	s	TUM~b	TUM~b	2	3629
o0902131	s	TUM~d	TUM~d	1	3634
o0902133	s	TUM~a@g	TUM~a@g	1	3627
o0902136	s	TUN₃~a	TUN₃~a	34	3636
o0902138	s	TUN₃~c	TUN₃~c	1	3640
o0902144	s	TUR@g	TUR@g	1	3649
o0902146	s	TUR₃~a	TUR₃~a	15	3652
o0902148	s	TUR₃~c	TUR₃~c	1	3662
o0902156	s	U₂~a	U₂~a	10	3664
o0902160	s	U₂~c	U₂~c	1	3670
o0902161	e		-	4	3672
o0902161	s	U₄	U₄	61	3672
o0902164	c	|U₄.2(N08)|	|U₄.2(N08)|	1	3675
o0902177	c	|U₄.ŠU₂|	|U₄.ŠU₂|	2	3673
o0902178	c	|U₄×1(N01)|	|U₄×1(N01)|	1	3695
o0902207	c	|U₄×2(N57)|	|U₄×2(N57)|	1	3757
o0902227	s	UB	UB	18	9445
o0902229	s	UBI~a	UBI~a	2	9447
o0902237	s	UD₅~b	UD₅~b	2	9460
o0902238	s	UD₅~c	UD₅~c	2	9462
o0902243	s	UDU~a	UDU~a	68	9465
o0902250	s	UDUNITA~a	UDUNITA~a	33	9475
o0902251	s	UDUNITA~b	UDUNITA~b	1	9477
o0902252	s	UDUNITA~c	UDUNITA~c	7	9479
o0902256	s	UH₃~a	UH₃~a	1	9483
o0902257	s	UH₃~b	UH₃~b	1	9487
o0902259	s	UH₃~a@t	UH₃~a@t	1	9485
o0902261	e		-	2	9489
o0902261	s	UKKIN~a	UKKIN~a	26	9489
o0902265	s	UKKIN~c	UKKIN~c	1	9515
o0902286	s	UMBIN~a	UMBIN~a	26	9519
o0902287	s	UMBIN~b1	UMBIN~b1	2	9521
o0902288	s	UMBIN~b2	UMBIN~b2	1	9523
o0902289	s	UMBIN~c	UMBIN~c	1	9525
o0902290	s	UMUN₂	UMUN₂	18	9527
o0902293	s	UNUG~a	UNUG~a	66	9530
o0902295	s	UNUG~b	UNUG~b	1	9537
o0902302	s	UR~a	UR~a	2	9542
o0902308	s	UR~a@g	UR~a@g	2	9547
o0902309	s	UR₂	UR₂	10	9553
o0902310	c	|UR₂×1(N57)|	|UR₂×1(N57)|	6	9557
o0902311	c	|UR₂×TAR~c|	|UR₂×TAR|	2	9555
o0902313	s	UR₃~a1	UR₃~a1	3	9561
o0902317	s	UR₃~b1	UR₃~b1	5	9568
o0902318	e		-	1	9572
o0902318	s	UR₃~b2	UR₃~b2	1	9572
o0902323	s	UR₄~a	UR₄~a	1	9576
o0902325	s	UR₄~c	UR₄~c	2	9580
o0902327	s	UR₅~a	UR₅~a	1	9582
o0902329	s	URI	URI	1	9586
o0902332	s	URI₃~a	URI₃~a	5	9589
o0902339	e		-	1	9603
o0902339	s	URU~a1	URU~a1	7	9603
o0902340	s	URU~a2	URU~a2	3	9628
o0902341	s	URU~b1	URU~b1	2	9635
o0902342	s	URU~b2	URU~b2	4	9637
o0902343	s	URU~c	URU~c	2	9639
o0902353	c	|URU~a3×KALAM~a|	|URU~a3×KALAM~a|	1	9633
o0902357	c	|1(N57).URU~a1|	|URU~a1×1(N57)|	1	9621
o0902363	c	|URU~a2×1(N58)|	|URU~a2×1(N58)|	2	9629
o0902365	c	|URU~a1×NIMGIR|	|URU~a1×NIMGIR|	1	9615
o0902369	c	|URU~a1×X|	|URU~a1×X|	1	9619
o0902376	s	URUDU~c	URUDU~c	1	9645
o0902377	s	URUDU~d	URUDU~d	1	9647
o0902379	s	URUDU@g~a	URUDU@g~a	3	9649
o0902384	s	UŠ~a	UŠ~a	32	9657
o0902385	s	UŠ~b	UŠ~b	1	9663
o0902392	c	|UŠ~a&UŠ~a|	|UŠ~a&UŠ~a|	9	9658
o0902393	c	|UŠ~b&UŠ~b|	|UŠ~b&UŠ~b|	2	9669
o0902400	s	UTUA~a	UTUA~a	40	9681
o0902404	s	UTUA~a@t	UTUA~a@t	1	9683
o0902406	s	UTUL~a	UTUL~a	3	9688
o0902407	s	UTUL~b	UTUL~b	1	9690
o0902408	s	UTUL~c	UTUL~c	1	9692
o0902409	s	UTUL~d	UTUL~d	1	9694
o0902424	s	ZAG~b	ZAG~b	2	9713
o0902425	s	ZAG~c	ZAG~c	4	9715
o0902428	s	ZAR~b1	ZAR~b1	1	9719
o0902429	s	ZAR~b2	ZAR~b2	2	9721
o0902430	s	ZAR~c	ZAR~c	5	9723
o0902431	s	ZATU620	ZATU620	1	10360
o0902433	s	ZATU621~a	ZATU621~a	4	10363
o0902434	s	ZATU621~b	ZATU621~b	3	10365
o0902435	s	ZATU621~c	ZATU621~c	2	10367
o0902436	s	ZATU621~d	ZATU621~d	1	10369
o0902437	s	ZATU622	ZATU622	1	10371
o0902438	s	ZATU623	ZATU623	2	10373
o0902445	s	ZATU625	ZATU625	3	10384
o0902448	s	ZATU626~a	ZATU626~a	1	10388
o0902449	s	ZATU626~b	ZATU626~b	1	10390
o0902450	s	ZATU626~c	ZATU626~c	1	10392
o0902458	s	ZATU630	ZATU630	4	10405
o0902459	s	ZATU631	ZATU631	4	10407
o0902461	s	ZATU632~a	ZATU632~a	1	10410
o0902463	s	ZATU632~b	ZATU632~b	1	10413
o0902469	s	ZATU635	ZATU635	3	10424
o0902472	s	ZATU637	ZATU637	1	10429
o0902473	s	ZATU639	ZATU639	4	10432
o0902474	s	ZATU640	ZATU640	1	10434
o0902475	s	ZATU641	ZATU641	1	10436
o0902476	s	ZATU642	ZATU642	2	10438
o0902477	s	ZATU643	ZATU643	1	10440
o0902479	s	ZATU644~a	ZATU644~a	8	10443
o0902480	s	ZATU644~b	ZATU644~b	2	10447
o0902483	s	ZATU646	ZATU646	2	10450
o0902484	s	ZATU647	ZATU647	1	10452
o0902489	s	ZATU650	ZATU650	1	10460
o0902490	s	ZATU651	ZATU651	7	10462
o0902496	c	|ZATU651×GAR|	|ZATU651×GAR|	1	10467
o0902499	c	|ZATU651×NUN~a|	|ZATU651×NUN~a|	1	10471
o0902504	c	|ZATU651×ZAR~c|	|ZATU651×ZAR~c|	1	10477
o0902505	s	ZATU651@g	ZATU651@g	1	10482
o0902506	s	ZATU659	ZATU659	13	10491
o0902508	c	|ZATU659×1(N14)|	|ZATU659×1(N14)|	1	10494
o0902511	s	ZATU662	ZATU662	4	10504
o0902518	s	ZATU664	ZATU664	1	10514
o0902519	s	ZATU665	ZATU665	1	10516
o0902521	s	ZATU667	ZATU667	1	10520
o0902522	s	ZATU668	ZATU668	1	10522
o0902524	s	ZATU670	ZATU670	1	10526
o0902525	s	ZATU672	ZATU672	3	10529
o0902528	s	ZATU675~a	ZATU675~a	1	10535
o0902531	s	ZATU675~c	ZATU675~c	1	10540
o0902537	s	ZATU677~a	ZATU677~a	1	10550
o0902538	s	ZATU677~b	ZATU677~b	1	10552
o0902539	s	ZATU678	ZATU678	4	10554
o0902540	s	ZATU679	ZATU679	4	10556
o0902542	s	ZATU680~a1	ZATU680~a1	1	10559
o0902543	s	ZATU680~a2	ZATU680~a2	1	10561
o0902546	s	ZATU680~d	ZATU680~d	1	10566
o0902547	s	ZATU680~e	ZATU680~e	1	10568
o0902551	s	ZATU683~a	ZATU683~a	1	10575
o0902555	s	ZATU685	ZATU685	1	10583
o0902557	s	ZATU686~a	ZATU686~a	1	10586
o0902560	s	ZATU687	ZATU687	3	10592
o0902563	s	ZATU688~b	ZATU688~b	1	10597
o0902564	s	ZATU689	ZATU689	3	10599
o0902565	s	ZATU690	ZATU690	1	10601
o0902566	s	ZATU691	ZATU691	1	10603
o0902567	s	ZATU692	ZATU692	1	10605
o0902568	s	ZATU693	ZATU693	29	10607
o0902571	s	ZATU693@t	ZATU693@t	1	10611
o0902573	s	ZATU694~a	ZATU694~a	3	10615
o0902574	s	ZATU694~b	ZATU694~b	9	10617
o0902575	s	ZATU694~c	ZATU694~c	1	10619
o0902577	s	ZATU694~d	ZATU694~d	14	10622
o0902580	s	ZATU694~d@t	ZATU694~d@t	2	10624
o0902581	s	ZATU695	ZATU695	4	10628
o0902582	s	ZATU696	ZATU696	1	10630
o0902588	s	ZATU697~b	ZATU697~b	2	10639
o0902592	s	ZATU699~b	ZATU699~b	1	10647
o0902593	s	ZATU700	ZATU700	1	10649
o0902594	s	ZATU701	ZATU701	1	10651
o0902595	s	ZATU702	ZATU702	1	10653
o0902596	s	ZATU703	ZATU703	3	10655
o0902597	s	ZATU704	ZATU704	2	10657
o0902598	s	ZATU705	ZATU705	1	10659
o0902599	s	ZATU706	ZATU706	2	10661
o0902603	s	ZATU708	ZATU708	1	10668
o0902604	s	ZATU709	ZATU709	1	10670
o0902607	s	ZATU711	ZATU711	2	10676
o0902612	s	ZATU713	ZATU713	7	10684
o0902613	e		-	1	10686
o0902613	s	ZATU714	ZATU714	1	10686
o0902614	c	|ZATU714.RU|	|ZATU714.RU|	1	10687
o0902616	c	|ZATU714×HI@g~a|	|ZATU714×HI@g~a|	3	10688
o0902617	c	|ZATU714×X|	|ZATU714×X|	1	10690
o0902618	s	ZATU717	ZATU717	1	10696
o0902619	s	ZATU718	ZATU718	1	10698
o0902621	s	ZATU720	ZATU720	16	10702
o0902622	s	ZATU721	ZATU721	2	10704
o0902623	s	ZATU722	ZATU722	2	10706
o0902624	s	ZATU723	ZATU723	1	10708
o0902625	s	ZATU724	ZATU724	1	10710
o0902629	s	ZATU726~a	ZATU726~a	1	10716
o0902630	s	ZATU726~c	ZATU726~c	1	10719
o0902631	s	ZATU726~d	ZATU726~d	5	10721
o0902634	s	ZATU729	ZATU729	5	10727
o0902639	s	ZATU734	ZATU734	1	10738
o0902642	s	ZATU735~b	ZATU735~b	3	10743
o0902647	s	ZATU736~a	ZATU736~a	1	10750
o0902648	s	ZATU736~b	ZATU736~b	1	10752
o0902649	s	ZATU737	ZATU737	1	10754
o0902657	c	|ZATU737×BUR~a|	|ZATU737×BUR~a|	1	10759
o0902675	c	|ZATU737×ŠE~a|	|ZATU737×ŠE~a|	1	10786
o0902687	s	ZATU749~a	ZATU749~a	1	10816
o0902697	s	ZATU751~a	ZATU751~a	1	10832
o0902701	s	ZATU753	ZATU753	20	10842
o0902702	s	ZATU754	ZATU754	3	10845
o0902704	s	ZATU755~a	ZATU755~a	2	10848
o0902705	e		-	1	10850
o0902710	s	ZATU758	ZATU758	15	10859
o0902711	s	ZATU759	ZATU759	4	10861
o0902714	c	|ZATU759×KU₆~a|	|ZATU759×KU₆~a|	8	10862
o0902718	c	|ZATU759×X|	|ZATU759×X|	1	10868
o0902722	s	ZATU762~a	ZATU762~a	1	10879
o0902725	s	ZATU762~b	ZATU762~b	3	10885
o0902729	c	|ZATU762~a×NIM~a|	|ZATU762~a×NIM~a|	1	10880
o0902730	s	ZATU764	ZATU764	3	10890
o0902731	s	ZATU765	ZATU765	1	10892
o0902732	s	ZATU766	ZATU766	1	10894
o0902733	s	ZATU767	ZATU767	1	10896
o0902734	s	ZATU768	ZATU768	1	10898
o0902736	s	ZATU771	ZATU771	1	10903
o0902741	s	ZATU773~b	ZATU773~b	1	10911
o0902751	s	ZATU780	ZATU780	1	10930
o0902769	s	ZATU802	ZATU802	1	10970
o0902771	s	ZATU803	ZATU803	1	10974
o0902772	s	ZATU804	ZATU804	1	10976
o0902775	s	ZATU807	ZATU807	1	10982
o0902784	s	ZATU817	ZATU817	1	11001
o0902785	s	ZATU818	ZATU818	1	11003
o0902798	s	ZATU833	ZATU833	1	11032
o0902799	s	ZATU834	ZATU834	1	11034
o0902831	s	ZI~b	ZI~b	2	11094
o0902857	n	1(N01@r)	1(N01@r)	1	11173
o0902858	n	1(N01)	1(N01)	1254	11118
o0902859	n	2(N01)	2(N01)	510	11120
o0902860	n	3(N01)	3(N01)	279	11123
o0902861	n	4(N01)	4(N01)	189	11126
o0902862	n	5(N01)	5(N01)	222	11128
o0902863	n	6(N01)	6(N01)	115	11131
o0902864	n	7(N01)	7(N01)	72	11134
o0902865	n	8(N01)	8(N01)	55	11137
o0902866	n	9(N01)	9(N01)	45	11140
o0902869	n	1(N02)	1(N02)	28	11176
o0902871	n	2(N02)	2(N02)	14	11178
o0902872	n	3(N02)	3(N02)	8	11181
o0902873	n	4(N02)	4(N02)	3	11184
o0902874	n	5(N02)	5(N02)	6	11186
o0902875	n	6(N02)	6(N02)	2	11189
o0902876	n	7(N02)	7(N02)	1	11192
o0902877	n	8(N02)	8(N02)	2	11195
o0902878	n	9(N02)	9(N02)	1	11198
o0902882	n	4(N03)	4(N03)	1	11210
o0902884	n	1(N04)	1(N04)	1	11216
o0902885	n	2(N04)	2(N04)	1	11218
o0902894	n	1(N05)	1(N05)	7	11243
o0902895	n	2(N05)	2(N05)	4	11245
o0902896	n	3(N05)	3(N05)	1	11248
o0902898	n	5(N05)	5(N05)	2	11253
o0902909	n	1(N08)	1(N08)	47	11296
o0902912	e		-	1	11298
o0902912	n	2(N08)	2(N08)	5	11298
o0902914	n	3(N08)	3(N08)	1	11300
o0902916	n	4(N08)	4(N08)	3	11302
o0902919	n	5(N08)	5(N08)	1	11305
o0902923	n	9(N08)	9(N08)	1	11313
o0902926	n	1(N09)	1(N09)	18	11334
o0902927	n	1(N11)	1(N11)	4	11337
o0902928	n	1(N12)	1(N12)	1	11340
o0902929	n	1(N14)	1(N14)	392	11343
o0902930	n	2(N14)	2(N14)	221	11345
o0902932	n	3(N14)	3(N14)	115	11347
o0902933	n	4(N14)	4(N14)	87	11349
o0902934	n	5(N14)	5(N14)	21	11351
o0902936	n	6(N14)	6(N14)	11	11354
o0902938	n	7(N14)	7(N14)	4	11357
o0902939	n	8(N14)	8(N14)	2	11360
o0902957	n	3(N15)	3(N15)	1	11405
o0902962	n	1(N18)	1(N18)	1	11419
o0902972	n	1(N19)	1(N19)	1	11443
o0902973	n	2(N19)	2(N19)	1	11445
o0902978	n	7(N19)	7(N19)	2	11457
o0902991	n	1(N20)	1(N20)	6	11493
o0902992	n	2(N20)	2(N20)	2	11495
o0902993	n	3(N20)	3(N20)	2	11497
o0902994	n	4(N20)	4(N20)	2	11499
o0902999	n	9(N20)	9(N20)	1	11513
o0903005	n	1(N22)	1(N22)	2	11531
o0903016	n	1(N24)	1(N24)	25	11555
o0903022	n	1(N25)	1(N25)	3	11577
o0903023	n	1(N26)	1(N26)	6	11580
o0903026	n	1(N27)	1(N27)	1	11588
o0903028	n	1(N28)	1(N28)	12	11592
o0903039	n	1(N29A)	1(N29~a)	1	11609
o0903053	n	1(N30C)	1(N30~c)	1	11651
o0903056	n	1(N31)	1(N31)	1	11671
o0903057	n	1(N32)	1(N32)	2	11674
o0903058	n	1(N33)	1(N33)	1	11677
o0903059	n	1(N34)	1(N34)	191	11680
o0903061	n	2(N34)	2(N34)	62	11684
o0903062	n	3(N34)	3(N34)	33	11687
o0903063	n	4(N34)	4(N34)	18	11690
o0903064	n	5(N34)	5(N34)	17	11692
o0903065	n	6(N34)	6(N34)	8	11695
o0903066	n	7(N34)	7(N34)	4	11698
o0903067	n	8(N34)	8(N34)	3	11701
o0903068	n	9(N34)	9(N34)	4	11704
o0903070	n	1(N34@f)	1(N34@f)	1	11708
o0903079	n	1(N35)	1(N35)	2	11735
o0903082	n	1(N36)	1(N36)	4	11748
o0903083	n	2(N36)	2(N36)	3	11750
o0903084	n	3(N36)	3(N36)	1	11753
o0903086	n	5(N36)	5(N36)	1	11758
o0903094	n	1(N38)	1(N38)	4	11783
o0903115	n	1(N41)	1(N41)	1	11821
o0903133	n	1(N44)	1(N44)	1	11858
o0903134	n	1(N45)	1(N45)	22	11861
o0903137	n	2(N45)	2(N45)	6	11863
o0903138	n	3(N45)	3(N45)	2	11866
o0903153	n	1(N46)	1(N46)	4	11908
o0903154	n	2(N46)	2(N46)	2	11910
o0903158	n	1(N47)	1(N47)	1	11921
o0903159	n	2(N47)	2(N47)	1	11923
o0903161	n	1(N48)	1(N48)	28	11929
o0903162	n	2(N48)	2(N48)	10	11931
o0903163	n	3(N48)	3(N48)	3	11934
o0903170	n	2(N49)	2(N49)	1	11952
o0903171	n	3(N49)	3(N49)	1	11955
o0903175	n	2(N50)	2(N50)	1	11965
o0903188	n	1(N51)	1(N51)	31	11976
o0903189	n	2(N51)	2(N51)	7	11978
o0903190	n	3(N51)	3(N51)	4	11981
o0903191	n	4(N51)	4(N51)	2	11983
o0903192	n	5(N51)	5(N51)	2	11985
o0903194	n	7(N51)	7(N51)	1	11991
o0903195	n	8(N51)	8(N51)	1	11994
o0903196	n	1(N52)	1(N52)	1	12025
o0903198	n	3(N52)	3(N52)	1	12030
o0903199	n	4(N52)	4(N52)	1	12032
o0903200	n	5(N52)	5(N52)	1	12034
o0903201	n	3(N53)	3(N53)	1	12046
o0903202	n	1(N54)	1(N54)	6	12049
o0903203	n	2(N54)	2(N54)	3	12051
o0903204	n	3(N54)	3(N54)	1	12054
o0903207	n	1(N55)	1(N55)	1	12062
o0903210	e		-	8	12072
o0903210	n	1(N57)	1(N57)	54	12072
o0903222	e		-	2	12074
o0903222	n	2(N57)	2(N57)	12	12074
o0903223	c	|2(N57).AB₂|	|2(N57).AB₂|	1	2509
o0903234	e		-	1	12078
o0903234	n	3(N57)	3(N57)	13	12078
o0903248	c	|3(N57).PIRIG~b1|	|3(N57).PIRIG~b1|	1	2552
o0903257	n	4(N57)	4(N57)	3	12080
o0903264	n	5(N57)	5(N57)	6	12082
o0903268	n	6(N57)	6(N57)	1	12084
o0903273	n	7(N57)	7(N57)	1	12088
o0903280	e		-	18	12099
o0903280	n	1(N58)	1(N58)	14	12099
o0903283	c	|(1(N58).BAD)~b|	|1(N58).BAD~b|	4	2586
o0903284	n	2(N58)	2(N58)	3	12102
o0903285	n	3(N58)	3(N58)	4	12104
o0903294	n	1(N58@t)	1(N58)@t	1	12119
o0903309	n	1(N30D)	1(N30~d)	2	11665
o0903311	n	1(N39A)	1(N39~a)	5	11794
o0903312	n	2(N39A)	2(N39~a)	1	11796
o0903313	n	3(N39A)	3(N39~a)	1	11798
o0903315	n	1(N39B)	1(N39~b)	9	11803
o0903316	n	2(N39B)	2(N39~b)	2	11805
o0903317	n	3(N39B)	3(N39~b)	3	11807
o0903318	n	4(N39B)	4(N39~b)	2	11809
o0903340	n	1(N28C)	1(N28~c)	1	11600
o0903344	n	1(N42A)	1(N42~a)	1	11835
o0903346	n	3(N42A)	3(N42~a)	1	11839
o0903349	n	2(N42B)	2(N42~b)	3	11846
o0903352	n	1(N07A)	1(N07~a)	15	11282
o0903353	n	2(N07A)	2(N07~a)	11	11284
o0903354	n	3(N07A)	3(N07~a)	9	11286
o0903355	n	1(N07B)	1(N07~b)	4	11289
o0903356	n	2(N07B)	2(N07~b)	3	11291
o0903357	n	3(N07B)	3(N07~b)	2	11293
o0903568	c	|A×EN~a|	|A×EN~a|	1	8
o0903569	c	|AMAR×TAR~c|	|AMAR×TAR|	1	121
o0903570	c	|BU~a×A|	|BU~a×A|	1	737
o0903571	c	|(BU~a%BU~a).NA₂~a@n|	|(BU~a&BU~a).NA₂~a@n|	2	753
o0903576	c	|DUG~b×AB₂|	|DUG~b×AB₂|	1	988
o0903577	c	|DUG~b×HI@g~a|	|DUG~b×HI@g~a|	7	1021
o0903579	c	|(DUG~b&DUG~b)×1(N58)|	|DUG~b&(DUG~b×1(N58))|	1	1118
o0903580	s	DUG~c	DUG~c	27	1124
o0903581	c	|DUG~c×1(N57)|	|DUG~c×1(N57)|	5	1125
o0903582	c	|EZEN~a×EN~b|	|EZEN~a×EN~b|	1	1251
o0903586	c	|GA₂~a1×EN~b|	|GA₂~a1×EN~b|	1	1326
o0903590	c	|GA₂~b×DUB~b|	|GA₂~b×DUB~b|	1	1428
o0903600	c	|GI×LAGAB~a|	|GI×LAGAB~a|	2	1563
o0903601	c	|GI×1(N14)|	|GI×1(N14)|	1	1573
o0903605	c	|GUG₂×SILA₃~a|	|GUG₂×SILA₃~a|	1	1739
o0903611	c	|LAGAB~a×DU₆~a|	|LAGAB~a×DU₆~b|	1	2146
o0903616	c	|MAH~a×UD₅~a|	|MAH~a×UD₅~a|	2	2342
o0903617	c	|MAR~b×(LAGAB~b.ŠE₃)|	|MAR~b×(LAGAB~b.ŠE₃)|	1	2376
o0903619	c	|NUN~a+EN~a|	|NUN~a+EN~a|	10	2831
o0903620	c	|NUN~a+EN~b|	|NUN~a+EN~b|	1	2833
o0903631	c	|SILA₃~a×(ZATU659.TU~c)|	|SILA₃~a×(ZATU659.TU~c)|	1	3184
o0903638	c	|UNUG~a×A@t|	|UNUG~a×A@t|	1	9531
o0903639	c	|URU~a1×AMAR|	|URU~a1×AMAR|	2	9607
o0903642	c	|ZATU711×HI@g~a|	|ZATU711×HI@g~a|	2	10677
o0903643	c	|ZATU711×X|	|ZATU711×X|	1	10679
o0903644	c	|ZATU737×EN~a|	|ZATU737×EN~a|	1	10767
o0903645	c	|ZATU737×UNUG~a|	|ZATU737×UNUG~a|	1	10794
o0903646	c	|ZATU737×EN~b|	|ZATU737×EN~b|	1	10769
o0903648	c	|ZATU737×SAL|	|ZATU737×SAL|	1	10782
