o0900000	e		-	5	3
o0900000	s	A	A	524	3
o0900001	c	|A×AB₂|	|A×AB₂|	3	4
o0900009	s	A@t	A@t	1	20
o0900010	s	A₂	A₂	1	22
o0900012	e		-	49	24
o0900012	s	AB~a	AB~a	360	24
o0900014	e		-	1	50
o0900014	s	AB~b	AB~b	85	50
o0900016	c	|AB~b×A|	|AB~b×A|	1	51
o0900020	c	|AB~a×AŠ₂|	|AB~a×AŠ₂|	2	28
o0900023	c	|AB~b×KU₆~a|	|AB~b×KU₆~a|	1	53
o0900027	c	|AB~a×1(N04)|	|AB~a×1(N04)|	3	44
o0900029	c	|AB~a×SUKKAL|	|AB~a×SUKKAL|	3	33
o0900031	c	|AB~b×ŠA₃~a1|	|AB~b×ŠA₃~a1|	1	55
o0900033	c	|AB~a×(ŠE~a&ŠE~a)|	|AB~a×(ŠE~a&ŠE~a)|	3	35
o0900038	c	|AB~a×ZATU659|	|AB~a×ZATU659|	3	40
o0900040	s	AB~a@g	AB~a@g	2	48
o0900041	e		-	1	58
o0900041	s	AB₂	AB₂	258	58
o0900047	s	|NUN~a.ME~a|	ABGAL	51	67
o0900049	s	|NUN~a.ME~a.DU|	ABRIG	2	68
o0900050	s	ABZU	ABZU	5	69
o0900053	s	AD~a	AD~a	51	72
o0900054	s	AD~b	AD~b	2	74
o0900055	s	AD~c	AD~c	8	76
o0900056	s	ADAB	ADAB	24	78
o0900058	s	ADDA	ADDA	1	81
o0900060	s	AGAR₂	AGAR₂	18	85
o0900062	s	AK~a	AK~a	47	87
o0900064	s	AL	AL	118	91
o0900066	s	ALAN~a	ALAN~a	6	93
o0900067	s	ALAN~b	ALAN~b	7	95
o0900068	s	ALAN~c	ALAN~c	7	97
o0900070	s	ALAN~e	ALAN~e	2	101
o0900072	s	ALIM	ALIM	12	105
o0900074	s	AM~a	AM~a	2	107
o0900075	s	AM~b	AM~b	2	109
o0900077	s	AMA~a	AMA~a	84	111
o0900079	s	AMA~b	AMA~b	4	116
o0900081	c	|AMA~a×E₂~a|	|AMA~a×E₂~a|	4	112
o0900082	e		-	5	118
o0900082	s	AMAR	AMAR	121	118
o0900085	c	|AMAR.1(N02)|	|AMAR.1(N02)|	2	119
o0900089	e		-	2	131
o0900089	s	AN	AN	857	131
o0900093	s	ANŠE~a	ANŠE~a	4	136
o0900094	s	ANŠE~b	ANŠE~b	30	138
o0900095	s	ANŠE~c	ANŠE~c	3	140
o0900096	s	ANŠE~e	ANŠE~e	6	143
o0900097	s	ANŠE~f	ANŠE~f	5	145
o0900100	s	APIN~a	APIN	1	149
o0900100	s	APIN~a	APIN~a	203	149
o0900101	s	APIN~b	APIN~b	12	153
o0900102	s	APIN~c	APIN~c	1	155
o0900106	s	ARARMA₂~a	ARARMA₂~a	12	157
o0900108	s	|U₄.AB~b|	ARARMA₂~b	1	160
o0900109	s	|3(N57).LAM~a.KUR~a.RU|	ARATTA	1	161
o0900111	s	ASAR	ASAR	19	164
o0900112	s	AŠ₂	AŠ₂	1	167
o0900113	e		-	3	170
o0900113	s	AZ	AZ	18	170
o0900115	s	BA	BA	642	174
o0900116	e		-	64	176
o0900116	s	BAD	BAD	18	176
o0900117	c	|BAD&BAD|	|BAD&BAD|	7	178
o0900117	e		-	32	178
o0900119	s	BAD₃~a	BAD₃~a	2	181
o0900121	s	BAD₃~b1	BAD₃~b1	4	183
o0900122	c	BAD₃~b2	|EZEM~b×AN|	1	185
o0900122	s	BAD₃~b2	BAD₃~b2	3	185
o0900124	s	BAHAR₂~a	BAHAR₂~a	17	187
o0900128	s	BAHAR₂~c	BAHAR₂~c	19	193
o0900130	s	BALA~a	BALA~a	19	195
o0900133	s	BALAG	BALAG	12	200
o0900139	s	BAN~b	BAN~b	15	207
o0900142	s	BANŠUR~b1	BANŠUR~b1	3	213
o0900143	s	BANŠUR~b2	BANŠUR~b2	1	215
o0900144	s	BANŠUR~c	BANŠUR~c	2	217
o0900148	s	BAPPIR~a	BAPPIR~a	4	219
o0900149	s	BAPPIR~b	BAPPIR~b	3	221
o0900150	s	BAPPIR~c	BAPPIR~c	1	223
o0900151	s	BAPPIR~d	BAPPIR~d	6	225
o0900152	s	BAPPIR~e	BAPPIR~e	1	227
o0900153	s	BAPPIR~f	BAPPIR~f	1	229
o0900154	s	BAR	BAR	384	231
o0900158	s	BARA₂~a	BARA₂~a	56	237
o0900162	e		-	1	243
o0900162	s	BARA₃	BARA₃	17	243
o0900165	s	BIR~a	BIR~a	2	710
o0900169	e		-	1	716
o0900169	s	BIR₃~a	BIR₃~a	16	716
o0900171	s	BIR₃~b	BIR₃~b	4	719
o0900173	s	BIR₃~c	BIR₃~c	4	722
o0900175	e		-	4	725
o0900175	s	BU~a	BU~a	507	725
o0900177	e		-	1	758
o0900177	s	BU~b	BU~b	11	758
o0900185	c	|BU~a×GIŠ@t|	|BU~a×GIŠ@t|	1	739
o0900187	c	|BU~a×1(N58)|	|BU~a×1(N58)|	1	741
o0900191	c	|(BU~a&BU~a).NA₂~a|	|(BU~a&BU~a).NA₂~a|	7	744
o0900199	c	|BU~a+DU₆~a|	|BU~a.DU₆~a|	8	730
o0900199	c	|BU~a+DU₆~a|	|BU~a+DU₆~a|	47	730
o0900202	c	|BU~a+KI|	|BU~a+KI|	1	733
o0900205	e		-	1	762
o0900205	s	BU₃	BU₃	26	762
o0900205	s	BU₃	BU₃~a	3	762
o0900206	s	BULUG	BULUG	1	765
o0900207	s	BULUG₃	BULUG₃	35	767
o0900211	s	BUR~a	BUR~a	36	771
o0900212	s	BUR~b	BUR~b	7	773
o0900214	s	BUR~d	BUR~d	1	777
o0900215	e		-	5	779
o0900215	s	BUR₂	BUR₂	43	779
o0900217	e		-	1	781
o0900217	s	DA~a	DA~a	212	781
o0900222	c	|DA~a.LIŠ|	|DA~a.LIŠ|	1	782
o0900224	s	DAH	DAH	25	793
o0900225	s	DAM	DAM	14	795
o0900226	s	DANNA	DANNA	8	797
o0900228	s	DAR~a	DAR~a	25	799
o0900229	s	DAR~b	DAR~b	27	803
o0900230	s	DAR~c	DAR~c	6	805
o0900231	s	DAR~d	DAR~d	1	807
o0900233	c	|DAR~a×A|	|DAR~a×A|	1	800
o0900235	s	DARA₃~a	DARA₃~a	1	809
o0900237	s	DARA₃~c	DARA₃~c	6	813
o0900239	s	DARA₃~d	DARA₃~d	1	821
o0900241	c	|DARA₃~c×KAR₂|	|DARA₃~c×KAR₂|	3	814
o0900243	c	|DARA₃~d×KAR₂~b|	|DARA₃~d×KAR₂|	6	826
o0900247	c	|DARA₃~d×(KAR₂.ŠE~a)|	|DARA₃~d×(KAR₂.ŠE~a)|	1	824
o0900249	s	DARA₄~a1	DARA₄~a1	27	831
o0900252	s	DARA₄~b	DARA₄~b	2	837
o0900253	s	DARA₄~c	DARA₄~c	1	839
o0900254	s	DARA₄~c1	DARA₄~c1	18	841
o0900255	s	DARA₄~c2	DARA₄~c2	24	843
o0900256	s	DARA₄~c3	DARA₄~c3	5	845
o0900257	s	DARA₄~c4	DARA₄~c4	11	847
o0900258	s	DARA₄~c5	DARA₄~c5	1	849
o0900259	s	DARA₄~d	DARA₄~d	1	851
o0900260	s	DI	DI	106	853
o0900261	s	DI@t	DI@t	2	855
o0900262	s	DIB	DIB	3	857
o0900264	s	DILMUN	DILMUN	33	861
o0900269	s	DIM~a	DIM~a	50	865
o0900270	s	DIM~b	DIM~b	2	872
o0900271	s	DIM~c	DIM~c	19	874
o0900276	s	DIN	DIN	50	876
o0900277	c	|DIN×1(N58)|	|DIN+1(N57)|	1	878
o0900278	s	DIN@t	DIN@t	1	881
o0900279	e		-	3	884
o0900279	s	DU	DU	448	884
o0900281	c	|DU×1(N58@t)|	|DU×DIŠ|	3	886
o0900282	s	DU@g	DU@g	4	891
o0900284	s	DU₆~a	DU₆~a	14	893
o0900287	s	DU₆~b	DU₆~b	30	903
o0900291	s	DU₇	DU₇	7	907
o0900296	s	DU₈~c	DU₈~c	34	914
o0900299	c	|DU₈~c×AB₂|	|DU₈~c×AB₂|	1	915
o0900301	c	|DU₈~c×AMAR|	|DU₈~c×AMAR|	8	917
o0900305	c	|DU₈~c×UDU~a|	|DU₈~c×UDU~a|	8	921
o0900309	s	DU₈~c@g	DU₈@g~c	1	926
o0900309	s	DU₈~c@g	DU₈~c@g	19	926
o0900312	s	DUB~a	DUB~a	148	933
o0900319	s	DUB~d	DUB~d	2	945
o0900320	s	DUB~e	DUB~e	1	947
o0900321	s	DUB~f	DUB~f	4	949
o0900322	s	DUB~h	DUB~h	1	951
o0900326	c	|(DUB@n~a×1(N58))~b|	|(DUB×DIŠ)~c|	1	957
o0900329	s	DUB₂	DUB₂	2	962
o0900331	s	DUG~a	DUG~a	213	965
o0900334	s	DUG~b	DUG~b	77	987
o0900342	c	|DUG~b×ANŠE~b|	|DUG~b×ANŠE~b|	5	990
o0900343	c	|DUG~b×ANŠE~d|	|DUG~b×ANŠE~d|	2	992
o0900347	c	|DUG~b×BALA~a|	|DUG~b×BALA~a|	10	994
o0900349	c	|DUG~b×BIR₃~c|	|DUG~b×BIR₃~c|	2	996
o0900351	c	|DUG~b×DIN|	|DUG~b×DIN|	13	998
o0900356	c	|DUG~b×E~a|	|DUG~b×E~a|	1	1003
o0900359	c	|DUG~b×GA~b|	|DUG~b×GA~b|	2	1007
o0900363	c	|DUG~b×GEŠTU~b|	|DUG~b×GEŠTU~b|	1	1012
o0900365	c	|DUG~b×GI₆|	|DUG~b×GI₆|	3	1014
o0900367	c	|DUG~b×GIŠ|	|DUG~b×GIŠ|	7	1016
o0900370	c	|DUG~b×HI|	|DUG~b×HI|	6	1018
o0900375	c	|DUG~a×KASKAL|	|DUG~a×KASKAL|	1	968
o0900376	c	|DUG~b×KASKAL|	|DUG~b×KASKAL|	10	1023
o0900378	c	|DUG~a×KU₆~a|	|DUG~a×KU₆~a|	1	970
o0900379	c	|DUG~b×KU₆~a|	|DUG~b×KU₆~a|	2	1025
o0900381	c	|DUG~b×KUR~a|	|DUG~b×KUR~a|	3	1027
o0900382	c	|DUG~b×KUR~b|	|DUG~b×KUR~b|	2	1031
o0900384	c	|DUG~b×(KUR~a.X)|	|DUG~b×(KUR~a.X)|	1	1029
o0900386	c	|DUG~b×KUR@g~a|	|DUG~b×KUR@g~a|	4	1033
o0900388	c	|DUG~a×LAM~b|	|DUG~a×LAM~b|	1	972
o0900389	c	|DUG~b×LAM~a|	|DUG~b×LAM~a|	4	1035
o0900391	c	|DUG~b×MAŠ|	|DUG~b×MAŠ|	12	1037
o0900394	c	|DUG~a×1(N57)|	|DUG~a×1(N57)|	8	982
o0900395	c	|DUG~b×1(N57)|	|DUG~b×1(N57)|	4	1108
o0900401	c	|DUG~b×(1(N57).KU₃~a)|	|DUG~b×(1(N57).KU₃~a)|	3	1111
o0900403	c	|DUG~b×3(N57)|	|DUG~b×3(N57)|	1	1113
o0900407	c	|DUG~a×NAGA~a|	|DUG~a×NAGA~a|	1	974
o0900408	c	|DUG~b×NAGA~a|	|DUG~b×NAGA~a|	9	1040
o0900410	c	|DUG~b×NAM₂|	|DUG~b×NAM₂|	1	1042
o0900412	c	|DUG~b×(NI~a@g.ZATU779)|	|DUG~b×(NI~a@g.ZATU779)|	1	1044
o0900414	c	|DUG~b×SA~a|	|DUG~b×SA~a|	6	1046
o0900416	c	|DUG~b×(SA~a.GI)|	|DUG~b×(SA~a.GI)|	4	1048
o0900418	c	|DUG~b×SI₄~a|	|DUG~b×SI₄~a|	6	1050
o0900420	c	|DUG~b×(SI₄~a.X)|	|DUG~b×(SI₄~a.X)|	1	1052
o0900422	c	|DUG~b×SIG₂~a1|	|DUG~b×SIG₂~a1|	3	1054
o0900423	c	|DUG~b×SIG₂~a2|	|DUG~b×SIG₂~a2|	2	1056
o0900425	c	|DUG~b×SIG₇|	|DUG~b×SIG₇|	20	1058
o0900427	c	|DUG~b×SUHUR|	|DUG~b×SUHUR|	1	1060
o0900429	c	|DUG~b×SUKUD~d|	|DUG~b×SUKUD~d|	1	1062
o0900431	c	|DUG~b×ŠAH₂~a|	|DUG~b×ŠAH₂~a|	4	1064
o0900433	c	|DUG~b×ŠE~a|	|DUG~b×ŠE~a|	13	1066
o0900437	c	|DUG~b×(ŠE~a.NAM₂)|	|DUG~b×(ŠE~a.NAM₂)|	7	1070
o0900439	c	|DUG~b×TAK₄~a|	|DUG~b×TAK₄~a|	5	1072
o0900441	c	|DUG~b×(TAK₄~a.SA~a)|	|DUG~b×(TAK₄~a.SA~a)|	2	1074
o0900443	c	|DUG~b×(TAK₄~a.SAL)|	|DUG~b×(TAK₄~a.SAL)|	1	1076
o0900445	c	|DUG~b×TI|	|DUG~b×TI|	7	1078
o0900447	c	|DUG~a×U₂~a|	|DUG~a×U₂~a|	1	976
o0900448	c	|DUG~a×U₂~b|	|DUG~a×U₂~b|	1	978
o0900449	c	|DUG~b×U₂~a|	|DUG~b×U₂~a|	2	1080
o0900450	c	|DUG~b×U₂~b|	|DUG~b×U₂~b|	2	1082
o0900454	c	|DUG~b×(UDU~a×TAR~b)|	|DUG~b×(UDU~a×TAR~b)|	2	1087
o0900456	c	|DUG~b×UH₃~a|	|DUG~b×UH₃~a|	3	1089
o0900458	c	|DUG~b×UH₃~a@t|	|DUG~b×UH₃~a@t|	1	1091
o0900461	c	|DUG~b×X|	|DUG~b×X|	122	1093
o0900464	c	|DUG~b×ZATU707~a|	|DUG~b×ZATU707~a|	1	1096
o0900466	c	|DUG~b×ZATU764|	|DUG~b×ZATU764|	2	1098
o0900468	c	|DUG~b×ZATU779|	|DUG~b×ZATU779|	4	1100
o0900470	c	|DUG~b×ZATU780|	|DUG~b×ZATU780|	2	1102
o0900472	c	|DUG~b×ZATU781|	|DUG~b×ZATU781|	3	1104
o0900474	c	|DUG~b×(ZATU789.SA~a)|	|DUG~b×(ZATU789.SA~a)|	1	1106
o0900481	s	DUGUD	DUGUD	1	1137
o0900483	s	DUR~a	DUR~a	3	1139
o0900484	s	DUR~b	DUR~b	45	1141
o0900485	s	DUR₂	DUR₂	70	1144
o0900487	s	E~a	E~a	85	1146
o0900488	s	E~b	E~b	23	1148
o0900493	e		-	31	1157
o0900493	s	E₂~a	E₂	1	1157
o0900493	s	E₂~a	E₂~a	551	1157
o0900494	e		-	36	1167
o0900494	s	E₂~b	E₂~b	156	1167
o0900495	s	E₂~c	E₂~c	1	1174
o0900496	s	E₂~d	E₂~d	2	1176
o0900498	c	|E₂~a.LIŠ|	|E₂~a.LIŠ|	1	1158
o0900499	c	|E₂~b.LIŠ|	|E₂~b.LIŠ|	1	1168
o0900503	c	|E₂~a×1(N58@t)|	|E₂~a×1(N57)@t|	38	1162
o0900504	c	|E₂~b×1(N58@t)|	|E₂~b×1(N57)@t|	6	1170
o0900506	c	|E₂~a×3(N58)|	|E₂~a×3(N58)|	1	1160
o0900508	s	|DU.U₄.1(N14).1(N08)|	E₃~a	1	1178
o0900510	s	E₃~b	E₃~b	1	1179
o0900511	s	EDIN	EDIN	5	1181
o0900517	s	EN~b	EN~b	5	1197
o0900519	s	EN~c	EN~c	15	1202
o0900529	e		-	31	1214
o0900529	s	EN₂	EN₂	9	1214
o0900531	c	|EN₂.E₂~a|	|EN₂.E₂~a|	4	1215
o0900532	c	|EN₂.E₂~b|	|EN₂.E₂~b|	19	1216
o0900532	c	|EN₂.E₂~b|	|EN₂×E₂~b|	2	1216
o0900533	s	|EN~a.ME~a.MU|	ENDIB	6	1221
o0900534	s	|EN~a.ME~a.GI|	ENGIZ	21	1222
o0900535	s	|EN~a.EZEN~b×ŠE~a@t.NUN~a.SIG₇|	ENKUM	13	1223
o0900541	s	ERIM~a	ERIM~a	145	1227
o0900543	s	ERIM~b2	ERIM~b2	1	1231
o0900544	s	|NE~a.RU|	ERIM₂	22	1233
o0900545	e		-	1	1234
o0900545	s	ERIN	ERIN	108	1234
o0900546	e		-	84	1236
o0900546	s	EŠDA	EŠDA	16	1236
o0900547	c	|EŠDA×TAR~a|	|EŠDA×TAR|	1	1238
o0900548	s	EŠGAR	EŠGAR	16	1243
o0900550	s	EZEN~a	EZEN~a	10	1247
o0900552	s	EZEN~b	EZEN~b	86	1283
o0900559	c	|EZEN~a×(HI×1(N57).AN)|	|EZEN~a×(HI.1(N57).AN)|	1	1254
o0900563	c	|EZEN~a×KAŠ~b|	|EZEN~a×KAŠ~b|	2	1258
o0900565	c	|EZEN~a×KI|	|EZEN~a+KI|	1	1260
o0900570	c	|EZEN~b×6(N57)|	|EZEN~b×6(N57)|	1	1284
o0900575	c	|EZEN~a×NIMGIR|	|EZEN~a×NIMGIR|	1	1267
o0900581	c	|EZEN~a×SU~a|	|EZEN~a×SU~a|	8	1273
o0900583	c	|EZEN~a×(U₂~b.A)|	|EZEN~a×(U₂~b.A)|	4	1275
o0900587	c	|EZEN~a×X|	|EZEN~a×X|	1	1279
o0900592	s	EZEN~b@t	EZEN~b@t	2	1288
o0900592	s	EZEN~b@t	EZEN~c	3	1288
o0900594	s	EZINU~a	EZINU~a	11	1292
o0900595	s	EZINU~b	EZINU~b	1	1294
o0900596	s	EZINU~c	EZINU~c	4	1296
o0900597	s	EZINU~d	EZINU~d	5	1298
o0900604	s	GA~b	GA~b	25	1310
o0900605	s	GA~c	GA~c	4	1312
o0900607	c	|GA~a.ZATU753|	|GA~a.ZATU753|	84	1301
o0900610	c	|GA~c×KASKAL|	|GA~c×KASKAL|	2	1313
o0900612	c	|GA~c×1(N14)|	|GA~c×1(N14)|	1	1315
o0900616	e		-	4	1319
o0900616	s	GA₂~a1	GA₂~a1	92	1319
o0900617	s	GA₂~a2	GA₂~a2	37	1398
o0900618	s	GA₂~a3	GA₂~a3	1	1418
o0900620	s	GA₂~b	GA₂~b	8	1424
o0900621	s	GA₂~c	GA₂~c	1	1439
o0900623	c	|GA₂~a1×A|	|GA₂~a1×A|	2	1320
o0900625	c	|GA₂~b×DUB~a|	|GA₂~b×DUB~a|	8	1425
o0900628	c	|GA₂~a1×E₂~a|	|GA₂~a×E₂~a|	1	1322
o0900630	c	|GA₂~a1×EN~a|	|GA₂~a1×EN~a|	3	1324
o0900633	c	|GA₂~a1×GEŠTU~a|	|GA₂~a1×GEŠTU~a|	1	1328
o0900634	c	|GA₂~a1×GEŠTU~c3|	|GA₂~a1×GEŠTU~c3|	1	1330
o0900635	c	|GA₂~a1×GEŠTU~c5|	|GA₂~a1×GEŠTU~c5|	10	1332
o0900637	c	|GA₂~a1×GIR~a|	|GA₂~a1×GIR~a|	5	1334
o0900639	c	|GA₂~a1×(GIR~a.KU₆~a)|	|GA₂~a1×(GIR~a.KU₆~a)|	1	1336
o0900644	c	|GA₂~a2×GU₄|	|GA₂~a2×GU₄|	4	1399
o0900650	c	|GA₂~a1×HI|	|GA₂~a1×HI|	2	1344
o0900654	c	|GA₂~a1×KU₃~a|	|GA₂~a1×KU₃~a|	1	1348
o0900655	c	|GA₂~b×KU₃~a|	|GA₂~b×KU₃~a|	1	1430
o0900657	c	|GA₂~a1×KU₆~a|	|GA₂~a1×KU₆~a|	9	1350
o0900658	c	|GA₂~b×KU₆~a|	|GA₂~b×KU₆~a|	1	1432
o0900660	c	|GA₂~a1×(KU₆~a.KU₆~a)|	|GA₂~a1×(KU₆~a.KU₆~a)|	1	1352
o0900664	c	|GA₂~a1×MAŠ|	|GA₂~a1×MAŠ|	1	1356
o0900666	c	|GA₂~a1×1(N14)|	|GA₂~a1×1(N14)|	1	1391
o0900671	c	|GA₂~a2×3(N57)|	|GA₂~a2×3(N57)|	1	1415
o0900675	c	|GA₂~a1×NAGA~a|	|GA₂~a1×NAGA~a|	1	1358
o0900678	c	|GA₂~a2×NI~b|	|GA₂~a2×NI~b|	1	1404
o0900680	c	|GA₂~a1×NIM~b1|	|GA₂~a2×NIM~b1|	1	1360
o0900685	c	|GA₂~a1×PAD~b|	|GA₂~a1×PAD~b|	1	1364
o0900687	c	|GA₂~a1×PAP~a|	|GA₂~a1×PAP~a|	1	1366
o0900689	c	|GA₂~a1×SU~a|	|GA₂~a1×SU~a|	1	1368
o0900691	c	|GA₂~a1×SUHUR|	|GA₂~a1×SUHUR|	1	1370
o0900694	c	|GA₂~a1×SUKUD|	|GA₂~a1×SUKUD|	2	1372
o0900697	c	|GA₂~a1×((SUKUD+SUKUD)~b)|	|GA₂~a1×(SUKUD&SUKUD)~b|	1	1376
o0900701	c	|GA₂~a1×ŠA|	|GA₂~a1×ŠA|	1	1382
o0900705	c	|GA₂~a1×TI|	|GA₂~a1×TI|	3	1384
o0900707	c	|GA₂~a1×U₄|	|GA₂~a1×U₄|	13	1386
o0900709	c	|GA₂~a1×X|	|GA₂~a1×X|	10	1388
o0900711	c	|GA₂~a2×X|	|GA₂~a2×X|	1	1413
o0900715	c	|GA₂~b×ZATU659|	|GA₂~b×ZATU659|	1	1436
o0900719	s	GAʾAR~a1	GAʾAR~a1	43	1441
o0900720	s	GAʾAR~a2	GAʾAR~a2	15	1443
o0900721	s	GAʾAR~b1	GAʾAR~b1	1	1445
o0900722	s	GAʾAR~b2	GAʾAR~b2	1	1447
o0900724	s	GADA~a	GADA~a	98	1450
o0900727	s	GADA~b@g	GADA~b@g	2	1454
o0900729	e		-	61	1456
o0900729	s	GAL~a	GAL~a	1101	1456
o0900730	s	GAL~b	GAL~b	5	1463
o0900732	s	GALGA~a	GALGA~a	12	1465
o0900733	s	GALGA~b	GALGA~b	3	1467
o0900742	s	GAN~c	GAN~c	40	1477
o0900747	c	|GAN~c×DIN|	|GAN~c×DIN|	1	1478
o0900761	c	|GAN~c×LAGAB~b|	|GAN~c×LAGAB~b|	1	1488
o0900763	c	|GAN~c×(4(N57).GAR)|	|GAN~c×(4(N57).GAR)|	1	1502
o0900765	c	|GAN~c×NE~a|	|GAN~c×NE~a|	3	1490
o0900767	c	|GAN~c×SIG₇|	|GAN~c×SIG₇|	1	1492
o0900773	c	|GAN~c×X|	|GAN~c×X|	2	1498
o0900778	s	GAN₂	GAN₂	254	1512
o0900779	e		-	22	1514
o0900779	s	GAR	GAR	278	1514
o0900782	s	GAR@g~b	GAR@g~b	3	1518
o0900783	s	GAR@g~c	GAR@g~c	3	1520
o0900786	s	GARA₂~a	GARA₂~a	53	1524
o0900787	s	GARA₂~b	GARA₂~b	2	1526
o0900788	s	GAZI	GAZI	15	1528
o0900790	s	GEŠTIN~a	GEŠTIN~a	8	1530
o0900792	s	GEŠTIN~d	GEŠTIN~d	1	1536
o0900793	s	GEŠTIN~e	GEŠTIN~e	1	1538
o0900797	e		-	1	1540
o0900797	s	GEŠTU~a	GEŠTU~a	14	1540
o0900800	s	GEŠTU~b	GEŠTU~b	44	1547
o0900801	s	GEŠTU~c3	GEŠTU~c3	6	1550
o0900803	s	GEŠTU~c5	GEŠTU~c5	2	1553
o0900806	e		-	23	1555
o0900806	s	GI	GI	586	1555
o0900809	c	|GI×A|	|GI+A|	1	1557
o0900812	c	|GI×KU~b1|	|GI×KU~b1|	6	1561
o0900816	c	|GI×1(N58@t)|	|GI×1(N58)@t|	2	1576
o0900822	c	|GI&GI|	|GI&GI|	82	1578
o0900829	s	GI₄~a	GI₄~a	30	1592
o0900830	s	GI₄~b	GI₄~b	1	1598
o0900832	c	|GI₄~a×A|	|GI₄~a×A|	1	1593
o0900834	c	|GI₄~a&GI₄~a|	|GI₄~a&GI₄~a|	1	1595
o0900836	s	GI₆	GI₆	111	1602
o0900836	s	GI₆	GI₆~a	1	1602
o0900839	s	GIBIL	GIBIL	96	1607
o0900840	s	GIBIL@t	GIBIL@t	1	1609
o0900841	s	|NE~c.GI|	GIBIL₆	2	1611
o0900845	e		-	1	1615
o0900845	s	GIR~a	GIR~a	19	1615
o0900848	s	GIR~c	GIR~c	3	1624
o0900851	c	|GIR~b.GIR~b|	|GIR~b.GIR~b|	4	1620
o0900853	c	|GIR~a.KU₆~a|	|GIR~a.KU₆~a|	1	1616
o0900855	s	GIR₂~a	GIR₂~a	65	1628
o0900858	s	GIR₃~a	GIR₃~a	7	1632
o0900860	e		-	2	1638
o0900860	s	GIR₃~c	GIR₃~c	102	1638
o0900862	c	|GIR₃~c×KAR₂~b|	|GIR₃~c×KAR₂|	3	1640
o0900869	s	GIR₃@g~a	GIR₃@g~a	1	1648
o0900870	s	GIR₃@g~b	GIR₃@g~b	75	1650
o0900871	s	GIR₃@g~c	GIR₃@g~c	9	1652
o0900871	s	GIR₃@g~c	GIR₃~c@g	1	1652
o0900875	e		-	27	1660
o0900875	s	GIŠ	GIŠ	366	1660
o0900877	c	|GIŠ.TE|	|GIŠ.TE|	27	1661
o0900879	c	|(GIŠ×(DIN.DIN))~a|	|(GIŠ×(DIN.DIN))~a|	4	1663
o0900881	c	|(GIŠ×(DIN.DIN))~c|	|(GIŠ×(DIN.DIN))~c|	1	1667
o0900883	c	|(GIŠ×ŠU₂)~a|	|GIŠ×ŠU₂~a|	41	1670
o0900884	c	|(GIŠ×ŠU₂)~b|	|GIŠ×ŠU₂~b|	16	1672
o0900885	s	GIŠ@t	GIŠ@t	29	1680
o0900889	s	GIŠ₃~a	GIŠ₃~a	13	1684
o0900890	s	GIŠ₃~b	GIŠ₃~b	53	1688
o0900892	c	|GIŠ₃~a&GIŠ₃~a|	|GIŠ₃~a&GIŠ₃~a|	3	1685
o0900893	s	GIŠGAL	GIŠGAL	10	1690
o0900896	s	GIŠIMMAR~a1	GIŠIMMAR~a1	2	1693
o0900897	s	GIŠIMMAR~a2	GIŠIMMAR~a2	6	1695
o0900898	s	GIŠIMMAR~a3	GIŠIMMAR~a3	2	1697
o0900903	s	GIŠIMMAR~b3	GIŠIMMAR~b3	1	1706
o0900905	s	|GEŠTU~a.NAGA~a|	GIZZAL~v	1	1708
o0900906	s	GU	GU	81	1709
o0900906	s	GU	GU~a	16	1709
o0900907	s	GU₂	GU₂	2	1712
o0900908	s	GU₄	GU₄	144	1714
o0900912	s	GU₇	GU₇	304	1725
o0900914	s	GU₄@g	GU₄@g	5	1722
o0900916	s	GUB₃~a	GUB₃~a	6	1728
o0900917	s	GUB₃~b	GUB₃~b	2	1730
o0900918	s	GUB₃~c	GUB₃~c	2	1732
o0900919	s	GUB₃~d	GUB₃~d	1	1734
o0900920	e		-	7	1738
o0900920	s	GUG₂	GUG₂	139	1738
o0900920	s	GUG₂	GUG₂~a	3	1738
o0900929	s	GUKKAL~a	GUKKAL~a	1	1752
o0900931	s	GUKKAL~c	GUKKAL~c	7	1758
o0900935	s	GUL	GUL	24	1762
o0900937	s	GUM~a	GUM~a	1	1764
o0900938	s	GUM~b	GUM~b	37	1766
o0900941	s	GUM~b@n	GUM~b@n	1	1769
o0900944	s	GUN₃~a	GUN₃~a	12	1772
o0900945	s	GUN₃~b	GUN₃~b	9	1774
o0900946	s	GUR	GUR	2	1776
o0900954	c	|GURUŠ~c×2(N14)|	|GURUŠ~c×2(N14)|	1	1789
o0900955	s	GURUŠDA	GURUŠDA	31	1791
o0900955	s	GURUŠDA	GURUŠDA~a	8	1791
o0900956	s	HAL	HAL	85	1794
o0900957	s	HALUB	HALUB	11	1796
o0900958	s	HAŠHUR	HAŠHUR	61	1798
o0900959	c	|HAŠHUR×MA|	|HAŠHUR×MA|	1	1799
o0900960	e		-	8	1802
o0900960	s	HI	HI	316	1802
o0900960	s	HI	HI~a	4	1802
o0900966	c	|HI.LAGAB~a|	|HI×LAGAB~a|	3	1804
o0900968	c	|HI×1(N57)|	|HI×1(N57)|	9	1812
o0900968	e		-	2	1812
o0900969	c	|(HI×1(N57)).(HI×1(N57))|	|(HI×1(N57)).(HI×1(N57))|	1	1818
o0900970	c	|HI×1(N57@t)|	|HI×1(N57)@t|	2	1820
o0900976	s	HI@g~a	HI@g	3	1834
o0900976	s	HI@g~a	HI@g~a	158	1834
o0900976	s	HI@g~a	HI~a@g	5	1834
o0900977	s	HI@g~b	HI@g~b	10	1836
o0900978	s	HI@g~c	HI@g~c	1	1838
o0900981	s	I	I	42	1842
o0900983	e		-	82	1844
o0900983	s	IB~a	IB~a	251	1844
o0900983	s	IB~a	ŠAB~a	1	1844
o0900984	s	IB~b	IB~b	1	1851
o0900985	s	IB~c	IB~c	5	1853
o0900987	s	IB~a@n	IB~a@n	1	1849
o0900988	s	IDIGNA	IDIGNA	47	1855
o0900991	s	IG~a	IG~a	2	1858
o0900992	s	IG~b	IG~b	2	1860
o0900995	s	IL	IL	10	1864
o0900998	s	|NAGAR~b.BU~a|	ILDUM~b	4	1867
o0901000	s	IM~a	IM~a	97	1868
o0901001	s	IM~b	IM~b	13	1872
o0901005	s	IN~b	IN~b	26	1874
o0901007	s	IN~d	IN~d	1	1877
o0901009	e		-	1	1879
o0901009	s	IR~a	IR~a	44	1879
o0901010	s	IR~b	IR~b	2	1883
o0901014	c	|IR~a.GA₂~a1|	|IR~a.GA₂~a1|	1	1880
o0901018	s	IRHAN	IRHAN	1	1890
o0901020	s	IŠ~a	IŠ~a	23	1892
o0901022	s	IŠ~b	IŠ~b	67	1897
o0901028	s	IŠ~c	IŠ~c	1	1904
o0901030	e		-	1	1906
o0901030	s	KA~a	KA~a	90	1906
o0901036	c	|KA~a×SAR~a|	|KA~a×SAR~a|	1	1908
o0901038	s	KA₂~a	KA₂~a	11	1913
o0901039	s	KA₂~b	KA₂~b	6	1915
o0901043	c	|KA₂~d×LAM~b|	|KA₂×LAM|	18	1920
o0901044	s	KAB	KAB	92	1924
o0901044	s	KAB	TUKU	3	1924
o0901045	c	|KAB×1(N58)|	|KAB×1(N58)|	1	1925
o0901045	c	|KAB×1(N58)|	|TUKU+DIŠ|	1	1925
o0901047	s	KAD₄~a	KAD₄~a	9	1928
o0901048	s	KAD₄~b	KAD₄~b	2	1930
o0901052	e		-	3	1936
o0901052	s	KAK~a	KAK~a	44	1936
o0901055	c	|KAK~a.GA₂~a1|	|KAK~a.GA₂~a1|	3	1937
o0901057	s	KAL~a	KAL~a	5	1942
o0901058	s	KAL~b1	KAL~b1	2	1944
o0901060	s	KAL~b2	KAL~b2	15	1947
o0901062	s	KALAM~a	KALAM~a	26	1949
o0901063	s	KALAM~b	KALAM~b	51	1951
o0901064	s	KALAM~c	KALAM~c	1	1953
o0901065	s	KALAM~d	KALAM~d	1	1955
o0901066	s	KALAM~e	KALAM~e	1	1957
o0901067	s	KALAM~f	KALAM~f	1	1959
o0901068	s	KALAM~g	KALAM~g	6	1961
o0901069	s	KALAM~h	KALAM~h	2	1963
o0901070	s	KALAM~h2	KALAM~h2	1	1965
o0901071	s	|TE.A|	KAR	5	1967
o0901073	s	KAR₂~a	KAR₂~a	61	1969
o0901074	s	KAR₂~b	KAR₂~b	10	1971
o0901075	s	KASKAL	APIN	1	1973
o0901075	s	KASKAL	APIN~a	1	1973
o0901075	s	KASKAL	KASKAL	48	1973
o0901076	s	KASKAL@g	KASKAL@g	1	1975
o0901078	s	KAŠ~a	KAŠ~a	103	1977
o0901080	s	KAŠ~b	KAŠ~b	86	1980
o0901082	s	KAŠ~c	KAŠ~c	114	1988
o0901083	s	KAŠ~d	KAŠ~d	19	1990
o0901090	s	KI	KI	529	1995
o0901090	s	KI	KI~a	10	1995
o0901091	s	KI@n	KI@n	4	1998
o0901093	c	|KI@n×DUB~a|	|KI@n+DUB~a|	1	2000
o0901094	s	KIB	KIB	9	2003
o0901095	s	KIB@g	KIB@g	1	2005
o0901097	s	KID~a	KID~a	18	2007
o0901098	s	KID~b	KID~b	71	2009
o0901099	s	KID~c	KID~c	3	2011
o0901101	s	KID~e	KID~e	3	2015
o0901102	s	KIN	KIN	3	2017
o0901105	s	KIN₂~b	KIN₂~b	1	2021
o0901106	e		-	5	2023
o0901106	s	KIN₂~c	KIN₂~c	8	2023
o0901107	s	KIN₂~d	KIN₂~d	3	2025
o0901111	s	|SAL.SILA₄~c|	KIR₁₁	22	2031
o0901113	s	KISAL~a1	KISAL~a1	2	2032
o0901115	s	KISAL~b1	KISAL~b1	189	2036
o0901116	s	KISAL~b2	KISAL~b2	7	2038
o0901117	s	KISAL~b3	KISAL~b3	2	2042
o0901120	s	KISAL~b2@t	KISAL~b2@t	2	2040
o0901122	s	KISIM~a	KISIM~a	61	2044
o0901123	s	KISIM~b	KISIM~b	23	2046
o0901131	s	KIŠIK~a	KIŠIK~a	29	2057
o0901132	s	KIŠIK~b	KIŠIK~b	3	2059
o0901136	s	KU~a	KU~a	4	2065
o0901137	s	KU~b1	KU~b1	74	2069
o0901138	s	KU~b2	KU~b2	27	2071
o0901142	e		-	17	2073
o0901142	s	KU₃~a	KU₃~a	202	2073
o0901143	s	KU₃~c	KU₃~c	2	2076
o0901145	e		-	5	2078
o0901145	s	KU₆~a	KU₆~a	323	2078
o0901146	s	KU₆~c	KU₆~c	1	2088
o0901147	s	KU₆~d	KU₆~d	1	2090
o0901149	c	|KU₆~a.1(N02)|	|KU₆~a.1(N02)|	3	2079
o0901153	c	|KU₆~a+KU₆~a|	|KU₆~a+KU₆~a|	8	2081
o0901155	s	KU₆~a@s	KU₆~a@s	1	2086
o0901158	e		-	113	2094
o0901158	s	KUR~a	KUR~a	189	2094
o0901159	s	KUR~b	KUR~b	1	2102
o0901164	c	|KUR~a.E₂~a|	|KUR~a.E₂~a|	13	2095
o0901169	s	KUR@g~a	KUR@g~a	4	2112
o0901173	s	KUŠU₂~b	KUŠU₂~b	2	2119
o0901174	s	KUŠU₂~c	KUŠU₂~c	3	2121
o0901175	s	KUŠU₂~d	KUŠU₂~d	1	2123
o0901177	s	KUŠU₂~f	KUŠU₂~f	1	2127
o0901179	s	LA~b	LA	1	2130
o0901179	s	LA~b	LA~b	1	2130
o0901180	s	LA~c	LA~c	1	2132
o0901184	s	LA₂	LA₂	88	2138
o0901186	e		-	3	2141
o0901186	s	LAGAB~a	LAGAB~a	36	2141
o0901187	e		-	9	2203
o0901187	s	LAGAB~b	LAGAB~b	130	2203
o0901189	c	|LAGAB~b.TE|	|LAGAB~b.TE|	9	2204
o0901191	c	|LAGAB~a×BA|	|LAGAB~a×BA|	1	2142
o0901195	c	|LAGAB~a×BIR₃~b|	|LAGAB~a×BIR₃~b|	2	2144
o0901205	c	|LAGAB~a×KAK~a|	|LAGAB~a×KAK~a|	1	2149
o0901207	c	|LAGAB~a×KU₆~a|	|LAGAB~a×KU₆~a|	1	2151
o0901209	c	|LAGAB~a×(KU₆~a+KU₆~a)|	|LAGAB~a×(KU₆~a+KU₆~a)|	1	2153
o0901217	c	|LAGAB~a×LAGAB~a|	|LAGAB~a×LAGAB~a|	1	2160
o0901225	c	|LAGAB~a×1(N58)|	|LAGAB~a×1(N58)|	1	2199
o0901227	c	|LAGAB~a×NI~a|	|LAGAB~a×NI~a|	1	2165
o0901231	c	|LAGAB~a×PA~a|	|LAGAB~a×PA~a|	3	2169
o0901232	c	|LAGAB~b×PA~a|	|LAGAB~b×PA~a|	1	2218
o0901239	c	|LAGAB~a×SU~a|	|LAGAB~a×SU~a|	1	2175
o0901241	c	|LAGAB~b×SUH₃|	|LAGAB~b×SUH₃|	1	2222
o0901243	c	|LAGAB~a×ŠA|	|LAGAB~a×ŠA|	10	2177
o0901245	c	|LAGAB~a×ŠITA~a1|	|LAGAB~a×ŠITA~a1|	20	2181
o0901248	c	|LAGAB~a×TI|	|LAGAB~a×TI|	1	2184
o0901250	c	|LAGAB~a×U₄|	|LAGAB~a×U₄|	1	2187
o0901251	c	|LAGAB~b×U₄|	|LAGAB~b×U₄|	2	2226
o0901255	c	|LAGAB~a×X|	|LAGAB~a×X|	2	2191
o0901260	c	|LAGAB~b&LAGAB~b|	|LAGAB~b&LAGAB~b|	1	2232
o0901260	c	|LAGAB~b&LAGAB~b|	|LAGAB~b+LAGAB~b|	1	2232
o0901260	c	|LAGAB~b&LAGAB~b|	|LAGAB~b×LAGAB~b|	2	2232
o0901262	e		-	5	2236
o0901262	s	LAGAR~a	LAGAR~a	35	2236
o0901263	s	LAGAR~b1	LAGAR~b1	1	2240
o0901265	s	LAGAR~c	LAGAR~c	1	2244
o0901267	s	LAGAR~a@r	LAGAR~a@r	1	2238
o0901268	s	|ŠITA~a1.MUD₃~a|	LAHTAN₂	9	2246
o0901270	s	LAL₂~a	LAL₂~a	26	2259
o0901275	c	|LAL₂~a×NAGA~a|	|LAL₂~a×NAGA~a|	2	2262
o0901277	c	|LAL₂~a×NIM~b2|	|LAL₂~a×NIM~b2|	3	2264
o0901279	s	LAL₃~a	LAL₃~a	5	2269
o0901280	s	LAL₃~b	LAL₃~b	2	2271
o0901283	e		-	1	2275
o0901283	s	LAM~a	LAM~a	4	2275
o0901301	s	LI	LI	7	2289
o0901303	e		-	3	2290
o0901303	s	LIŠ	LIŠ	7	2290
o0901304	e		-	12	2292
o0901304	s	LU₂	LU₂	43	2292
o0901308	c	|LU₂×GEŠTU~c3|	|LU₂×GEŠTU~c3|	1	2293
o0901312	s	LUM	LUM	13	2304
o0901313	s	MA	MA	137	2306
o0901316	c	|MA×MA|	|MA×MA|	1	2309
o0901318	c	|MA×1(N58)|	|MA×1(N58)|	1	2315
o0901320	s	MA₂	MA₂	1	2319
o0901325	s	MAH~a	MAH~a	11	2325
o0901326	s	MAH~b	MAH~b	1	2355
o0901332	c	|MAH~a×KU₆~a|	|MAH~a×KU₆~a|	1	2330
o0901335	c	|MAH~a×MAŠ|	|MAH~a×MAŠ|	7	2332
o0901336	c	|MAH~b×MAŠ|	|MAH~b×MAŠ|	1	2358
o0901338	c	|MAH~a×NA~a|	|MAH~a×NA~a|	3	2334
o0901339	c	|MAH~b×NA~a|	|MAH~b×NA~a|	1	2360
o0901347	c	|MAH~a×TUN₃~c|	|MAH~a×TUN₃~c|	1	2340
o0901357	c	|MAH~a×X|	|MAH~a×X|	2	2350
o0901361	s	MAR~a	MAR~a	138	2365
o0901363	s	MAR~b	MAR~b	12	2373
o0901365	c	|MAR~b×GAR|	|MAR~b×GAR|	1	2374
o0901371	c	|MAR~b×X|	|MAR~b×X|	2	2380
o0901373	s	MAR~a@g	MAR@g~a	2	2368
o0901375	s	MAR~a@t	MAR~a@t	1	2371
o0901376	s	MAŠ	MAŠ	167	2384
o0901377	s	MAŠ₂	MAŠ₂	158	2386
o0901377	s	MAŠ₂	MAŠNITA	1	2386
o0901378	s	MAŠ₂@g	MAŠ₂@g	1	2388
o0901380	e		-	81	2391
o0901380	s	ME~a	ME~a	387	2391
o0901381	s	ME~b	ME~b	2	2394
o0901382	s	ME₃	ME₃	5	2396
o0901386	s	MEN~b	MEN~b	2	2402
o0901390	s	MIR~a	MIR~a	23	2407
o0901391	s	MIR~b	MIR~b	16	2409
o0901392	e		-	6	2411
o0901392	s	MU	MU	119	2411
o0901393	s	MUD	MUD	113	2413
o0901396	e		-	9	2416
o0901396	s	MUD₃~a	MUD₃~a	23	2416
o0901397	s	MUD₃~b	MUD₃~b	1	2423
o0901398	s	MUD₃~c	MUD₃~c	4	2425
o0901399	s	MUD₃~d	MUD₃~d	5	2427
o0901401	s	MUD₃~a@g	MUD₃@g	2	2418
o0901401	s	MUD₃~a@g	MUD₃~a@g	4	2418
o0901404	s	MUL	MUL	3	2430
o0901407	s	MUN~a1	MUN~a1	48	2432
o0901408	s	MUN~a2	MUN~a2	4	2435
o0901409	s	MUN~a3	MUN~a3	1	2438
o0901410	s	MUN~a4	MUN~a4	1	2440
o0901411	s	MUN~b	MUN~b	2	2442
o0901414	s	MUNŠUB~b	MUNŠUB~b	18	2446
o0901415	s	MUNU₃	MUNU₃	16	2448
o0901416	s	|SAL.LAGAR~a|	MURUB₂	5	2450
o0901417	s	MUŠ	MUŠ	3	2451
o0901422	s	MUŠ₃~b	MUŠ₃~b	3	2463
o0901426	e		-	33	2465
o0901426	s	MUŠEN	MUŠEN	253	2465
o0901427	c	|MUŠEN.3(N58)|	|MUŠEN.3(N58)|	1	2467
o0901430	c	|1(N57).MUŠEN|	|1(N57).MUŠEN|	4	2472
o0901430	c	|1(N57).MUŠEN|	|MUŠEN×1(N57)|	1	2472
o0901431	c	|2(N57).MUŠEN|	|2(N57).MUŠEN|	2	2474
o0901431	c	|2(N57).MUŠEN|	|MUŠEN×2(N57)|	24	2474
o0901432	c	|3(N57).MUŠEN|	|MUŠEN×3(N57)|	1	2476
o0901434	c	|MUŠEN×PAP~a|	|MUŠEN×PAP~a|	1	2468
o0901437	e		-	13	2594
o0901437	s	NA~a	NA	1	2594
o0901437	s	NA~a	NA~a	149	2594
o0901438	s	NA~b	NA~b	3	2596
o0901440	s	NA~d	NA~d	1	2600
o0901444	s	NA₂~b1	NA₂~b1	5	2607
o0901445	s	NA₂~b2	NA₂~b2	7	2609
o0901446	s	NA₂~c	NA₂~c	1	2611
o0901448	s	NAB	NAB	19	2613
o0901452	e		-	1	2618
o0901452	s	NAGA~a	NAGA~a	137	2618
o0901455	c	|NAGA~a×TAK₄~a|	|NAGA~a×TAK₄~a|	1	2619
o0901461	e		-	4	2630
o0901461	s	NAGAR~b	NAGAR~b	90	2630
o0901464	s	NAM~a	NAM~a	5	2634
o0901466	s	NAM~c	NAM~c	3	2638
o0901467	s	NAM~d	NAM~d	4	2640
o0901468	e		-	295	2642
o0901468	s	NAM₂	NAM₂	452	2642
o0901469	c	|NAM₂×1(N01)|	|NAM₂×1(N01)|	1	2643
o0901470	s	NAM₂@g	NAM₂@g	1	2647
o0901471	s	NAM₂@t	NAM₂@t	8	2649
o0901475	s	|URI₃~a.NA~a|	NANNA~a	11	2652
o0901477	s	|ŠEŠ~a.NA~a|	NANNA~b	2	2653
o0901479	s	NANŠE~a	NANŠE~a	4	2654
o0901480	s	NANŠE~b	NANŠE~b	7	2656
o0901481	s	NAR	NAR	118	2658
o0901483	e		-	22	2661
o0901483	s	NE~a	NE~a	254	2661
o0901487	e		-	2	2670
o0901491	s	|GIR₃~c.AB~a|	NERGAL~v	1	2676
o0901493	s	NESAG₂~a	NESAG₂~a	34	2677
o0901495	s	NESAG₂~a2	NISAG~a3	1	2680
o0901499	s	NESAG₂~b@t	NESAG₂~b@t	1	2685
o0901501	e		-	79	2687
o0901501	s	NI~a	NI~a	258	2687
o0901502	s	NI~b	NI~b	86	2695
o0901504	c	|NI~a.RU|	|NI~a.RU|	78	2688
o0901508	c	|NI~b×4(N57)|	|NI~b×4(N57)|	1	2698
o0901513	s	NI₂	NI₂	32	2704
o0901514	s	NIGIN	NIGIN	9	2706
o0901516	e		-	2	2708
o0901516	s	NIM~a	NIM~a	58	2708
o0901517	s	NIM~b1	NIM~b1	66	2710
o0901518	s	NIM~b2	NIM~b2	19	2712
o0901519	s	NIM~b3	NIM~b3	1	2714
o0901524	s	|SAL.NAM₂|	NIN	104	2721
o0901525	s	NINDA₂	NINDA₂	9	2722
o0901527	c	|NINDA₂×AN|	|NINDA₂×AN|	2	2723
o0901528	c	|NINDA₂×(AN.HI)|	|NINDA₂×(AN.HI)|	2	2725
o0901530	c	|NINDA₂×(HI.ME~a)|	|NINDA₂×(HI+ME~a)|	4	2754
o0901533	c	|NINDA₂×(HI.AN.ME~a)|	|NINDA₂×(HI.AN.ME~a)|	5	2752
o0901535	c	|NINDA₂×(AN.ME~a)|	|NINDA₂×(AN.ME~a)|	1	2727
o0901537	c	|NINDA₂×(AN.X)|	|NINDA₂×(AN.X)|	1	2729
o0901538	c	|NINDA₂×BA|	|NINDA₂×BA|	1	2731
o0901540	c	|NINDA₂×EZEN~b|	|NINDA₂×EZEN~b|	2	2733
o0901542	c	|NINDA₂×GAʾAR~a1|	|NINDA₂×GAʾAR~a1|	1	2735
o0901543	c	|NINDA₂×GAR|	|NINDA₂×GAR|	1	2737
o0901544	c	|NINDA₂×GIŠ|	|NINDA₂×GIŠ|	2	2739
o0901547	c	|NINDA₂×GU₄|	|NINDA₂×GU₄|	1	2743
o0901548	c	|NINDA₂×HI|	|NINDA₂×HI|	5	2750
o0901549	c	|NINDA₂×(HI.X)|	|NINDA₂×(HI.X)|	1	2756
o0901551	c	|NINDA₂×(1(N06).HI@g~a)|	|NINDA₂×(HI@g~a.1(N06))|	2	2798
o0901553	c	|NINDA₂×KAŠ~b|	|NINDA₂×KAŠ~b|	3	2760
o0901556	c	|NINDA₂×MAR~b|	|NINDA₂×MAR~b|	1	2764
o0901557	c	|NINDA₂×1(N01)|	|NINDA₂×1(N01)|	3	2792
o0901558	c	|NINDA₂×2(N01)|	|NINDA₂×2(N01)|	1	2794
o0901564	c	|NINDA₂×NUN~a|	|NINDA₂×NUN~a|	3	2768
o0901567	c	|NINDA₂×U₄|	|NINDA₂×U₄|	3	2772
o0901568	c	|NINDA₂×(U₄.X)|	|NINDA₂×(U₄.X)|	1	2774
o0901570	c	|NINDA₂×(UDU~a×TAR~a)|	|NINDA₂×((UDU~a×TAR)~a)|	1	2780
o0901571	c	|NINDA₂×(UDU~a×TAR~b)|	|NINDA₂×((UDU~a+TAR)~b)|	1	2782
o0901572	c	|NINDA₂×X|	|NINDA₂×X|	8	2784
o0901575	c	|NINDA₂×(ZATU659×1(N01))|	|NINDA₂×(ZATU659×1(N01))|	2	2788
o0901576	c	|NINDA₂×ZATU710|	|NINDA₂×ZATU710|	3	2790
o0901577	s	|SAL.NAM₂.EZEN~b×ŠE~a@t.NUN~a.SIG₇|	NINKUM	10	2804
o0901578	s	|E₂~a.NUN~a|	NINLIL	4	2805
o0901580	s	NIR~a	NIR~a	30	2806
o0901581	s	NIR~b	NIR~b	4	2810
o0901583	c	|NIR~a×AN|	|NIR~a×AN|	14	2807
o0901584	s	NU	NU	55	2813
o0901585	s	NU@g	NU@g	9	2815
o0901586	s	NU₁₁	NU₁₁	43	2818
o0901587	c	|NU₁₁&NU₁₁|	|NU₁₁&NU₁₁|	1	2819
o0901588	s	NU₁₁@t	NU₁₁@t	4	2822
o0901589	s	NUMUN	NUMUN	14	2824
o0901590	s	NUMUN₂	NUMUN₂	2	2826
o0901592	e		-	80	2828
o0901592	s	NUN~a	NUN~a	524	2828
o0901593	e		-	1	2843
o0901593	s	NUN~b	NUN~b	76	2843
o0901601	c	|NUN~b.U₄|	|NUN~b.U₄|	1	2844
o0901603	c	|NUN~a+A|	|NUN~a+A|	1	2829
o0901609	c	|NUN~b+EN~a|	|EN~a+NUN~b|	6	2845
o0901609	c	|NUN~b+EN~a|	|NUN~b+EN~a|	2	2845
o0901611	c	|NUN~a+NAM₂|	|NUN~a+NAM₂|	13	2837
o0901613	s	NUNUZ~a0	NUNUZ~a0	12	2856
o0901613	s	NUNUZ~a0	NUNUZ~a1@n	1	2856
o0901614	e		-	23	2858
o0901614	s	NUNUZ~a1	NUNUZ~a1	156	2858
o0901615	s	NUNUZ~a2	NUNUZ~a2	7	2863
o0901616	s	NUNUZ~b1	NUNUZ~b1	3	2865
o0901617	s	NUNUZ~b2	NUNUZ~b2	1	2867
o0901618	e		-	2	2869
o0901618	s	NUNUZ~c	NUNUZ~c	24	2869
o0901623	s	NUNUZ~a1@t	NUNUZ~a1@t	2	2861
o0901636	s	PAD~a	PAD~a	27	2889
o0901637	s	PAD~b	PAD~b	1	2891
o0901639	e		-	10	2893
o0901639	s	PAP~a	PAP~a	756	2893
o0901640	s	PAP~b	PAP~b	1	2897
o0901645	s	PIRIG~a1	PIRIG~a1	1	2903
o0901647	s	PIRIG~a3	PIRIG~a3	1	2907
o0901648	e		-	34	2909
o0901648	s	PIRIG~b1	PIRIG~b1	131	2909
o0901649	s	PIRIG~b2	PIRIG~b2	1	2918
o0901653	c	|PIRIG~b1×UR₂|	|PIRIG~b1×UR₂|	2	2913
o0901655	c	|PIRIG~b1+DIN|	|PIRIG~b1+DIN|	2	2910
o0901656	s	PU₂	PU₂	38	2920
o0901657	s	RA	RA	3	2924
o0901659	s	RAD~a	RAD~a	225	2926
o0901660	s	RAD~b	RAD~b	2	2932
o0901662	s	RAD~a@g	RAD~a@g	9	2928
o0901664	s	RAD~a@t	RAD~a@t	2	2930
o0901668	s	RI₈~a	RI₈~a	7	2936
o0901669	s	RI₈~b	RI₈~b	1	2938
o0901674	s	SA~a	SA~a	24	2947
o0901675	s	SA~c	SA~c	52	2949
o0901681	c	|SAG×GEŠTU~a|	|SAG×GEŠTU~a|	1	2958
o0901682	c	|SAG×GEŠTU~b|	|SAG×GEŠTU~b|	3	2960
o0901689	c	|SAG×NAM₂|	|SAG+NAM₂|	1	2969
o0901694	s	SAG@g	SAG@g	9	2979
o0901695	s	SAG@n	SAG@n	17	2981
o0901696	s	SAGŠU	SAGŠU	31	2983
o0901697	e		-	193	2985
o0901697	s	SAL	SAL	699	2985
o0901699	c	|SAL.KUR~a|	|SAL.KUR~a|	45	2986
o0901701	c	|SAL.LAM~b|	|SAL.LAM~b|	2	2987
o0901702	s	|SAL.ME~a|	LUKUR	1	2988
o0901703	c	|SAL.ŠU₂|	|SAL.ŠU₂|	2	2989
o0901704	c	|SAL×1(N58)|	|SAL×1(N58)|	2	2993
o0901705	c	|SAL.ZATU751~a|	|SAL+ZATU751~a|	1	2990
o0901707	c	|SAL.ZATU751~c|	|SAL.ZATU751~c|	1	2992
o0901715	s	SANGA~e	SANGA~e	1	3017
o0901718	s	SAR~a	SAR~a	74	3020
o0901719	s	SAR~b	SAR~b	5	3024
o0901720	s	SAR~c	SAR~c	4	3026
o0901721	s	SAR~d	SAR~d	1	3028
o0901723	c	|SAR~a×ŠE~a|	|SAR~a×ŠE~a|	21	3021
o0901728	c	|SI×EN~a|	|SI×EN~a|	1	3033
o0901729	c	|SI×GU₄|	|SI×GU₄|	1	3035
o0901731	c	|SI×KU~b1|	|SI×KU~b1|	17	3037
o0901732	c	|SI×1(N58)|	|SI×1(N58)|	1	3045
o0901733	c	|SI×SAL|	|SI×SAL|	1	3039
o0901736	c	|SI×TUN₃~a|	|SI×TUN₃~a|	1	3043
o0901737	c	|SI+AN|	|SI+AN|	1	3031
o0901739	s	SI₄~a	SI₄~a	47	3049
o0901742	s	SI₄~d	SI₄~d	3	3055
o0901744	s	SI₄~f	SI₄~f	73	3058
o0901746	s	SIG	SIG	84	3061
o0901749	s	SIG@g	SIG@g	1	3066
o0901751	s	SIG₂~a1	SIG₂~a	1	3070
o0901751	s	SIG₂~a1	SIG₂~a1	23	3070
o0901752	s	SIG₂~a2	SIG₂~a2	17	3072
o0901753	s	SIG₂~a3	SIG₂~a3	14	3076
o0901756	s	SIG₂~a4	SIG₂~a4	1	3080
o0901757	s	SIG₂~b	SIG₂~b	122	3082
o0901758	s	SIG₂~c1	SIG₂~c1	1	3089
o0901759	s	SIG₂~c2	SIG₂~c2	1	3091
o0901760	s	SIG₂~d1	SIG₂~d1	10	3093
o0901761	s	SIG₂~d2	SIG₂~d2	1	3095
o0901765	s	SIG₂~e	SIG₂~e	3	3102
o0901769	c	|SIG₂~b&SIG₂~b|	|SIG₂~b.SIG₂~b|	2	3086
o0901771	e		-	23	3106
o0901771	s	SIG₇	SIG₇	64	3106
o0901775	s	SILA₃~a	SILA₃~a	44	3110
o0901776	s	SILA₃~b	SILA₃~b	5	3191
o0901777	s	SILA₃~c	SILA₃~c	1	3203
o0901781	c	|SILA₃~a×A|	|SILA₃~a×A|	1	3114
o0901792	c	|SILA₃~a×GARA₂~a|	|SILA₃~a+GARA₂~a|	1	3125
o0901792	c	|SILA₃~a×GARA₂~a|	|SILA₃~a×GARA₂~a|	17	3125
o0901796	c	|SILA₃~a×GEŠTU~c5|	|SILA₃~a×GEŠTU~c5|	1	3131
o0901798	c	|SILA₃~b×GUG₂|	|SILA₃~b×GUG₂|	1	3194
o0901800	c	|SILA₃~a×HAŠHUR|	|SILA₃~a×HAŠHUR|	4	3133
o0901802	c	|SILA₃~a×HI|	|SILA₃~a×HI|	6	3135
o0901808	c	|SILA₃~a×KAŠ~a|	|SILA₃~a+KAŠ~a|	2	3141
o0901808	c	|SILA₃~a×KAŠ~a|	|SILA₃~a×KAŠ~a|	2	3141
o0901809	c	|SILA₃~a×KAŠ~c|	|SILA₃~a×KAŠ~c|	2	3143
o0901810	c	|SILA₃~a×KAŠ~d|	|SILA₃~a×KAŠ~d|	2	3145
o0901812	c	|SILA₃~a×KU₆~a|	|SILA₃~a×KU₆~a|	9	3147
o0901814	c	|SILA₃~a×KUR~a|	|SILA₃~a×KUR~a|	1	3149
o0901820	c	|SILA₃~a×MUD₃~b|	|SILA₃~a+MUD₃~b|	1	3155
o0901822	c	|SILA₃~a×1(N57)|	|SILA₃~a×1(N57)|	2	3186
o0901826	c	|SILA₃~a×NAGA~a|	|SILA₃~a×NAGA~a|	2	3157
o0901829	c	|SILA₃~a×NI~a|	|SILA₃~a×NI~a|	8	3159
o0901830	c	|SILA₃~b×NI~a|	|SILA₃~b×NI~a|	1	3198
o0901831	c	|SILA₃~b×NI~b|	|SILA₃~b×NI~b|	1	3200
o0901832	c	|SILA₃~d×NI~a|	|SILA₃~d×NI~a|	2	3210
o0901834	c	|SILA₃~a×NUN~b|	|SILA₃~a×NUN~b|	1	3161
o0901839	c	|SILA₃~a×SUM~b|	|SILA₃~a×SUM~b|	1	3167
o0901843	c	|SILA₃~a×ŠE~a@t|	|SILA₃~a×ŠE~a@t|	13	3171
o0901845	c	|SILA₃~a×ŠU|	|SILA₃~a×ŠU|	14	3173
o0901848	c	|SILA₃~a×ŠU₂|	|SILA₃~a×ŠU₂|	11	3175
o0901850	c	|SILA₃~a×X|	|SILA₃~a×X|	5	3178
o0901854	c	|SILA₃~a×ZATU646|	|SILA₃~a×ZATU646|	1	3182
o0901858	c	|SILA₃~c×ZATU687|	|SILA₃~c×ZATU687|	1	3206
o0901860	s	SILA₄~a	SILA₄~a	17	3212
o0901861	s	SILA₄~b	SILA₄~b	24	3214
o0901862	e		-	22	3216
o0901862	s	SILA₄~c	SILA₄~c	52	3216
o0901864	s	SILA₄~d	SILA₄~d	1	3218
o0901865	s	SILANITA	SILANITA	25	3220
o0901865	s	SILANITA	SILANITA~a	1	3220
o0901866	s	SIMUG	SIMUG	12	3223
o0901868	s	|PA~a.UDU~a|	SIPA	6	3226
o0901873	s	SU~c	SU~c	1	3235
o0901875	c	|SU~a×1(N58)|	|SU~a×1(N58)|	2	3228
o0901876	s	SU₃	SU₃	6	3237
o0901878	s	SUG	SUG	8	3239
o0901879	s	SUG₅	SUG₅	84	3241
o0901879	s	SUG₅	SUG₅~a	1	3241
o0901880	s	SUH₃	SUH₃	4	3244
o0901881	e		-	5	3246
o0901881	s	SUHUR	SUHUR	252	3246
o0901881	s	SUHUR	SUHUR~a	1	3246
o0901883	s	SUHUR@g	SUHUR@g	4	3250
o0901884	s	SUHUR@n	SUHUR@n	5	3252
o0901885	s	SUHUR@t	SUHUR@t	6	3254
o0901887	s	SUKKAL	SUKKAL	128	3256
o0901888	s	SUKUD	SUKUD	8	3259
o0901890	c	|(SUKUD+SUKUD)~a|	|(SUKUD+SUKUD)~a|	4	3260
o0901891	c	|(SUKUD+SUKUD)~b|	|(SUKUD+SUKUD)~b|	12	3262
o0901893	c	|(SUKUD+SUKUD)~d|	|(SUKUD+SUKUD)~d|	3	3266
o0901896	s	SUKUD@g~b	SUKUD@g~b	1	3273
o0901898	s	SUKUD@g~c	SUKUD@g~c	1	3276
o0901899	s	SUKUD@g~d	SUKUD@g~d	3	3278
o0901900	s	SUKUD@h	SUKUD@h	1	3280
o0901904	s	SUM~b	SUM~b	15	3289
o0901906	s	SUM~a@t	SUM~a@t	1	3287
o0901907	s	SUMAŠ	SUMAŠ	1	3291
o0901908	s	SUR	SUR	8	3293
o0901909	s	|MUŠ₃~a.ERIN|	SUSA	1	3295
o0901910	s	ŠA	ŠA	131	3296
o0901914	c	|(ŠA×HI@g~a)~a|	|(ŠA×HI@g~a)~a|	14	3298
o0901915	c	|(ŠA×HI@g~a)~b|	|(ŠA×HI@g~a)~b|	3	3300
o0901916	s	ŠA@g	ŠA@g	19	3306
o0901918	s	ŠA₃~a1	ŠA₃~a1	107	3308
o0901919	s	ŠA₃~a2	ŠA₃~a2	24	3311
o0901919	s	ŠA₃~a2	ŠA₃~b1	1	3311
o0901920	s	ŠA₃~b	ŠA₃~b	1	3316
o0901921	s	ŠA₃~c	ŠA₃~c	2	3319
o0901924	s	ŠA₃~a2@g	ŠA₃~a2@g	1	3314
o0901934	e		-	4	3330
o0901934	s	ŠAH₂~a	ŠAH₂~a	19	3330
o0901935	s	ŠAH₂~b	ŠAH₂~b	1	3332
o0901938	s	ŠAKIR~a	ŠAKIR~a	3	3336
o0901939	s	ŠAKIR~b	ŠAKIR~b	8	3338
o0901940	s	ŠAKIR~c	ŠAKIR~c	47	3340
o0901941	s	ŠAM₂	ŠAM₂	61	3343
o0901943	s	|GAL~a.NIM~a|	ŠANDANA~a	2	3346
o0901944	s	|GAL~a.NI~a|	ŠANDANA~b	1	3347
o0901946	e		-	112	3348
o0901946	s	ŠE~a	ŠE~a	973	3348
o0901947	s	ŠE~b	ŠE~b	4	3368
o0901951	c	|ŠE~a.GAR|	|ŠE~a.GAR|	2	3349
o0901953	c	|ŠE~a.KIN₂~c|	|ŠE~a.KIN₂~c|	5	3352
o0901955	c	|ŠE~a.NAM₂|	|ŠE~a.NAM₂|	95	3353
o0901955	c	|ŠE~a.NAM₂|	|ŠE~a+NAM₂|	2	3353
o0901959	c	|ŠE~a&ŠE~a|	|ŠE~a&ŠE~a|	28	3356
o0901961	s	ŠE~a@t	ŠE~a@t	12	3362
o0901966	s	ŠEG₉	ŠEG₉	23	3379
o0901967	s	|ŠE~a.GUG₂|	ŠELU	7	3382
o0901971	s	ŠEN~b	ŠEN~b	51	3387
o0901973	s	ŠEN~c	ŠEN~c	1	3390
o0901977	s	ŠEN~e	ŠEN~e	6	3401
o0901979	c	|ŠEN~d×A|	|ŠEN~d×A|	1	3396
o0901981	s	ŠEN~c@t	ŠEN~c@t	28	3393
o0901983	s	ŠENNUR~a	ŠENNUR~a	10	3403
o0901984	s	ŠENNUR~b	ŠENNUR~b	2	3405
o0901986	e		-	2	3407
o0901986	s	ŠEŠ~a	ŠEŠ~a	9	3407
o0901990	s	ŠIDIM	ŠIDIM	27	3413
o0901996	s	ŠIM~b	ŠIM~b	1	3421
o0902004	e		-	9	3431
o0902004	s	ŠITA~a1	ŠITA~a	2	3431
o0902004	s	ŠITA~a1	ŠITA~a1	287	3431
o0902005	s	ŠITA~a2	ŠITA~a2	1	3445
o0902006	s	ŠITA~a3	ŠITA~a3	19	3447
o0902007	s	ŠITA~b1	ŠITA~b1	17	3449
o0902008	s	ŠITA~b2	ŠITA~b2	5	3453
o0902009	s	ŠITA~b3	ŠITA~b3	3	3458
o0902014	c	|ŠITA~a1×KAK~a|	|ŠITA~a1×KAK~a|	2	3432
o0902016	c	|ŠITA~a1×1(N06)|	|ŠITA~a1×1(N06)|	3	3440
o0902020	c	|ŠITA~a1×ŠU|	|ŠITA~a1×ŠU|	2	3434
o0902022	c	|ŠITA~a1×ŠU₂|	|ŠITA~a1×ŠU₂|	1	3436
o0902024	c	|ŠITA~a1×UDU~a|	|ŠITA~a1×UDU~a|	5	3438
o0902026	s	ŠITA@g~b	ŠITA@g~b	4	3471
o0902028	s	ŠITA@g~a	ŠITA@g~a	18	3464
o0902030	c	|ŠITA@g~a×1(N04)|	|ŠITA@g~a×1(N04)|	1	3465
o0902032	c	|ŠITA@g~a×1(N06)|	|ŠITA@g~a×1(N06)|	4	3467
o0902033	s	ŠU	ŠU	542	3473
o0902034	c	|ŠU×1(N58)|	|ŠU×1(N58)|	1	3474
o0902035	c	|ŠU&ŠU|	|ŠU&ŠU|	21	3476
o0902036	s	ŠU@g	ŠU@g	4	3479
o0902041	c	|ŠU₂.AN|	|ŠU₂.AN|	1	3484
o0902041	c	|ŠU₂.AN|	|ŠU₂+AN|	1	3484
o0902043	c	|ŠU₂.E₂~a|	|ŠU₂.E₂~a|	9	3485
o0902044	c	|ŠU₂.E₂~b|	|ŠU₂.E₂~b|	13	3486
o0902050	c	|ŠU₂.(HI×1(N57))&(HI×1(N57))|	|ŠU₂.((HI+1(N57))+(HI+1(N57)))|	1	3491
o0902051	c	|ŠU₂.1(N02)|	|ŠU₂.1(N02)|	1	3494
o0902054	c	|ŠU₂.PAP~a|	|ŠU₂.PAP~a|	1	3492
o0902057	c	|ŠU₂.1(N24)|	|ŠU₂×1(N24)|	1	3495
o0902059	s	ŠU₁₂	ŠU₁₂	1	3521
o0902060	e		-	37	3523
o0902060	s	ŠUBUR	ŠUBUR	262	3523
o0902061	s	ŠUM	ŠUM	21	3526
o0902063	s	ŠUR₂~a	ŠUR₂~a	14	3531
o0902064	s	ŠUR₂~b	ŠUR₂~b	13	3533
o0902066	c	|ŠUR₂×1(N58)|	|ŠUR₂×1(N58)|	4	3529
o0902074	s	TA~a	TA~a	4	3540
o0902075	s	TA~b	TA~b	1	3542
o0902076	s	TA~c	TA~c	19	3544
o0902077	s	TA~d	TA~d	2	3546
o0902078	s	TA~e	TA~e	1	3550
o0902081	c	|TA~d×MAŠ|	|TA~d×MAŠ|	1	3547
o0902083	s	TAG~a1	TAG~a1	9	3554
o0902084	s	TAG~a2	TAG~a2	9	3558
o0902085	s	TAG~a3	TAG~a3	2	3560
o0902086	s	TAG~a4	TAG~a4	1	3562
o0902087	s	TAG~b	TAG~b	11	3564
o0902088	s	TAG~c	TAG~c	1	3567
o0902089	s	TAG~d	TAG~d	3	3569
o0902094	s	TAK₄~a	TAK₄~a	177	3571
o0902096	s	TAK₄~c	TAK₄~c	3	3576
o0902098	s	TAK₄~a@n	TAK₄~a@n	1	3574
o0902100	s	TAR~a	TAR~a	95	3578
o0902102	e		-	41	3584
o0902102	s	TE	TE	238	3584
o0902102	s	TE	TE~a	1	3584
o0902103	s	TI	TI	74	3588
o0902103	s	TI	TI~a	12	3588
o0902105	s	TI@g	TI@g	1	3592
o0902106	s	TI@r	TI@r	2	3594
o0902107	s	TI@t	TI@t	16	3596
o0902108	s	|GIR₃~c.PIRIG~b1|	TIDNUM	1	3598
o0902109	s	TILLA₂	TILLA₂	5	3599
o0902111	s	TU~a	TU~a	22	3601
o0902112	s	TU~b	TU~b	28	3603
o0902116	e		-	32	3607
o0902116	s	TUG₂~a	TUG₂~a	273	3607
o0902117	s	TUG₂~b	TUG₂~b	1	3616
o0902118	s	TUG₂~c	TUG₂~c	1	3618
o0902121	c	|TUG₂~a.BAD&BAD|	|TUG₂~a.(BAD&BAD)|	32	3608
o0902128	s	TUM~a	TUM~a	23	3625
o0902129	s	TUM~b	TUM~b	4	3629
o0902130	s	TUM~c	TUM~c	12	3631
o0902131	s	TUM~d	TUM~d	2	3634
o0902133	s	TUM~a@g	TUM~a@g	1	3627
o0902136	s	TUN₃~a	TUN₃~a	71	3636
o0902137	s	TUN₃~b	TUN₃~b	3	3638
o0902138	s	TUN₃~c	TUN₃~c	3	3640
o0902144	s	TUR@g	TUR@g	8	3649
o0902146	e		-	1	3652
o0902146	s	TUR₃~a	TUR₃~a	145	3652
o0902147	s	TUR₃~b	TUR₃~b	6	3658
o0902150	c	|TUR₃~a.5(N57)|	|TUR₃~a.5(N57)|	1	3653
o0902156	s	U₂~a	U₂~a	133	3664
o0902161	e		-	111	3672
o0902161	s	U₄	U₄	396	3672
o0902163	c	|U₄.1(N08)|	|U₄.1(N08)|	43	3674
o0902163	c	|U₄.1(N08)|	|U₄+1(N08)|	5	3674
o0902164	c	|U₄.2(N08)|	|U₄.2(N08)|	11	3675
o0902165	c	|U₄.3(N08)|	|U₄.3(N08)|	10	3676
o0902166	c	|U₄.4(N08)|	|U₄.4(N08)|	2	3677
o0902167	c	|U₄.5(N08)|	|U₄.5(N08)|	6	3678
o0902168	c	|U₄.6(N08)|	|U₄.6(N08)|	4	3679
o0902169	c	|U₄.7(N08)|	|U₄.7(N08)|	2	3680
o0902170	c	|U₄.8(N08)|	|U₄.8(N08)|	1	3681
o0902171	c	|U₄.1(N14)|	|U₄.1(N14)|	1	3682
o0902172	c	|U₄.1(N14).3(N08)|	|(U₄+1(N14)).3(N08)|	2	3684
o0902173	c	|U₄.1(N14).4(N08)|	|U₄.(1(N14).4(N08))|	1	3685
o0902174	c	|U₄.1(N14).5(N08)|	|U₄.(1(N14).5(N08))|	4	3686
o0902175	c	|U₄.1(N14).8(N08)|	|U₄.(1(N14).8(N08))|	1	3687
o0902176	c	|U₄.2(N14)|	|U₄.2(N14)|	2	3688
o0902177	c	|U₄.ŠU₂|	|U₄.ŠU₂|	9	3673
o0902178	c	|U₄×1(N01)|	|U₄×1(N01)|	35	3695
o0902178	e		-	2	3695
o0902179	c	|U₄×1(N01).5(N08)|	|U₄×1(N01).5(N08)|	2	3698
o0902180	c	|U₄×(1(N01).1(N24))|	|U₄×(1(N01).1(N24))|	1	3699
o0902180	c	|U₄×(1(N01).1(N24))|	|U₄×1(N01)+1(N24)|	1	3699
o0902182	c	|U₄×2(N01)|	|U₄×2(N01)|	11	3702
o0902182	e		-	3	3702
o0902183	c	|U₄×2(N01).2(N14)|	|U₄×2(N01).2(N14)|	1	3708
o0902184	c	|U₄×2(N01).2(N14).1(N08)|	|U₄×2(N01).(2(N14).1(N08))|	1	3709
o0902185	c	|U₄×2(N01).X|	|U₄×2(N01).X|	1	3707
o0902186	c	|U₄×3(N01)|	|U₄×3(N01)|	4	3710
o0902186	e		-	1	3710
o0902188	c	|U₄×4(N01)|	|U₄×4(N01)|	6	3714
o0902188	e		-	1	3714
o0902189	c	|U₄×4(N01).2(N14)|	|U₄×4(N01).2(N14)|	1	3717
o0902190	c	|U₄×5(N01)|	|U₄×5(N01)|	2	3718
o0902190	e		-	1	3718
o0902191	c	|U₄×5(N01).1(N14)|	|U₄×5(N01).1(N14)|	1	3721
o0902192	c	|U₄×6(N01)|	|U₄×6(N01)|	3	3722
o0902193	c	|U₄×8(N01)|	|U₄×8(N01)|	1	3724
o0902193	e		-	1	3724
o0902194	c	|U₄×8(N01).X|	|U₄×8(N01).X|	1	3727
o0902195	c	|U₄×N(N01)|	|U₄×N(N01)|	1	3728
o0902196	c	|U₄×1(N14)|	|U₄×1(N14)|	5	3732
o0902197	c	|U₄×(1(N14).1(N01))|	|U₄×(1(N14).1(N01))|	1	3734
o0902198	c	|U₄×(1(N14).2(N01))|	|U₄×(1(N14).2(N01))|	10	3736
o0902199	c	|U₄×(1(N14).3(N01)).1(N14).4(N08)|	|U₄×(1(N14).3(N01)).(1(N14).4(N08))|	1	3742
o0902200	c	|U₄×(1(N14).4(N01))|	|U₄×(1(N14).4(N01))|	1	3743
o0902201	c	|U₄×(1(N14).8(N01))|	|U₄×(1(N14).8(N01))|	2	3745
o0902203	c	|U₄×(2(N14).4(N01))|	|U₄×(2(N14).4(N01))|	1	3749
o0902204	c	|U₄×(3(N14).2(N01))|	|U₄×(3(N14).2(N01))|	1	3751
o0902205	c	|U₄×(3(N14).7(N01))|	|U₄×(3(N14).7(N01))|	1	3753
o0902206	c	|U₄×1(N57)|	|U₄×1(N57)|	155	3755
o0902207	c	|U₄×2(N57)|	|U₄×2(N57)|	52	3757
o0902208	c	|U₄×3(N57)|	|U₄×3(N57)|	40	3759
o0902209	c	|U₄×4(N57)|	|U₄×4(N57)|	8	3761
o0902210	c	|U₄×5(N57)|	|U₄×5(N57)|	5	3763
o0902211	c	|U₄×6(N57)|	|U₄×6(N57)|	9	3765
o0902212	c	|U₄×7(N57)|	|U₄×7(N57)|	3	3767
o0902213	c	|U₄×8(N57)|	|U₄×8(N57)|	3	3769
o0902214	c	|U₄×10(N57)|	|U₄×10(N57)|	2	3771
o0902215	c	|U₄×1(N58@t)|	|U₄×1(N58)@t|	2	3774
o0902216	c	|U₄×X|	|U₄×X|	2	3691
o0902217	c	|U₄×(X+2(N01))|	|U₄×(X+2(N01))|	1	3693
o0902218	c	|U₄.1(N14).1(N08)|	|(U₄+1(N14)).1(N08)|	1	3683
o0902219	c	|U₄.1(N24)|	|U₄+1(N24)|	3	3689
o0902225	c	|U₈×TAR~b|	|(U₈×TAR)~b|	2	3798
o0902226	s	U₄@t	U₄@t	1	3795
o0902227	s	UB	UB	159	9445
o0902230	s	UBI~c	UBI~c	8	9449
o0902232	s	UBI~d	UBI~d	2	9452
o0902241	s	UD₅~a@g	UD₅~a@g	1	9458
o0902243	e		-	6	9465
o0902243	s	UDU~a	UDU	2	9465
o0902243	s	UDU~a	UDU~a	476	9465
o0902245	s	UDU~c	UDU~c	5	9473
o0902247	c	|UDU~a×TAR~a|	|(UDU~a×TAR)~a|	6	9466
o0902248	c	|UDU~a×TAR~b|	|(UDU~a×TAR)~b|	19	9468
o0902250	s	UDUNITA~a	UDUNITA~a	163	9475
o0902252	s	UDUNITA~c	UDUNITA~c	6	9479
o0902254	s	UH	UH	1	9481
o0902256	s	UH₃~a	UH₃~a	11	9483
o0902257	s	UH₃~b	UH₃~b	3	9487
o0902259	s	UH₃~a@t	UH₃~a@t	1	9485
o0902261	e		-	41	9489
o0902261	s	UKKIN~a	UKKIN~a	71	9489
o0902263	s	UKKIN~b	UKKIN~b	13	9492
o0902268	c	|UKKIN~b×DIN|	|UKKIN~b×DIN|	6	9493
o0902270	c	|UKKIN~b×(DIN.1(N01))|	|UKKIN~b×(DIN.1(N01))|	1	9495
o0902274	c	|UKKIN~b×HI@g~a|	|UKKIN~b×HI@g~a|	1	9499
o0902276	c	|UKKIN~b×2(N01)|	|UKKIN~b×2(N01)|	1	9505
o0902278	c	|UKKIN~b×3(N01)|	|UKKIN~b×3(N01)|	1	9507
o0902280	c	|UKKIN~b×5(N01)|	|UKKIN~b×5(N01)|	1	9509
o0902282	c	|UKKIN~b×NI~a|	|UKKIN~b×NI~a|	2	9501
o0902284	c	|UKKIN~b×X|	|UKKIN~b×X|	1	9503
o0902286	s	UMBIN~a	UMBIN~a	10	9519
o0902290	s	UMUN₂	UMUN₂	139	9527
o0902293	e		-	1	9530
o0902293	s	UNUG~a	UNUG~a	182	9530
o0902295	s	UNUG~b	UNUG~b	5	9537
o0902300	s	UNUG~a@s	UNUG~a@s	1	9535
o0902302	s	UR~a	UR	1	9542
o0902302	s	UR~a	UR~a	66	9542
o0902303	s	UR~b	UR~b	7	9549
o0902304	s	UR~c	UR~c	1	9551
o0902306	c	|UR~a×KAR₂~b|	|UR~a×KAR₂|	1	9544
o0902309	s	UR₂	UR₂	93	9553
o0902310	c	|UR₂×1(N57)|	|UR₂×1(N57)|	8	9557
o0902311	c	|UR₂×TAR~c|	|UR₂×TAR|	2	9555
o0902315	s	UR₃~a2	UR₃~a2	6	9564
o0902316	s	UR₃~a3	UR₃~a3	8	9566
o0902317	e		-	1	9568
o0902317	s	UR₃~b1	UR₃~b1	3	9568
o0902318	s	UR₃~b2	UR₃~b2	8	9572
o0902323	s	UR₄~a	UR₄~a	12	9576
o0902324	s	UR₄~b	UR₄~b	18	9578
o0902325	s	UR₄~c	UR₄~c	1	9580
o0902327	s	UR₅~a	UR₅~a	72	9582
o0902328	s	UR₅~b	UR₅~b	4	9584
o0902329	s	URI	URI	27	9586
o0902332	e		-	12	9589
o0902332	s	URI₃~a	URI₃~a	91	9589
o0902337	s	URI₅	URI₅	8	9600
o0902339	s	URU~a1	URU~a1	154	9603
o0902349	c	|URU~a1×GU₄|	|URU~a1×GU₄|	1	9609
o0902351	c	|URU~a1×HI@g~a|	|URU~a1×HI@g~a|	1	9611
o0902355	c	|URU~a1×KI|	|URU~a1×KI|	2	9613
o0902361	c	|URU~a1×3(N57)|	|URU~a1×3(N57)|	5	9623
o0902363	c	|URU~a2×1(N58)|	|URU~a1+1(N58)|	1	9629
o0902367	c	|URU~a1×U₄|	|URU~a1×U₄|	1	9617
o0902369	c	|URU~a1×X|	|URU~a1×X|	1	9619
o0902371	s	URU~a1@n	URU~a1@n	1	9626
o0902376	s	URUDU~c	URUDU~c	2	9645
o0902381	s	URUDU@g~c	URUDU@g~c	3	9653
o0902382	s	URUDU@g~d	URUDU@g~d	5	9655
o0902384	e		-	9	9657
o0902384	s	UŠ~a	UŠ~a	42	9657
o0902385	s	UŠ~b	UŠ~b	7	9663
o0902394	s	|GAL~a.BUR₂|	UŠUMGAL	5	9674
o0902397	s	UŠUR₃~b1	UŠUR₃~b1	1	9676
o0902398	s	UŠUR₃~b2	UŠUR₃~b2	1	9679
o0902400	s	UTUA~a	UTUA~a	78	9681
o0902406	s	UTUL~a	UTUL~a	34	9688
o0902411	s	UZ~a	UZ~a	3	9696
o0902412	s	UZU	UZU	2	9699
o0902413	c	|X(N57).GAR|	|N(N57).GAR|	1	2483
o0902416	s	ZA~v	ZA~v	9	9703
o0902418	s	|MUŠ₃~a.AB~a|	ZABALA~a	1	9706
o0902418	s	|MUŠ₃~a.AB~a|	ZABALAM~a	47	9706
o0902419	s	|MUŠ₃~a.UNUG~a|	ZABALAM~b	1	9707
o0902425	s	ZAG~c	ZAG~c	3	9715
o0902427	s	ZAR~a	ZAR~a	2	9717
o0902430	s	ZAR~c	ZAR~c	1	9723
o0902433	s	ZATU621~a	ZATU621~a	1	10363
o0902438	s	ZATU623	ZATU623	7	10373
o0902442	s	ZATU624~a	ZATU624~a	6	10378
o0902443	s	ZATU624~b	ZATU624~b	5	10380
o0902444	s	ZATU624~c	ZATU624~c	1	10382
o0902445	s	ZATU625	ZATU625	13	10384
o0902453	s	ZATU628~a	ZATU628~a	30	10397
o0902455	s	ZATU628~b	ZATU628~b	8	10400
o0902458	s	ZATU630	ZATU630	2	10405
o0902459	s	ZATU631	ZATU631	2	10407
o0902461	s	ZATU632~a	ZATU632~a	2	10410
o0902466	s	ZATU633~a	ZATU633~a	4	10418
o0902467	s	ZATU633~b	ZATU633~b	4	10420
o0902472	s	ZATU637	ZATU637	1	10429
o0902473	s	ZATU639	ZATU639	2	10432
o0902479	s	ZATU644~a	ZATU644~a	45	10443
o0902480	s	ZATU644~b	ZATU644~b	3	10447
o0902483	s	ZATU646	ZATU646	8	10450
o0902484	s	ZATU647	ZATU647	68	10452
o0902486	s	ZATU648	ZATU648	51	10455
o0902487	s	ZATU649	ZATU649	44	10457
o0902490	s	ZATU651	ZATU651	3	10462
o0902493	c	|ZATU651×AN|	|ZATU651×AN|	1	10463
o0902496	c	|ZATU651×GAR|	|ZATU651×GAR|	17	10467
o0902499	c	|ZATU651×NUN~a|	|ZATU651×NUN~a|	11	10471
o0902502	c	|ZATU651×X|	|ZATU651×X|	2	10475
o0902505	s	ZATU651@g	ZATU651@g	14	10482
o0902506	s	ZATU659	ZATU659	109	10491
o0902507	c	|ZATU659×1(N01)|	|ZATU659×1(N01)|	20	10492
o0902509	c	|ZATU659×1(N58@t)|	|ZATU659×1(N58)@t|	1	10497
o0902511	s	ZATU662	ZATU662	17	10504
o0902518	s	ZATU664	ZATU664	1	10514
o0902523	s	ZATU669	ZATU669	6	10524
o0902532	s	ZATU675~d	ZATU675~d	2	10542
o0902534	s	ZATU676~a	ZATU676~a	8	10545
o0902535	s	ZATU676~b	ZATU676~b	7	10547
o0902540	s	ZATU679	ZATU679	2	10556
o0902548	s	ZATU681	ZATU681	9	10570
o0902549	s	ZATU682	ZATU682	7	10572
o0902553	s	ZATU683@t	ZATU683@t	1	10579
o0902554	s	ZATU684	ZATU684	2	10581
o0902557	s	ZATU686~a	ZATU686~a	38	10586
o0902558	s	ZATU686~b	ZATU686~b	14	10588
o0902559	s	ZATU686~c	ZATU686~c	2	10590
o0902560	s	ZATU687	ZATU687	12	10592
o0902568	s	ZATU693	ZATU693	1	10607
o0902574	s	ZATU694~b	ZATU694~b	1	10617
o0902575	s	ZATU694~c	ZATU694~c	72	10619
o0902577	s	ZATU694~d	ZATU694~d	2	10622
o0902581	s	ZATU695	ZATU695	1	10628
o0902582	s	ZATU696	ZATU696	4	10630
o0902588	s	ZATU697~b	ZATU697~b	2	10639
o0902589	s	ZATU697~c	ZATU697~c	2	10641
o0902595	s	ZATU702	ZATU702	2	10653
o0902596	s	ZATU703	ZATU703	18	10655
o0902601	s	ZATU707~a	ZATU707~a	10	10664
o0902603	s	ZATU708	ZATU708	1	10668
o0902605	s	ZATU710	ZATU710	51	10672
o0902607	s	ZATU711	ZATU711	2	10676
o0902613	s	ZATU714	ZATU714	37	10686
o0902616	c	|ZATU714×HI@g~a|	|ZATU714×HI@g~a|	36	10688
o0902617	c	|ZATU714×X|	|ZATU714×X|	1	10690
o0902618	s	ZATU717	ZATU717	1	10696
o0902619	s	ZATU718	ZATU718	15	10698
o0902620	s	ZATU719	ZATU719	4	10700
o0902623	s	ZATU722	ZATU722	1	10706
o0902624	s	ZATU723	ZATU723	2	10708
o0902625	s	ZATU724	ZATU724	2	10710
o0902630	s	ZATU726~c	ZATU726~c	3	10719
o0902631	s	ZATU726~d	ZATU726~d	15	10721
o0902632	s	ZATU727	ZATU727	1	10723
o0902633	s	ZATU728	ZATU728	9	10725
o0902634	s	ZATU729	ZATU729	1	10727
o0902636	s	ZATU730	ZATU730	1	10730
o0902637	s	ZATU732	ZATU732	8	10733
o0902638	s	ZATU733	ZATU733	1	10736
o0902641	s	ZATU735~a	ZATU735~a	8	10741
o0902642	s	ZATU735~b	ZATU735~b	17	10743
o0902645	s	ZATU735~c	ZATU735~c	1	10747
o0902647	s	ZATU736~a	ZATU736~a	1	10750
o0902649	s	ZATU737	ZATU737	3	10754
o0902653	c	|ZATU737×AB~a|	|ZATU737×AB~a|	1	10755
o0902655	c	|ZATU737×BU~a|	|ZATU737×BU~a|	1	10757
o0902657	c	|ZATU737×BUR~a|	|ZATU737×BUR~a|	11	10759
o0902657	s	|ZATU737×BUR~a|	GABURRA	3	10759
o0902661	c	|ZATU737×E~a|	|ZATU737×E~a|	1	10765
o0902665	c	|ZATU737×GAR|	|ZATU737×GAR|	2	10771
o0902665	s	|ZATU737×GAR|	ZATU741	1	10771
o0902667	c	|ZATU737×I|	|ZATU737×I|	1	10775
o0902669	c	|ZATU737×NI~a@g|	|ZATU737×NI~a@g|	1	10777
o0902670	c	|ZATU737×NIMGIR|	|ZATU737×NIMGIR|	1	10780
o0902673	c	|ZATU737×SU~a|	|ZATU737×SU~a|	1	10784
o0902687	s	ZATU749~a	ZATU749~a	12	10816
o0902690	s	ZATU749~b	ZATU749~b	18	10820
o0902691	s	ZATU749~c	ZATU749~c	12	10822
o0902697	e		-	1	10832
o0902697	s	ZATU751~a	ZATU751~a	39	10832
o0902698	s	ZATU751~b	ZATU751~b	5	10834
o0902701	e		-	84	10842
o0902701	s	ZATU753	ZATU753	104	10842
o0902705	s	ZATU755~b	ZATU755~b	2	10850
o0902710	s	ZATU758	ZATU758	4	10859
o0902711	s	ZATU759	ZATU759	37	10861
o0902714	c	|ZATU759×KU₆~a|	|ZATU759×KU₆~a|	21	10862
o0902717	c	|ZATU759×(KU₆~a+KU₆~a)|	|ZATU759×(KU₆~a+KU₆~a)|	1	10864
o0902718	c	|ZATU759×X|	|ZATU759×X|	1	10868
o0902719	c	|ZATU759@t×X|	|ZATU759@t×X|	1	10873
o0902720	s	ZATU761	ZATU761	1	10876
o0902722	s	ZATU762~a	ZATU762~a	3	10879
o0902725	s	ZATU762~b	ZATU762~b	1	10885
o0902727	c	|ZATU762~b×AB~a|	|ZATU762~b×AB~a|	1	10886
o0902730	s	ZATU764	ZATU764	15	10890
o0902735	s	ZATU769	ZATU769	1	10900
o0902737	s	ZATU772	ZATU772	1	10905
o0902739	s	ZATU773~a	ZATU773~a	48	10908
o0902741	s	ZATU773~b	ZATU773~b	5	10911
o0902742	s	ZATU774	ZATU774	1	10914
o0902743	s	ZATU775	ZATU775	1	10916
o0902746	s	ZATU777	ZATU777	18	10922
o0902749	s	ZATU778	ZATU778	4	10926
o0902752	s	ZATU781	ZATU781	1	10932
o0902753	s	ZATU782	ZATU782	3	10934
o0902754	s	ZATU783	ZATU783	2	10936
o0902755	s	ZATU784	ZATU784	1	10938
o0902756	s	ZATU785	ZATU785	1	10940
o0902757	s	ZATU786	ZATU786	8	10942
o0902758	s	ZATU787	ZATU787	1	10944
o0902759	s	ZATU788	ZATU788	27	10946
o0902761	s	ZATU791	ZATU791	1	10951
o0902762	s	ZATU792	ZATU792	1	10953
o0902763	s	ZATU795	ZATU795	23	10957
o0902764	s	ZATU797	ZATU797	2	10960
o0902765	s	ZATU798	ZATU798	1	10962
o0902766	s	ZATU799	ZATU799	3	10964
o0902767	s	ZATU800	ZATU800	2	10966
o0902768	s	ZATU801	ZATU801	4	10968
o0902770	s	ZATU802~b	ZATU802~b	1	10972
o0902773	s	ZATU805	ZATU805	2	10978
o0902774	s	ZATU806	ZATU806	1	10980
o0902776	s	ZATU808	ZATU808	1	10984
o0902777	s	ZATU809	ZATU809	6	10986
o0902778	s	ZATU810	ZATU810	1	10988
o0902779	s	ZATU811	ZATU811	6	10990
o0902780	s	ZATU812	ZATU812	1	10992
o0902781	s	ZATU813	ZATU813	1	10994
o0902782	s	ZATU814	ZATU814	1	10996
o0902783	s	ZATU815	ZATU815	1	10998
o0902786	s	ZATU819	ZATU819	7	11005
o0902787	s	ZATU820	ZATU820	1	11007
o0902788	s	ZATU821	ZATU821	7	11009
o0902789	s	ZATU822	ZATU822	1	11011
o0902790	s	ZATU823	ZATU823	3	11013
o0902791	s	ZATU824	ZATU824	2	11015
o0902792	s	ZATU825	ZATU825	2	11017
o0902793	s	ZATU826	ZATU826	2	11019
o0902794	s	ZATU829	ZATU829	1	11023
o0902795	s	ZATU831	ZATU831	2	11026
o0902796	s	ZATU831@g	ZATU831@g	2	11028
o0902797	s	ZATU832	ZATU832	3	11030
o0902800	s	ZATU835	ZATU835	1	11036
o0902801	s	ZATU836	ZATU836	2	11038
o0902803	s	ZATU837~a	ZATU837~a	3	11041
o0902804	s	ZATU837~b	ZATU837~b	1	11043
o0902805	s	ZATU838	ZATU838	3	11045
o0902806	s	ZATU839	ZATU839	6	11047
o0902808	s	ZATU840	ZATU840	1	11050
o0902809	s	ZATU841	ZATU841	2	11052
o0902811	s	ZATU843	ZATU843	1	11056
o0902813	s	ZATU845	ZATU845	1	11060
o0902814	s	ZATU846	ZATU846	1	11062
o0902815	s	ZATU847	ZATU847	6	11064
o0902816	s	ZATU848	ZATU848	1	11066
o0902817	s	ZATU849	ZATU849	2	11068
o0902818	s	ZATU850	ZATU850	4	11070
o0902819	s	ZATU851	ZATU851	1	11072
o0902820	s	ZATU852	ZATU852	1	11075
o0902821	s	ZATU853	ZATU853	3	11077
o0902822	s	ZATU854	ZATU854	1	11079
o0902823	s	ZATU855	ZATU855	1	11081
o0902824	s	ZATU856	ZATU856	1	11083
o0902825	s	ZATU857	ZATU857	1	11085
o0902826	s	ZATU858	ZATU858	1	11087
o0902827	s	ZATU859	ZATU859	1	11089
o0902832	s	ZI~d	ZI~d	2	11096
o0902838	s	ZUBI~a	ZUBI~a	1	11102
o0902839	s	ZUBI~b	ZUBI~b	1	11104
o0902841	n	2(LAGAB~a)	2(LAGAB~a)	4	11107
o0902843	n	3(LAGAB~a)	3(LAGAB~a)	1	11109
o0902845	n	4(LAGAB~a)	4(LAGAB~a)	2	11111
o0902847	n	6(LAGAB~a)	6(LAGAB~a)	1	11115
o0902848	n	1(N01@f)	1(N01@f)	11	11147
o0902849	n	2(N01@f)	2(N01@f)	3	11149
o0902852	n	5(N01@f)	5(N01@f)	1	11157
o0902858	n	1(N01)	1(N01)	11070	11118
o0902859	n	2(N01)	2(N01)	2264	11120
o0902860	n	3(N01)	3(N01)	1163	11123
o0902861	n	4(N01)	4(N01)	802	11126
o0902862	n	5(N01)	5(N01)	948	11128
o0902863	n	6(N01)	6(N01)	398	11131
o0902864	n	7(N01)	7(N01)	257	11134
o0902865	n	8(N01)	8(N01)	255	11137
o0902866	n	9(N01)	9(N01)	160	11140
o0902868	n	10(N01)	10(N01)	2	11143
o0902869	e		-	7	11176
o0902869	n	1(N02)	1(N02)	102	11176
o0902870	c	|1(N02).RU|	|1(N02).RU|	1	2482
o0902871	n	2(N02)	2(N02)	49	11178
o0902872	n	3(N02)	3(N02)	27	11181
o0902873	n	4(N02)	4(N02)	20	11184
o0902874	n	5(N02)	5(N02)	14	11186
o0902875	n	6(N02)	6(N02)	11	11189
o0902876	n	7(N02)	7(N02)	2	11192
o0902877	n	8(N02)	8(N02)	2	11195
o0902878	n	9(N02)	9(N02)	2	11198
o0902879	n	1(N03)	1(N03)	65	11202
o0902880	n	2(N03)	2(N03)	38	11204
o0902881	n	3(N03)	3(N03)	33	11207
o0902882	n	4(N03)	4(N03)	18	11210
o0902883	n	5(N03)	5(N03)	8	11212
o0902884	n	1(N04)	1(N04)	141	11216
o0902885	n	2(N04)	2(N04)	64	11218
o0902886	n	3(N04)	3(N04)	56	11221
o0902887	n	4(N04)	4(N04)	34	11224
o0902888	n	5(N04)	5(N04)	25	11226
o0902894	n	1(N05)	1(N05)	88	11243
o0902895	n	2(N05)	2(N05)	52	11245
o0902896	n	3(N05)	3(N05)	38	11248
o0902897	n	4(N05)	4(N05)	38	11251
o0902898	n	5(N05)	5(N05)	27	11253
o0902899	n	1(N06)	1(N06)	10	11257
o0902909	e		-	51	11296
o0902909	n	1(N08)	1(N08)	180	11296
o0902910	n	1(N08~b)	1(N08~b)	1	11316
o0902911	n	1(N08~v)	1(N08~v)	1	11328
o0902912	e		-	11	11298
o0902912	n	2(N08)	2(N08)	18	11298
o0902913	n	2(N08~b)	2(N08~b)	4	11318
o0902914	e		-	13	11300
o0902914	n	3(N08)	3(N08)	16	11300
o0902915	n	3(N08~b)	3(N08~b)	1	11320
o0902916	e		-	4	11302
o0902916	n	4(N08)	4(N08)	12	11302
o0902917	n	4(N08~b)	4(N08~b)	1	11322
o0902918	n	4(N08~c)	4(N08~c)	1	11325
o0902919	e		-	12	11305
o0902919	n	5(N08)	5(N08)	8	11305
o0902920	e		-	4	11307
o0902920	n	6(N08)	6(N08)	5	11307
o0902921	e		-	2	11309
o0902921	n	7(N08)	7(N08)	3	11309
o0902922	e		-	2	11311
o0902922	n	8(N08)	8(N08)	5	11311
o0902923	n	9(N08)	9(N08)	2	11313
o0902929	e		-	13	11343
o0902929	n	1(N14)	1(N14)	1836	11343
o0902930	e		-	5	11345
o0902930	n	2(N14)	2(N14)	960	11345
o0902932	n	3(N14)	3(N14)	588	11347
o0902933	n	4(N14)	4(N14)	379	11349
o0902934	n	5(N14)	5(N14)	306	11351
o0902936	n	6(N14)	6(N14)	83	11354
o0902938	n	7(N14)	7(N14)	71	11357
o0902939	n	8(N14)	8(N14)	65	11360
o0902940	n	9(N14)	9(N14)	42	11363
o0902955	n	1(N15)	1(N15)	12	11401
o0902956	n	2(N15)	2(N15)	7	11403
o0902957	n	3(N15)	3(N15)	3	11405
o0902958	n	4(N15)	4(N15)	1	11407
o0902959	n	5(N15)	5(N15)	3	11409
o0902960	n	1(N16)	1(N16)	8	11413
o0902961	n	1(N17)	1(N17)	1	11416
o0902962	n	1(N18)	1(N18)	15	11419
o0902963	n	2(N18)	2(N18)	14	11421
o0902964	n	3(N18)	3(N18)	6	11423
o0902965	n	4(N18)	4(N18)	2	11425
o0902966	n	5(N18)	5(N18)	3	11427
o0902967	n	6(N18)	6(N18)	1	11430
o0902968	n	7(N18)	7(N18)	1	11433
o0902969	n	8(N18)	8(N18)	2	11436
o0902970	n	9(N18)	9(N18)	2	11439
o0902972	n	1(N19)	1(N19)	83	11443
o0902973	n	2(N19)	2(N19)	75	11445
o0902974	n	3(N19)	3(N19)	50	11447
o0902975	n	4(N19)	4(N19)	33	11449
o0902976	n	5(N19)	5(N19)	38	11451
o0902977	n	6(N19)	6(N19)	20	11454
o0902978	n	7(N19)	7(N19)	20	11457
o0902979	n	8(N19)	8(N19)	16	11460
o0902980	n	9(N19)	9(N19)	10	11463
o0902991	n	1(N20)	1(N20)	51	11493
o0902992	n	2(N20)	2(N20)	42	11495
o0902993	n	3(N20)	3(N20)	20	11497
o0902994	n	4(N20)	4(N20)	15	11499
o0902995	n	5(N20)	5(N20)	11	11501
o0902996	n	6(N20)	6(N20)	9	11504
o0902997	n	7(N20)	7(N20)	3	11507
o0902998	n	8(N20)	8(N20)	6	11510
o0902999	n	9(N20)	9(N20)	4	11513
o0903000	n	2(N21)	2(N21)	5	11519
o0903001	n	3(N21)	3(N21)	9	11521
o0903002	n	4(N21)	4(N21)	4	11523
o0903003	n	5(N21)	5(N21)	2	11525
o0903005	n	1(N22)	1(N22)	86	11531
o0903006	n	2(N22)	2(N22)	54	11533
o0903007	n	1(N22~v)	1(N22~v)	1	11536
o0903010	n	1(N23)	1(N23)	2	11544
o0903011	n	2(N23)	2(N23)	1	11546
o0903012	n	3(N23)	3(N23)	1	11548
o0903014	n	7(N23)	7(N23)	1	11552
o0903015	n	1(N24@f)	1(N24@f)	2	11568
o0903016	e		-	4	11555
o0903016	n	1(N24)	1(N24)	305	11555
o0903016	n	1(N24)	1(N24′)	7	11555
o0903016	n	1(N24)	1(N24″)	1	11555
o0903022	n	1(N25)	1(N25)	144	11577
o0903023	n	1(N26)	1(N26)	34	11580
o0903026	n	1(N27)	1(N27)	12	11588
o0903028	n	1(N28)	1(N28)	72	11592
o0903035	n	1(N29C)	1(N29~c)	2	11631
o0903037	n	2(N29A)	2(N29~a)	4	11612
o0903038	n	2(N29B)	2(N29~b)	1	11628
o0903039	n	1(N29A)	1(N29)	2	11609
o0903039	n	1(N29A)	1(N29~a)	51	11609
o0903041	n	1(N29AC)	1(N29A~c)	1	11623
o0903043	n	2(N29AB)	2(N29A~b)	1	11620
o0903047	n	1(N30B)	1(N30~b)	2	11648
o0903051	n	1(N30A)	1(N30~a)	49	11640
o0903053	n	1(N30C)	1(N30~c)	46	11651
o0903056	n	1(N31)	1(N31)	2	11671
o0903059	n	1(N34)	1(N34)	662	11680
o0903060	c	|1(N34)×1(N58)|	|1(N34)×1(N58)|	1	11682
o0903061	n	2(N34)	2(N34)	238	11684
o0903062	n	3(N34)	3(N34)	111	11687
o0903063	n	4(N34)	4(N34)	75	11690
o0903064	n	5(N34)	5(N34)	70	11692
o0903065	n	6(N34)	6(N34)	38	11695
o0903066	n	7(N34)	7(N34)	19	11698
o0903067	n	8(N34)	8(N34)	16	11701
o0903068	n	9(N34)	9(N34)	9	11704
o0903076	n	7(N34@f)	7(N34@f)	1	11722
o0903079	n	1(N35)	1(N35)	3	11735
o0903080	n	2(N35)	2(N35)	1	11737
o0903081	n	5(N35)	5(N35)	1	11744
o0903082	n	1(N36)	1(N36)	38	11748
o0903083	n	2(N36)	2(N36)	6	11750
o0903084	n	3(N36)	3(N36)	6	11753
o0903085	n	4(N36)	4(N36)	2	11756
o0903087	n	6(N36)	6(N36)	2	11761
o0903090	n	9(N36)	9(N36)	2	11770
o0903092	n	1(N37)	1(N37)	5	11777
o0903093	n	2(N37)	2(N37)	1	11779
o0903094	n	1(N38)	1(N38)	25	11783
o0903111	n	1(N40)	1(N40)	40	11812
o0903112	n	2(N40)	2(N40)	35	11814
o0903113	n	3(N40)	3(N40)	26	11816
o0903114	n	4(N40)	4(N40)	16	11818
o0903115	n	1(N41)	1(N41)	23	11821
o0903116	n	2(N41)	2(N41)	27	11823
o0903117	n	3(N41)	3(N41)	20	11825
o0903118	n	4(N41)	4(N41)	17	11827
o0903131	n	1(N43)	1(N43)	3	11853
o0903132	n	4(N43)	4(N43)	1	11855
o0903134	n	1(N45)	1(N45)	279	11861
o0903137	n	2(N45)	2(N45)	121	11863
o0903138	n	3(N45)	3(N45)	10	11866
o0903139	n	4(N45)	4(N45)	4	11868
o0903140	n	5(N45)	5(N45)	6	11870
o0903141	n	6(N45)	6(N45)	4	11873
o0903142	n	7(N45)	7(N45)	2	11876
o0903143	n	9(N45)	9(N45)	1	11881
o0903153	n	1(N46)	1(N46)	94	11908
o0903154	n	2(N46)	2(N46)	38	11910
o0903155	n	3(N46)	3(N46)	1	11913
o0903158	n	1(N47)	1(N47)	10	11921
o0903159	n	2(N47)	2(N47)	9	11923
o0903161	n	1(N48)	1(N48)	56	11929
o0903162	n	2(N48)	2(N48)	20	11931
o0903163	n	3(N48)	3(N48)	12	11934
o0903164	n	4(N48)	4(N48)	11	11937
o0903165	n	5(N48)	5(N48)	1	11939
o0903169	n	1(N49)	1(N49)	7	11950
o0903170	n	2(N49)	2(N49)	2	11952
o0903171	n	3(N49)	3(N49)	3	11955
o0903172	n	4(N49)	4(N49)	2	11958
o0903174	n	1(N50)	1(N50)	78	11963
o0903175	n	2(N50)	2(N50)	32	11965
o0903176	n	3(N50)	3(N50)	22	11968
o0903177	n	4(N50)	4(N50)	23	11970
o0903178	n	5(N50)	5(N50)	8	11972
o0903188	n	1(N51)	1(N51)	59	11976
o0903189	n	2(N51)	2(N51)	29	11978
o0903190	n	3(N51)	3(N51)	10	11981
o0903191	n	4(N51)	4(N51)	9	11983
o0903192	n	5(N51)	5(N51)	14	11985
o0903193	n	6(N51)	6(N51)	5	11988
o0903194	n	7(N51)	7(N51)	1	11991
o0903195	n	8(N51)	8(N51)	1	11994
o0903196	n	1(N52)	1(N52)	24	12025
o0903197	n	2(N52)	2(N52)	10	12027
o0903198	n	3(N52)	3(N52)	3	12030
o0903199	n	4(N52)	4(N52)	1	12032
o0903202	n	1(N54)	1(N54)	10	12049
o0903203	n	2(N54)	2(N54)	1	12051
o0903204	n	3(N54)	3(N54)	2	12054
o0903206	n	5(N54)	5(N54)	3	12058
o0903209	n	2(N56)	2(N56)	1	12067
o0903210	e		-	43	12072
o0903210	n	1(N57)	1(N57)	370	12072
o0903210	s	1(N57)	AŠ	1	12072
o0903211	c	|1(N57).AB₂|	|1(N57).AB₂|	1	2492
o0903212	c	|1(N57).BU₃|	|1(N57).BU₃|	1	2493
o0903219	c	|1(N57).ŠAH₂~a|	|1(N57).ŠAH₂~a|	4	2498
o0903222	e		-	30	12074
o0903222	n	2(N57)	2(N57)	112	12074
o0903225	c	|2(N57).BIR₃~a|	|2(N57).BIR₃~a|	1	2511
o0903227	c	|2(N57).KU₆~a|	|2(N57).KU₆~a|	1	2514
o0903231	c	|2(N57).ŠUBUR|	|2(N57).ŠUBUR|	2	2518
o0903234	e		-	90	12078
o0903234	n	3(N57)	3(N57)	422	12078
o0903235	c	|3(N57).AMAR|	|3(N57).AMAR|	2	2539
o0903236	c	|3(N57).AZ|	|3(N57).AZ|	3	2540
o0903239	c	|3(N57).BARA₃|	|3(N57).BARA₃|	1	2543
o0903241	c	|3(N57).E₂~b|	|3(N57).E₂~b|	1	2545
o0903242	c	|3(N57).EN₂|	|3(N57).EN₂|	6	2546
o0903243	c	|3(N57).GAR|	|3(N57).GAR|	2	2547
o0903245	c	|3(N57).NUNUZ~a1|	|3(N57).NUNUZ~a1|	23	2549
o0903246	c	|3(N57).NUNUZ~c|	|3(N57).NUNUZ~c|	2	2550
o0903248	c	|3(N57).PIRIG~b1|	|3(N57).PIRIG~b1|	33	2552
o0903250	c	|3(N57).SANGA~a|	|3(N57).SANGA~a|	1	2553
o0903251	c	|3(N57).SI|	|3(N57).SI|	2	2554
o0903252	c	|3(N57).ŠUBUR|	|3(N57).ŠUBUR|	3	2555
o0903257	e		-	17	12080
o0903257	n	4(N57)	4(N57)	24	12080
o0903258	c	|4(N57).AMAR|	|4(N57).AMAR|	1	2564
o0903259	c	|4(N57).GAR|	|4(N57).GAR|	5	2565
o0903261	c	|4(N57).KU₃~a|	|4(N57).KU₃~a|	11	2567
o0903264	e		-	13	12082
o0903264	n	5(N57)	5(N57)	43	12082
o0903265	c	|5(N57).GAR|	|5(N57).GAR|	8	2572
o0903267	c	|5(N57).KU₃~a|	|5(N57).KU₃~a|	4	2574
o0903268	e		-	6	12084
o0903268	n	6(N57)	6(N57)	13	12084
o0903270	c	|6(N57).GAR|	|6(N57).GAR|	4	2577
o0903272	c	|6(N57).KU₃~a|	|6(N57).KU₃~a|	2	2579
o0903273	n	7(N57)	7(N57)	7	12088
o0903275	n	8(N57)	8(N57)	4	12090
o0903277	c	|NI~b×8(N57)|	|NI~b×8(N57)|	1	2701
o0903278	n	9(N57)	9(N57)	2	12092
o0903279	n	10(N57)	10(N57)	1	12094
o0903280	e		-	64	12099
o0903280	n	1(N58)	1(N58)	71	12099
o0903280	s	1(N58)	DIŠ	1	12099
o0903284	n	2(N58)	2(N58)	6	12102
o0903285	e		-	2	12104
o0903285	n	3(N58)	3(N58)	3	12104
o0903287	c	|3(N58).UR₃~b1|	|3(N58).UR₃~b1|	1	2591
o0903288	n	4(N58)	4(N58)	2	12106
o0903290	n	8(N58)	8(N58)	1	12110
o0903291	n	9(N58)	9(N58)	1	12112
o0903292	n	10(N58)	10(N58)	2	12114
o0903293	n	12(N58)	12(N58)	1	12116
o0903294	n	1(N58@t)	1(N58)@t	1	12119
o0903295	n	1(N59)	1(N59)	1	12122
o0903296	n	2(N59)	2(N59)	1	12124
o0903297	n	3(N59)	3(N59)	18	12126
o0903298	n	4(N59)	4(N59)	3	12128
o0903299	n	6(N59)	6(N59)	3	12130
o0903300	n	7(N59)	7(N59)	1	12132
o0903301	n	1(N60)	1(N60)	4	12135
o0903302	n	3(N61)	3(N61)	1	12138
o0903303	n	4(N62)	4(N62)	1	12141
o0903304	n	1(N63)	1(N63)	2	12144
o0903308	n	1(N29B)	1(N29~b)	4	11626
o0903310	n	1(N30E)	1(N30~e)	1	11668
o0903311	n	1(N39A)	1(N39~a)	199	11794
o0903312	n	2(N39A)	2(N39~a)	187	11796
o0903313	n	3(N39A)	3(N39~a)	86	11798
o0903314	n	4(N39A)	4(N39~a)	55	11800
o0903334	n	1(N24A)	1(N24~a)	28	11571
o0903335	n	1(N45A)	1(N45~a)	1	11905
o0903336	n	1(N24B)	1(N24~b)	18	11574
o0903337	n	1(N26B)	1(N26~b)	1	11585
o0903338	n	1(N28B)	1(N28~b)	2	11597
o0903340	n	1(N28C)	1(N28~c)	37	11600
o0903342	n	1(N30AC)	1(N30A~c)	4	11645
o0903343	n	1(N30CC)	1(N30C~c)	1	11662
o0903344	n	1(N42A)	1(N42~a)	127	11835
o0903345	n	2(N42A)	2(N42~a)	83	11837
o0903346	n	3(N42A)	3(N42~a)	51	11839
o0903347	n	4(N42A)	4(N42~a)	20	11841
o0903353	n	2(N07A)	2(N07~a)	1	11284
o0903383	e		-	1	10837
o0903564	c	X₂	|2(N57).DU₆~a@n|	1	9702
o0903566	c	|GEŠTU~a×ŠE~a@t|	|GEŠTU~a×ŠE~a@t|	1	1541
o0903570	c	|BU~a×A|	|BU~a×A|	1	737
o0903572	c	|BU~b.NA₂~a|	|BU~b.NA₂~a|	1	759
o0903573	c	|DU₆~a×1(N58)|	|DU₆~a×DIŠ|	1	895
o0903574	c	|DUG~b×GA~a|	|DUG~b×GA~a|	2	1005
o0903575	c	|DUG~b×GEŠTU~a|	|DUG~b×GEŠTU~a|	6	1009
o0903576	c	|DUG~b×AB₂|	|DUG~b×AB₂|	1	988
o0903578	c	|DUG~b×1(N58)|	|DUG~b×1(N58)|	1	1115
o0903580	s	DUG~c	DUG~c	163	1124
o0903581	c	|DUG~c×1(N57)|	|DUG~c×1(N57)|	44	1125
o0903582	c	|EZEN~a×EN~b|	|EZEN~a×EN~b|	1	1251
o0903583	c	|EZEN~a×SAG|	|EZEN~a×SAG|	1	1271
o0903588	c	|GA₂~a2×ŠE₃|	|GA₂~a2×ŠE₃|	3	1409
o0903589	c	|GA₂~a2×(ŠE₃.GU₄)|	|GA₂~a2×(GU₄.ŠE₃)|	10	1411
o0903591	c	|GAN~c×KAŠ~c|	|GAN~c×KAŠ~c|	2	1484
o0903592	c	|GAN~c×(KUR~a.A)|	|GAN~c×(KUR~a.A)|	1	1486
o0903593	c	|GAN~c×ZATU777|	|GAN~c×ZATU777|	1	1500
o0903594	c	|GAN~c×ŠE~a|	|GAN~c×ŠE~a|	4	1494
o0903595	c	|GAN~c×ŠE₃@t|	|GAN~c×ŠE₃@t|	1	1496
o0903596	c	|GAN~d×GEŠTU~a|	|GAN~d×GEŠTU~a|	1	1507
o0903597	c	|GI×ŠE₃|	|GI×ŠE₃|	4	1569
o0903598	c	|(GI&GI)×ŠE₃|	|(GI&GI)×ŠE₃|	2	1582
o0903599	c	|GI×GIŠ@t|	|GI×GIŠ@t|	1	1559
o0903600	c	|GI×LAGAB~a|	|GI×LAGAB~a|	1	1563
o0903602	c	|GI&GI&GI|	|GI&GI&GI|	2	1586
o0903604	c	|GIR₃~c×ŠE₃|	|GIR₃~c×ŠE₃|	2	1642
o0903606	c	|GUG₂×ŠITA~a1|	|GUG₂×ŠITA~a1|	1	1741
o0903612	c	|LAGAB~a×SI|	|LAGAB~a×SI|	3	2171
o0903613	c	|LAGAB~a×SIG₇|	|LAGAB~a×SIG₇|	1	2173
o0903619	c	|NUN~a+EN~a|	|EN~a×NUN~a|	1	2831
o0903619	c	|NUN~a+EN~a|	|NUN~a+EN~a|	17	2831
o0903621	c	|SAG+UKKIN~b×1(N57)|	|SAG×(UKKIN~b×1(N57))|	1	2955
o0903622	c	|SAG×GEŠTU~c|	|SAG×GEŠTU~c|	1	2963
o0903623	c	|SAG×MA|	|SAG×MA|	18	2967
o0903624	c	|SAG×1(N14)|	|SAG×1(N14)|	1	2974
o0903625	c	|SI×ŠE₃|	|SI×ŠE₃|	4	3041
o0903626	c	|SILA₃~a×GA~a|	|SILA₃~a×GA~a|	8	3123
o0903627	c	|SILA₃~a×GEŠTU~a|	|SILA₃~a×GEŠTU~a|	1	3127
o0903628	c	|SILA₃~a×MA|	|SILA₃~a×MA|	4	3151
o0903630	c	|SILA₃~a×ZATU629|	|SILA₃~a×ZATU629|	1	3180
o0903632	c	|SILA₃~a×DUG~a|	|SILA₃~a×DUG~a|	8	3118
o0903635	c	|ŠU₂.URI₃~a|	|ŠU₂.URI₃~a|	1	3493
o0903637	c	|U₄×3(N01).3(N08)|	|U₄×3(N01).3(N08)|	1	3713
o0903640	c	|ZATU651×EN~a|	|ZATU651×EN~a|	29	10465
o0903641	c	|ZATU651×ŠE~a|	|ZATU651×ŠE~a|	1	10473
o0903647	c	|ZATU737×X|	|ZATU737×X|	14	10796
o0903648	c	|ZATU737×SAL|	|ZATU737×SAL|	31	10782
o0903649	c	|ZATU737×U₄|	|ZATU737×U₄|	11	10792
o0903781	e		-	23	3364
