o0980000	e		-	5	1
o0980000	s	A	A	524	1
o0980001	c	|A×AB₂|	|A×AB₂|	3	2
o0980008	s	A@t	A@t	1	18
o0980009	s	A₂	A₂	1	20
o0980010	e		-	49	22
o0980010	s	AB~a	AB~a	360	22
o0980012	c	|AB~a×AŠ₂|	|AB~a×AŠ₂|	2	26
o0980014	c	|AB~a×SUKKAL|	|AB~a×SUKKAL|	3	31
o0980015	c	|AB~a×(ŠE~a&ŠE~a)|	|AB~a×(ŠE~a&ŠE~a)|	3	33
o0980017	c	|AB~a×ZATU659|	|AB~a×ZATU659|	3	38
o0980019	c	|AB~a×1(N04)|	|AB~a×1(N04)|	3	42
o0980020	s	AB~a@g	AB~a@g	2	46
o0980021	e		-	1	48
o0980021	s	AB~b	AB~b	85	48
o0980022	c	|AB~b×A|	|AB~b×A|	1	49
o0980023	c	|AB~b×KU₆~a|	|AB~b×KU₆~a|	1	51
o0980024	c	|AB~b×ŠA₃~a1|	|AB~b×ŠA₃~a1|	1	53
o0980025	e		-	1	56
o0980025	s	AB₂	AB₂	258	56
o0980028	s	|NUN~a.ME~a|	ABGAL	51	2761
o0980029	s	|NUN~a.ME~a.DU|	ABRIG	2	2762
o0980030	s	ABZU	ABZU	5	71
o0980031	s	AD~a	AD~a	51	74
o0980032	s	AD~b	AD~b	2	76
o0980033	s	AD~c	AD~c	8	78
o0980034	s	ADAB	ADAB	24	80
o0980035	s	ADDA	ADDA	1	83
o0980037	s	AGAR₂	AGAR₂	18	87
o0980038	s	AK~a	AK~a	47	89
o0980040	s	AL	AL	118	93
o0980041	s	ALAN~a	ALAN~a	6	95
o0980042	s	ALAN~b	ALAN~b	7	97
o0980043	s	ALAN~c	ALAN~c	7	99
o0980045	s	ALAN~e	ALAN~e	2	103
o0980047	s	ALIM	ALIM	12	107
o0980048	s	AM~a	AM~a	2	109
o0980049	s	AM~b	AM~b	2	111
o0980050	s	AMA~a	AMA~a	84	113
o0980051	c	|AMA~a×E₂~a|	|AMA~a×E₂~a|	4	114
o0980052	s	AMA~b	AMA~b	4	118
o0980053	e		-	5	120
o0980053	s	AMAR	AMAR	121	120
o0980054	c	|AMAR.1(N02)|	|AMAR.1(N02)|	2	121
o0980058	e		-	2	133
o0980058	s	AN	AN	857	133
o0980059	s	ANŠE~a	ANŠE~a	4	137
o0980060	s	ANŠE~b	ANŠE~b	30	139
o0980061	s	ANŠE~c	ANŠE~c	3	141
o0980062	s	ANŠE~e	ANŠE~e	6	144
o0980063	s	ANŠE~f	ANŠE~f	5	146
o0980065	s	APIN~a	APIN	1	151
o0980065	s	APIN~a	APIN~a	203	151
o0980067	s	APIN~b	APIN~b	12	155
o0980068	s	APIN~c	APIN~c	1	157
o0980069	s	ARARMA₂~a	ARARMA₂~a	12	159
o0980070	s	|U₄.AB~b|	ARARMA₂~b	1	3619
o0980071	s	|3(N57).LAM~a.KUR~a.RU|	ARATTA	1	9452
o0980073	s	ASAR	ASAR	19	168
o0980074	s	AŠ₂	AŠ₂	1	171
o0980075	e		-	3	174
o0980075	s	AZ	AZ	18	174
o0980077	s	BA	BA	642	178
o0980078	e		-	64	180
o0980078	s	BAD	BAD	18	180
o0980079	c	|BAD&BAD|	|BAD&BAD|	7	182
o0980079	e		-	32	182
o0980080	s	BAD₃~a	BAD₃~a	2	185
o0980081	s	BAD₃~b1	BAD₃~b1	4	187
o0980082	c	BAD₃~b2	|EZEM~b×AN|	1	189
o0980082	s	BAD₃~b2	BAD₃~b2	3	189
o0980083	s	BAHAR₂~a	BAHAR₂~a	17	191
o0980084	s	BAHAR₂~b	BAHAR₂~b	25	194
o0980085	s	BAHAR₂~c	BAHAR₂~c	19	197
o0980086	s	BALA~a	BALA~a	19	199
o0980087	s	BALA~b	BALA~b	1	201
o0980088	s	BALAG	BALAG	12	204
o0980089	s	BAN~a	BAN~a	8	207
o0980090	s	BAN~b	BAN~b	15	211
o0980093	s	BANŠUR~b1	BANŠUR~b1	3	217
o0980094	s	BANŠUR~b2	BANŠUR~b2	1	219
o0980095	s	BANŠUR~c	BANŠUR~c	2	221
o0980096	s	BAPPIR~a	BAPPIR~a	4	223
o0980097	s	BAPPIR~b	BAPPIR~b	3	225
o0980098	s	BAPPIR~c	BAPPIR~c	1	227
o0980099	s	BAPPIR~d	BAPPIR~d	6	229
o0980100	s	BAPPIR~e	BAPPIR~e	1	231
o0980101	s	BAPPIR~f	BAPPIR~f	1	233
o0980102	s	BAR	BAR	384	235
o0980105	s	BARA₂~a	BARA₂~a	56	241
o0980107	e		-	1	247
o0980107	s	BARA₃	BARA₃	17	247
o0980109	s	BIR~a	BIR~a	2	714
o0980112	e		-	1	720
o0980112	s	BIR₃~a	BIR₃~a	16	720
o0980113	s	BIR₃~b	BIR₃~b	4	723
o0980114	s	BIR₃~c	BIR₃~c	4	726
o0980115	e		-	4	729
o0980115	s	BU~a	BU~a	507	729
o0980117	c	|BU~a+DU₆~a|	|BU~a.DU₆~a|	8	734
o0980117	c	|BU~a+DU₆~a|	|BU~a+DU₆~a|	47	734
o0980118	c	|BU~a+KI|	|BU~a+KI|	1	737
o0980120	c	|BU~a×A|	|BU~a×A|	1	741
o0980121	c	|BU~a×GIŠ@t|	|BU~a×GIŠ@t|	1	743
o0980122	c	|BU~a×1(N58)|	|BU~a×1(N58)|	1	745
o0980123	c	|(BU~a&BU~a).NA₂~a|	|(BU~a&BU~a).NA₂~a|	7	748
o0980126	e		-	1	761
o0980126	s	BU~b	BU~b	11	761
o0980127	c	|BU~b.NA₂~a|	|BU~b.NA₂~a|	1	762
o0980128	e		-	1	765
o0980128	s	BU₃	BU₃	26	765
o0980128	s	BU₃	BU₃~a	3	765
o0980129	s	BULUG	BULUG	1	768
o0980130	s	BULUG₃	BULUG₃	35	770
o0980132	s	BUR~a	BUR~a	36	774
o0980133	s	BUR~b	BUR~b	7	776
o0980135	s	BUR~d	BUR~d	1	780
o0980136	e		-	5	782
o0980136	s	BUR₂	BUR₂	43	782
o0980137	e		-	1	784
o0980137	s	DA~a	DA~a	212	784
o0980138	c	|DA~a.LIŠ|	|DA~a.LIŠ|	1	785
o0980143	s	DAH	DAH	25	796
o0980144	s	DAM	DAM	14	798
o0980145	s	DANNA	DANNA	8	800
o0980146	s	DAR~a	DAR~a	25	802
o0980147	c	|DAR~a×A|	|DAR~a×A|	1	803
o0980148	s	DAR~b	DAR~b	27	806
o0980149	s	DAR~c	DAR~c	6	808
o0980150	s	DAR~d	DAR~d	1	810
o0980151	s	DARA₃~a	DARA₃~a	1	812
o0980153	s	DARA₃~c	DARA₃~c	6	816
o0980154	c	|DARA₃~c×KAR₂|	|DARA₃~c×KAR₂|	3	817
o0980156	s	DARA₃~d	DARA₃~d	1	824
o0980157	c	|DARA₃~d×(KAR₂.ŠE~a)|	|DARA₃~d×(KAR₂.ŠE~a)|	1	828
o0980158	c	|DARA₃~d×KAR₂~b|	|DARA₃~d×KAR₂|	6	830
o0980159	s	DARA₄~a1	DARA₄~a1	27	835
o0980162	s	DARA₄~b	DARA₄~b	2	841
o0980163	s	DARA₄~c	DARA₄~c	1	843
o0980164	s	DARA₄~c1	DARA₄~c1	18	845
o0980165	s	DARA₄~c2	DARA₄~c2	24	847
o0980166	s	DARA₄~c3	DARA₄~c3	5	849
o0980167	s	DARA₄~c4	DARA₄~c4	11	851
o0980168	s	DARA₄~c5	DARA₄~c5	1	853
o0980169	s	DARA₄~d	DARA₄~d	1	855
o0980170	s	DI	DI	106	857
o0980171	s	DI@t	DI@t	2	859
o0980172	s	DIB	DIB	3	861
o0980173	s	DILMUN	DILMUN	33	865
o0980174	s	DIM~a	DIM~a	50	869
o0980177	s	DIM~b	DIM~b	2	876
o0980178	s	DIM~c	DIM~c	19	878
o0980179	s	DIN	DIN	50	880
o0980180	c	|DIN×1(N58)|	|DIN+1(N57)|	1	882
o0980181	s	DIN@t	DIN@t	1	885
o0980182	e		-	3	888
o0980182	s	DU	DU	448	888
o0980183	c	|DU×1(N58@t)|	|DU×DIŠ|	3	891
o0980184	s	DU@g	DU@g	4	894
o0980185	s	DU₆~a	DU₆~a	14	896
o0980186	c	|DU₆~a×1(N58)|	|DU₆~a×DIŠ|	1	898
o0980188	s	DU₆~b	DU₆~b	30	906
o0980190	s	DU₇	DU₇	7	910
o0980193	s	DU₈~c	DU₈~c	34	917
o0980194	c	|DU₈~c×AB₂|	|DU₈~c×AB₂|	1	918
o0980195	c	|DU₈~c×AMAR|	|DU₈~c×AMAR|	8	920
o0980197	c	|DU₈~c×UDU~a|	|DU₈~c×UDU~a|	8	924
o0980199	s	DU₈~c@g	DU₈@g~c	1	929
o0980199	s	DU₈~c@g	DU₈~c@g	19	929
o0980200	s	DUB~a	DUB~a	148	936
o0980201	s	DUB~b	DUB~b	29	938
o0980204	s	DUB~d	DUB~d	2	948
o0980205	s	DUB~e	DUB~e	1	950
o0980206	s	DUB~f	DUB~f	4	952
o0980207	s	DUB~h	DUB~h	1	954
o0980209	c	|(DUB@n~a×1(N58))~b|	|(DUB×DIŠ)~c|	1	960
o0980211	s	DUB₂	DUB₂	2	965
o0980212	s	DUG~a	DUG~a	213	968
o0980214	c	|DUG~a×KASKAL|	|DUG~a×KASKAL|	1	971
o0980215	c	|DUG~a×KU₆~a|	|DUG~a×KU₆~a|	1	973
o0980216	c	|DUG~a×LAM~b|	|DUG~a×LAM~b|	1	975
o0980217	c	|DUG~a×NAGA~a|	|DUG~a×NAGA~a|	1	977
o0980218	c	|DUG~a×U₂~a|	|DUG~a×U₂~a|	1	979
o0980219	c	|DUG~a×U₂~b|	|DUG~a×U₂~b|	1	981
o0980221	c	|DUG~a×1(N57)|	|DUG~a×1(N57)|	8	985
o0980222	s	DUG~b	DUG~b	77	990
o0980223	c	|DUG~b×AB₂|	|DUG~b×AB₂|	1	991
o0980224	c	|DUG~b×ANŠE~b|	|DUG~b×ANŠE~b|	5	993
o0980225	c	|DUG~b×ANŠE~d|	|DUG~b×ANŠE~d|	2	995
o0980227	c	|DUG~b×BALA~a|	|DUG~b×BALA~a|	10	999
o0980228	c	|DUG~b×BIR₃~c|	|DUG~b×BIR₃~c|	2	1001
o0980229	c	|DUG~b×DIN|	|DUG~b×DIN|	13	1003
o0980231	c	|DUG~b×E~a|	|DUG~b×E~a|	1	1008
o0980232	c	|DUG~b×GA~a|	|DUG~b×GA~a|	2	1010
o0980233	c	|DUG~b×GA~b|	|DUG~b×GA~b|	2	1012
o0980234	c	|DUG~b×GEŠTU~a|	|DUG~b×GEŠTU~a|	6	1014
o0980235	c	|DUG~b×GEŠTU~b|	|DUG~b×GEŠTU~b|	1	1017
o0980236	c	|DUG~b×GI₆|	|DUG~b×GI₆|	3	1019
o0980237	c	|DUG~b×GIŠ|	|DUG~b×GIŠ|	7	1021
o0980238	c	|DUG~b×HI|	|DUG~b×HI|	6	1023
o0980240	c	|DUG~b×KASKAL|	|DUG~b×KASKAL|	10	1028
o0980241	c	|DUG~b×KU₆~a|	|DUG~b×KU₆~a|	2	1030
o0980242	c	|DUG~b×KUR~a|	|DUG~b×KUR~a|	3	1032
o0980243	c	|DUG~b×(KUR~a.X)|	|DUG~b×(KUR~a.X)|	1	1034
o0980244	c	|DUG~b×KUR~b|	|DUG~b×KUR~b|	2	1036
o0980245	c	|DUG~b×KUR@g~a|	|DUG~b×KUR@g~a|	4	1038
o0980246	c	|DUG~b×LAM~a|	|DUG~b×LAM~a|	4	1040
o0980247	c	|DUG~b×MAŠ|	|DUG~b×MAŠ|	12	1042
o0980248	c	|DUG~b×NAGA~a|	|DUG~b×NAGA~a|	9	1045
o0980249	c	|DUG~b×NAM₂|	|DUG~b×NAM₂|	1	1047
o0980250	c	|DUG~b×(NI~a@g.ZATU779)|	|DUG~b×(NI~a@g.ZATU779)|	1	1049
o0980251	c	|DUG~b×SA~a|	|DUG~b×SA~a|	6	1051
o0980252	c	|DUG~b×(SA~a.GI)|	|DUG~b×(SA~a.GI)|	4	1053
o0980253	c	|DUG~b×SI₄~a|	|DUG~b×SI₄~a|	6	1055
o0980254	c	|DUG~b×(SI₄~a.X)|	|DUG~b×(SI₄~a.X)|	1	1057
o0980255	c	|DUG~b×SIG₂~a1|	|DUG~b×SIG₂~a1|	3	1059
o0980256	c	|DUG~b×SIG₂~a2|	|DUG~b×SIG₂~a2|	2	1061
o0980257	c	|DUG~b×SIG₇|	|DUG~b×SIG₇|	20	1063
o0980258	c	|DUG~b×SUHUR|	|DUG~b×SUHUR|	1	1065
o0980259	c	|DUG~b×SUKUD~d|	|DUG~b×SUKUD~d|	1	1067
o0980260	c	|DUG~b×ŠAH₂~a|	|DUG~b×ŠAH₂~a|	4	1069
o0980261	c	|DUG~b×ŠE~a|	|DUG~b×ŠE~a|	13	1071
o0980262	c	|DUG~b×(ŠE~a.NAM₂)|	|DUG~b×(ŠE~a.NAM₂)|	7	1075
o0980263	c	|DUG~b×TAK₄~a|	|DUG~b×TAK₄~a|	5	1077
o0980264	c	|DUG~b×(TAK₄~a.SA~a)|	|DUG~b×(TAK₄~a.SA~a)|	2	1079
o0980265	c	|DUG~b×(TAK₄~a.SAL)|	|DUG~b×(TAK₄~a.SAL)|	1	1081
o0980266	c	|DUG~b×TI|	|DUG~b×TI|	7	1083
o0980267	c	|DUG~b×U₂~a|	|DUG~b×U₂~a|	2	1085
o0980268	c	|DUG~b×U₂~b|	|DUG~b×U₂~b|	2	1087
o0980269	c	|DUG~b×(UDU~a×TAR~b)|	|DUG~b×(UDU~a×TAR~b)|	2	1092
o0980270	c	|DUG~b×UH₃~a|	|DUG~b×UH₃~a|	3	1094
o0980271	c	|DUG~b×UH₃~a@t|	|DUG~b×UH₃~a@t|	1	1096
o0980272	c	|DUG~b×X|	|DUG~b×X|	122	1098
o0980273	c	|DUG~b×ZATU707~a|	|DUG~b×ZATU707~a|	1	1101
o0980274	c	|DUG~b×ZATU764|	|DUG~b×ZATU764|	2	1103
o0980275	c	|DUG~b×ZATU779|	|DUG~b×ZATU779|	4	1105
o0980276	c	|DUG~b×ZATU780|	|DUG~b×ZATU780|	2	1107
o0980277	c	|DUG~b×ZATU781|	|DUG~b×ZATU781|	3	1109
o0980278	c	|DUG~b×(ZATU789.SA~a)|	|DUG~b×(ZATU789.SA~a)|	1	1111
o0980279	c	|DUG~b×1(N57)|	|DUG~b×1(N57)|	4	1113
o0980280	c	|DUG~b×(1(N57).KU₃~a)|	|DUG~b×(1(N57).KU₃~a)|	3	1116
o0980281	c	|DUG~b×3(N57)|	|DUG~b×3(N57)|	1	1118
o0980282	c	|DUG~b×1(N58)|	|DUG~b×1(N58)|	1	1120
o0980284	s	DUG~c	DUG~c	163	1129
o0980285	c	|DUG~c×1(N57)|	|DUG~c×1(N57)|	44	1130
o0980287	s	DUG~d	DUG~d	4	1138
o0980288	s	DUGUD	DUGUD	1	1141
o0980289	s	DUR~a	DUR~a	3	1143
o0980290	s	DUR~b	DUR~b	45	1145
o0980291	s	DUR₂	DUR₂	70	1148
o0980292	s	E~a	E~a	85	1150
o0980293	s	E~b	E~b	23	1152
o0980297	e		-	31	1161
o0980297	s	E₂~a	E₂	1	1161
o0980297	s	E₂~a	E₂~a	551	1161
o0980298	c	|E₂~a.LIŠ|	|E₂~a.LIŠ|	1	1162
o0980299	c	|E₂~a×3(N58)|	|E₂~a×3(N58)|	1	1166
o0980300	c	|E₂~a×1(N58@t)|	|E₂~a×1(N57)@t|	38	1168
o0980301	e		-	36	1171
o0980301	s	E₂~b	E₂~b	156	1171
o0980302	c	|E₂~b.LIŠ|	|E₂~b.LIŠ|	1	1172
o0980303	c	|E₂~b×1(N58@t)|	|E₂~b×1(N57)@t|	6	1175
o0980304	s	E₂~c	E₂~c	1	1178
o0980305	s	E₂~d	E₂~d	2	1180
o0980306	s	|DU.U₄.1(N14).1(N08)|	E₃~a	1	889
o0980307	s	E₃~b	E₃~b	1	1184
o0980308	s	EDIN	EDIN	5	1186
o0980309	e		-	67	1189
o0980309	s	EN~a	EN	1	1189
o0980309	s	EN~a	EN~a	1534	1189
o0980310	s	EN~b	EN~b	5	1201
o0980312	s	EN~c	EN~c	15	1206
o0980317	e		-	31	1218
o0980317	s	EN₂	EN₂	9	1218
o0980318	c	|EN₂.E₂~a|	|EN₂.E₂~a|	4	1219
o0980319	c	|EN₂.E₂~b|	|EN₂.E₂~b|	19	1221
o0980319	c	|EN₂.E₂~b|	|EN₂×E₂~b|	2	1221
o0980320	s	|EN~a.ME~a.MU|	ENDIB	6	1193
o0980321	s	|EN~a.ME~a.GI|	ENGIZ	21	1192
o0980322	s	|EN~a.EZEN~b×ŠE~a@t.NUN~a.SIG₇|	ENKUM	13	1190
o0980326	s	ERIM~a	ERIM~a	145	1240
o0980328	s	ERIM~b2	ERIM~b2	1	1244
o0980329	s	|NE~a.RU|	ERIM₂	22	2592
o0980330	e		-	1	1248
o0980330	s	ERIN	ERIN	108	1248
o0980331	e		-	84	1250
o0980331	s	EŠDA	EŠDA	16	1250
o0980332	c	|EŠDA×TAR~a|	|EŠDA×TAR|	1	1253
o0980333	s	EŠGAR	EŠGAR	16	1256
o0980334	s	EZEN~a	EZEN~a	10	1260
o0980336	c	|EZEN~a×EN~b|	|EZEN~a×EN~b|	1	1264
o0980337	c	|EZEN~a×(HI×1(N57).AN)|	|EZEN~a×(HI.1(N57).AN)|	1	1267
o0980339	c	|EZEN~a×KAŠ~b|	|EZEN~a×KAŠ~b|	2	1271
o0980340	c	|EZEN~a×KI|	|EZEN~a+KI|	1	1273
o0980343	c	|EZEN~a×NIMGIR|	|EZEN~a×NIMGIR|	1	1280
o0980345	c	|EZEN~a×SAG|	|EZEN~a×SAG|	1	1284
o0980346	c	|EZEN~a×SU~a|	|EZEN~a×SU~a|	8	1286
o0980347	c	|EZEN~a×(U₂~b.A)|	|EZEN~a×(U₂~b.A)|	4	1288
o0980349	c	|EZEN~a×X|	|EZEN~a×X|	1	1292
o0980350	s	EZEN~b	EZEN~b	86	1296
o0980351	e		-	23	1297
o0980352	c	|EZEN~b×6(N57)|	|EZEN~b×6(N57)|	1	1299
o0980353	s	EZEN~b@t	EZEN~b@t	2	1303
o0980353	s	EZEN~b@t	EZEN~c	3	1303
o0980354	s	EZINU~a	EZINU~a	11	1306
o0980355	s	EZINU~b	EZINU~b	1	1308
o0980356	s	EZINU~c	EZINU~c	4	1310
o0980357	s	EZINU~d	EZINU~d	5	1312
o0980358	e		-	84	1314
o0980358	s	GA~a	GA~a	202	1314
o0980359	c	|GA~a.ZATU753|	|GA~a.ZATU753|	84	1315
o0980361	s	GA~b	GA~b	25	1325
o0980362	s	GA~c	GA~c	4	1327
o0980363	c	|GA~c×KASKAL|	|GA~c×KASKAL|	2	1328
o0980364	c	|GA~c×1(N14)|	|GA~c×1(N14)|	1	1330
o0980365	e		-	4	1334
o0980365	s	GA₂~a1	GA₂~a1	92	1334
o0980366	c	|GA₂~a1×A|	|GA₂~a1×A|	2	1335
o0980367	c	|GA₂~a1×E₂~a|	|GA₂~a×E₂~a|	1	1337
o0980368	c	|GA₂~a1×EN~a|	|GA₂~a1×EN~a|	3	1339
o0980370	c	|GA₂~a1×GEŠTU~a|	|GA₂~a1×GEŠTU~a|	1	1343
o0980371	c	|GA₂~a1×GEŠTU~c3|	|GA₂~a1×GEŠTU~c3|	1	1345
o0980372	c	|GA₂~a1×GEŠTU~c5|	|GA₂~a1×GEŠTU~c5|	10	1347
o0980373	c	|GA₂~a1×GIR~a|	|GA₂~a1×GIR~a|	5	1349
o0980374	c	|GA₂~a1×(GIR~a.KU₆~a)|	|GA₂~a1×(GIR~a.KU₆~a)|	1	1351
o0980378	c	|GA₂~a1×HI|	|GA₂~a1×HI|	2	1359
o0980380	c	|GA₂~a1×KU₃~a|	|GA₂~a1×KU₃~a|	1	1363
o0980381	c	|GA₂~a1×KU₆~a|	|GA₂~a1×KU₆~a|	9	1365
o0980382	c	|GA₂~a1×(KU₆~a+KU₆~a)|	|GA₂~a1×(KU₆~a+KU₆~a)|	1	1367
o0980384	c	|GA₂~a1×MAŠ|	|GA₂~a1×MAŠ|	1	1371
o0980385	c	|GA₂~a1×NAGA~a|	|GA₂~a1×NAGA~a|	1	1373
o0980386	c	|GA₂~a1×NIM~b1|	|GA₂~a2×NIM~b1|	1	1375
o0980388	c	|GA₂~a1×PAD~b|	|GA₂~a1×PAD~b|	1	1379
o0980389	c	|GA₂~a1×PAP~a|	|GA₂~a1×PAP~a|	1	1381
o0980390	c	|GA₂~a1×SU~a|	|GA₂~a1×SU~a|	1	1383
o0980391	c	|GA₂~a1×SUHUR|	|GA₂~a1×SUHUR|	1	1385
o0980392	c	|GA₂~a1×SUKUD|	|GA₂~a1×SUKUD|	2	1387
o0980394	c	|GA₂~a1×((SUKUD+SUKUD)~b)|	|GA₂~a1×(SUKUD&SUKUD)~b|	1	1391
o0980396	c	|GA₂~a1×ŠA|	|GA₂~a1×ŠA|	1	1397
o0980397	c	|GA₂~a1×TI|	|GA₂~a1×TI|	3	1399
o0980398	c	|GA₂~a1×U₄|	|GA₂~a1×U₄|	13	1401
o0980399	c	|GA₂~a1×X|	|GA₂~a1×X|	10	1403
o0980400	c	|GA₂~a1×1(N14)|	|GA₂~a1×1(N14)|	1	1406
o0980403	s	GA₂~a2	GA₂~a2	37	1413
o0980404	c	|GA₂~a2×GU₄|	|GA₂~a2×GU₄|	4	1414
o0980406	c	|GA₂~a2×NI~b|	|GA₂~a2×NI~b|	1	1419
o0980408	c	|GA₂~a2×ŠE₃|	|GA₂~a2×ŠE₃|	3	1424
o0980409	c	|GA₂~a2×(ŠE₃.GU₄)|	|GA₂~a2×(GU₄.ŠE₃)|	10	1426
o0980410	c	|GA₂~a2×X|	|GA₂~a2×X|	1	1428
o0980411	c	|GA₂~a2×3(N57)|	|GA₂~a2×3(N57)|	1	1430
o0980412	s	GA₂~a3	GA₂~a3	1	1433
o0980415	s	GA₂~b	GA₂~b	8	1439
o0980416	c	|GA₂~b×DUB~a|	|GA₂~b×DUB~a|	8	1440
o0980418	c	|GA₂~b×KU₃~a|	|GA₂~b×KU₃~a|	1	1445
o0980419	c	|GA₂~b×KU₆~a|	|GA₂~b×KU₆~a|	1	1447
o0980421	c	|GA₂~b×ZATU659|	|GA₂~b×ZATU659|	1	1451
o0980422	s	GA₂~c	GA₂~c	1	1454
o0980423	s	GAʾAR~a1	GAʾAR~a1	43	1456
o0980424	s	GAʾAR~a2	GAʾAR~a2	15	1458
o0980425	s	GAʾAR~b1	GAʾAR~b1	1	1460
o0980426	s	GAʾAR~b2	GAʾAR~b2	1	1462
o0980427	s	GADA~a	GADA~a	98	1465
o0980429	s	GADA~b@g	GADA~b@g	2	1469
o0980430	e		-	61	1471
o0980430	s	GAL~a	GAL~a	1101	1471
o0980431	s	GAL~b	GAL~b	5	1476
o0980432	s	GALGA~a	GALGA~a	12	1478
o0980433	s	GALGA~b	GALGA~b	3	1480
o0980434	s	GAN~a	GAN~a	48	1482
o0980435	s	GAN~b	GAN~b	35	1485
o0980436	s	GAN~c	GAN~c	40	1490
o0980437	c	|GAN~c×DIN|	|GAN~c×DIN|	1	1491
o0980440	c	|GAN~c×KAŠ~c|	|GAN~c×KAŠ~c|	2	1497
o0980441	c	|GAN~c×(KUR~a.A)|	|GAN~c×(KUR~a.A)|	1	1499
o0980442	c	|GAN~c×LAGAB~b|	|GAN~c×LAGAB~b|	1	1501
o0980443	c	|GAN~c×NE~a|	|GAN~c×NE~a|	3	1503
o0980444	c	|GAN~c×SIG₇|	|GAN~c×SIG₇|	1	1505
o0980445	c	|GAN~c×ŠE~a|	|GAN~c×ŠE~a|	4	1507
o0980446	c	|GAN~c×ŠE₃@t|	|GAN~c×ŠE₃@t|	1	1509
o0980447	c	|GAN~c×X|	|GAN~c×X|	2	1511
o0980448	c	|GAN~c×ZATU777|	|GAN~c×ZATU777|	1	1513
o0980449	c	|GAN~c×(4(N57).GAR)|	|GAN~c×(4(N57).GAR)|	1	1515
o0980451	c	|GAN~d×GEŠTU~a|	|GAN~d×GEŠTU~a|	1	1520
o0980453	s	GAN₂	GAN₂	254	1525
o0980454	e		-	22	1527
o0980454	s	GAR	GAR	278	1527
o0980456	s	GAR@g~b	GAR@g~b	3	1531
o0980457	s	GAR@g~c	GAR@g~c	3	1533
o0980459	s	GARA₂~a	GARA₂~a	53	1537
o0980460	s	GARA₂~b	GARA₂~b	2	1539
o0980461	s	GAZI	GAZI	15	1541
o0980462	s	GEŠTIN~a	GEŠTIN~a	8	1543
o0980465	s	GEŠTIN~d	GEŠTIN~d	1	1549
o0980466	s	GEŠTIN~e	GEŠTIN~e	1	1551
o0980467	e		-	1	1553
o0980467	s	GEŠTU~a	GEŠTU~a	14	1553
o0980468	c	|GEŠTU~a×ŠE~a@t|	|GEŠTU~a×ŠE~a@t|	1	1555
o0980469	s	GEŠTU~b	GEŠTU~b	44	1560
o0980470	s	GEŠTU~c3	GEŠTU~c3	6	1563
o0980471	s	GEŠTU~c5	GEŠTU~c5	2	1566
o0980472	e		-	23	1568
o0980472	s	GI	GI	586	1568
o0980473	c	|GI×A|	|GI+A|	1	1570
o0980474	c	|GI×GIŠ@t|	|GI×GIŠ@t|	1	1572
o0980475	c	|GI×KU~b1|	|GI×KU~b1|	6	1574
o0980476	c	|GI×LAGAB~a|	|GI×LAGAB~a|	1	1576
o0980479	c	|GI×ŠE₃|	|GI×ŠE₃|	4	1582
o0980482	c	|GI×1(N58@t)|	|GI×1(N58)@t|	2	1589
o0980483	c	|GI&GI|	|GI&GI|	82	1591
o0980485	c	|(GI&GI)×ŠE₃|	|(GI&GI)×ŠE₃|	2	1595
o0980487	c	|GI&GI&GI|	|GI&GI&GI|	2	1599
o0980489	s	GI₄~a	GI₄~a	30	1605
o0980490	c	|GI₄~a×A|	|GI₄~a×A|	1	1606
o0980491	c	|GI₄~a&GI₄~a|	|GI₄~a&GI₄~a|	1	1608
o0980492	s	GI₄~b	GI₄~b	1	1611
o0980494	s	GI₆	GI₆	111	1615
o0980494	s	GI₆	GI₆~a	1	1615
o0980495	s	GIBIL	GIBIL	96	1619
o0980496	s	GIBIL@t	GIBIL@t	1	1621
o0980497	s	|NE~c.GI|	GIBIL₆	2	2600
o0980500	e		-	1	1630
o0980500	s	GIR~a	GIR~a	19	1630
o0980501	c	|GIR~a.KU₆~a|	|GIR~a.KU₆~a|	1	1631
o0980502	e		-	8	1634
o0980502	s	GIR~b	GIR~b	6	1634
o0980503	c	|GIR~b.GIR~b|	|GIR~b.GIR~b|	4	1635
o0980504	s	GIR~c	GIR~c	3	1639
o0980506	s	GIR₂~a	GIR₂~a	65	1643
o0980508	s	GIR₃~a	GIR₃~a	7	1647
o0980511	e		-	2	1653
o0980511	s	GIR₃~c	GIR₃~c	102	1653
o0980512	c	|GIR₃~c×KAR₂~b|	|GIR₃~c×KAR₂|	3	1657
o0980513	c	|GIR₃~c×ŠE₃|	|GIR₃~c×ŠE₃|	2	1659
o0980514	s	GIR₃@g~a	GIR₃@g~a	1	1663
o0980515	s	GIR₃@g~b	GIR₃@g~b	75	1665
o0980516	s	GIR₃@g~c	GIR₃@g~c	9	1667
o0980516	s	GIR₃@g~c	GIR₃~c@g	1	1667
o0980520	e		-	27	1675
o0980520	s	GIŠ	GIŠ	366	1675
o0980521	c	|GIŠ.TE|	|GIŠ.TE|	27	1676
o0980522	c	|(GIŠ×(DIN.DIN))~a|	|(GIŠ×(DIN.DIN))~a|	4	1679
o0980524	c	|(GIŠ×(DIN.DIN))~c|	|(GIŠ×(DIN.DIN))~c|	1	1683
o0980525	c	|(GIŠ×ŠU₂)~a|	|GIŠ×ŠU₂~a|	41	1686
o0980526	c	|(GIŠ×ŠU₂)~b|	|GIŠ×ŠU₂~b|	16	1688
o0980528	s	GIŠ@t	GIŠ@t	29	1695
o0980530	s	GIŠ₃~a	GIŠ₃~a	13	1699
o0980531	c	|GIŠ₃~a&GIŠ₃~a|	|GIŠ₃~a&GIŠ₃~a|	3	1700
o0980532	s	GIŠ₃~b	GIŠ₃~b	53	1703
o0980533	s	GIŠGAL	GIŠGAL	10	1705
o0980534	s	GIŠIMMAR~a1	GIŠIMMAR~a1	2	1708
o0980535	s	GIŠIMMAR~a2	GIŠIMMAR~a2	6	1710
o0980536	s	GIŠIMMAR~a3	GIŠIMMAR~a3	2	1712
o0980537	s	GIŠIMMAR~b1	GIŠIMMAR~b1	41	1715
o0980539	s	GIŠIMMAR~b3	GIŠIMMAR~b3	1	1721
o0980540	s	|GEŠTU~a.NAGA~a|	GIZZAL~v	1	1554
o0980541	s	GU	GU	81	1725
o0980541	s	GU	GU~a	16	1725
o0980542	s	GU₂	GU₂	2	1728
o0980543	s	GU₄	GU₄	144	1730
o0980546	s	GU₄@g	GU₄@g	5	1738
o0980547	s	GU₇	GU₇	304	1741
o0980548	s	GUB₃~a	GUB₃~a	6	1744
o0980549	s	GUB₃~b	GUB₃~b	2	1746
o0980550	s	GUB₃~c	GUB₃~c	2	1748
o0980551	s	GUB₃~d	GUB₃~d	1	1750
o0980552	e		-	7	1753
o0980552	s	GUG₂	GUG₂	139	1753
o0980552	s	GUG₂	GUG₂~a	3	1753
o0980554	c	|GUG₂×ŠITA~a1|	|GUG₂×ŠITA~a1|	1	1756
o0980557	s	GUKKAL~a	GUKKAL~a	1	1766
o0980560	s	GUKKAL~c	GUKKAL~c	7	1772
o0980562	s	GUL	GUL	24	1776
o0980563	s	GUM~a	GUM~a	1	1778
o0980564	s	GUM~b	GUM~b	37	1780
o0980565	s	GUM~b@n	GUM~b@n	1	1783
o0980566	s	GUN₃~a	GUN₃~a	12	1786
o0980567	s	GUN₃~b	GUN₃~b	9	1788
o0980568	s	GUR	GUR	2	1790
o0980569	s	GURUŠ~a	GURUŠ~a	38	1792
o0980569	s	GURUŠ~a	URU~a1	1	1792
o0980573	c	|GURUŠ~c×2(N14)|	|GURUŠ~c×2(N14)|	1	1803
o0980574	s	GURUŠDA	GURUŠDA	31	1805
o0980574	s	GURUŠDA	GURUŠDA~a	8	1805
o0980575	s	HAL	HAL	85	1808
o0980576	s	HALUB	HALUB	11	1810
o0980577	s	HAŠHUR	HAŠHUR	61	1812
o0980578	c	|HAŠHUR×MA|	|HAŠHUR×MA|	1	1813
o0980579	e		-	8	1816
o0980579	s	HI	HI	316	1816
o0980579	s	HI	HI~a	4	1816
o0980580	c	|HI.SUHUR|	|HI.SUHUR|	5	1818
o0980581	c	|HI.LAGAB~a|	|HI×LAGAB~a|	3	1817
o0980585	c	|HI×1(N57)|	|HI×1(N57)|	9	1831
o0980585	e		-	2	1831
o0980586	c	|(HI×1(N57)).(HI×1(N57))|	|(HI×1(N57)).(HI×1(N57))|	1	1835
o0980587	c	|HI×1(N57@t)|	|HI×1(N57)@t|	2	1839
o0980590	s	HI@g~a	HI@g	3	1849
o0980590	s	HI@g~a	HI@g~a	158	1849
o0980590	s	HI@g~a	HI~a@g	5	1849
o0980591	s	HI@g~b	HI@g~b	10	1851
o0980592	s	HI@g~c	HI@g~c	1	1853
o0980594	s	I	I	42	1857
o0980595	e		-	82	1859
o0980595	s	IB~a	IB~a	251	1859
o0980595	s	IB~a	ŠAB~a	1	1859
o0980596	s	IB~a@n	IB~a@n	1	1863
o0980597	s	IB~b	IB~b	1	1865
o0980598	s	IB~c	IB~c	5	1867
o0980599	s	IDIGNA	IDIGNA	47	1869
o0980600	s	IG~a	IG~a	2	1872
o0980601	s	IG~b	IG~b	2	1874
o0980603	s	IL	IL	10	1878
o0980605	s	|NAGAR~b.BU~a|	ILDUM~b	4	2555
o0980606	s	IM~a	IM~a	97	1884
o0980608	s	IM~b	IM~b	13	1888
o0980609	s	IN~b	IN~b	26	1890
o0980610	s	IN~d	IN~d	1	1893
o0980611	e		-	1	1895
o0980611	s	IR~a	IR~a	44	1895
o0980612	c	|IR~a.GA₂~a1|	|IR~a.GA₂~a1|	1	1896
o0980613	s	IR~b	IR~b	2	1899
o0980616	s	|UŠ~a.KUR~a|	IR₁₁	9	6912
o0980617	s	IRHAN	IRHAN	1	1908
o0980618	s	IŠ~a	IŠ~a	23	1910
o0980619	s	IŠ~b	IŠ~b	67	1915
o0980620	s	IŠ~c	IŠ~c	1	1922
o0980621	e		-	1	1924
o0980621	s	KA~a	KA~a	90	1924
o0980622	c	|KA~a.ŠE~a|	|KA~a.ŠE~a|	1	1925
o0980623	c	|KA~a×SAR~a|	|KA~a×SAR~a|	1	1928
o0980624	s	KA₂~a	KA₂~a	11	1932
o0980625	s	KA₂~b	KA₂~b	6	1934
o0980628	c	|KA₂~d×LAM~b|	|KA₂×LAM|	18	1939
o0980629	s	KAB	KAB	92	1943
o0980629	s	KAB	TUKU	3	1943
o0980630	c	|KAB×1(N58)|	|KAB×1(N58)|	1	1944
o0980630	c	|KAB×1(N58)|	|TUKU+DIŠ|	1	1944
o0980631	s	KAD₄~a	KAD₄~a	9	1947
o0980632	s	KAD₄~b	KAD₄~b	2	1949
o0980635	e		-	3	1955
o0980635	s	KAK~a	KAK~a	44	1955
o0980636	c	|KAK~a.GA₂~a1|	|KAK~a.GA₂~a1|	3	1956
o0980638	s	KAL~a	KAL~a	5	1961
o0980639	s	KAL~b1	KAL~b1	2	1963
o0980640	s	KAL~b2	KAL~b2	15	1966
o0980641	s	KALAM~a	KALAM~a	26	1968
o0980642	s	KALAM~b	KALAM~b	51	1970
o0980643	s	KALAM~c	KALAM~c	1	1972
o0980644	s	KALAM~d	KALAM~d	1	1974
o0980645	s	KALAM~e	KALAM~e	1	1976
o0980646	s	KALAM~f	KALAM~f	1	1978
o0980647	s	KALAM~g	KALAM~g	6	1980
o0980648	s	KALAM~h	KALAM~h	2	1982
o0980649	s	KALAM~h2	KALAM~h2	1	1984
o0980650	s	|TE.A|	KAR	5	3529
o0980651	s	KAR₂~a	KAR₂~a	61	1989
o0980652	s	KAR₂~b	KAR₂~b	10	1991
o0980653	s	KASKAL	APIN	1	1993
o0980653	s	KASKAL	APIN~a	1	1993
o0980653	s	KASKAL	KASKAL	48	1993
o0980654	s	KASKAL@g	KASKAL@g	1	1995
o0980655	s	KAŠ~a	KAŠ~a	103	1997
o0980656	s	KAŠ~b	KAŠ~b	86	2000
o0980659	s	KAŠ~c	KAŠ~c	114	2008
o0980660	s	KAŠ~d	KAŠ~d	19	2010
o0980662	s	KI	KI	529	2015
o0980662	s	KI	KI~a	10	2015
o0980663	s	KI@n	KI@n	4	2018
o0980664	c	|KI@n×DUB~a|	|KI@n+DUB~a|	1	2020
o0980665	s	KIB	KIB	9	2023
o0980666	s	KIB@g	KIB@g	1	2025
o0980667	s	KID~a	KID~a	18	2027
o0980668	s	KID~b	KID~b	71	2029
o0980669	s	KID~c	KID~c	3	2031
o0980671	s	KID~e	KID~e	3	2035
o0980672	s	KIN	KIN	3	2037
o0980674	s	KIN₂~b	KIN₂~b	1	2041
o0980675	e		-	5	2043
o0980675	s	KIN₂~c	KIN₂~c	8	2043
o0980676	s	KIN₂~d	KIN₂~d	3	2045
o0980678	s	|UKKIN~a.GAL~a|	KINGAL	41	6739
o0980679	s	|SAL.SILA₄~c|	KIR₁₁	22	2922
o0980680	s	KISAL~a1	KISAL~a1	2	2055
o0980682	s	KISAL~b1	KISAL~b1	189	2059
o0980683	s	KISAL~b2	KISAL~b2	7	2061
o0980684	s	KISAL~b2@t	KISAL~b2@t	2	2063
o0980685	s	KISAL~b3	KISAL~b3	2	2065
o0980686	s	KISIM~a	KISIM~a	61	2067
o0980687	s	KISIM~b	KISIM~b	23	2069
o0980689	s	KIŠ	KIŠ	132	2076
o0980690	s	KIŠIK~a	KIŠIK~a	29	2080
o0980691	s	KIŠIK~b	KIŠIK~b	3	2082
o0980692	s	KITI	KITI	26	2084
o0980693	s	KU~a	KU~a	4	2088
o0980695	s	KU~b1	KU~b1	74	2092
o0980696	s	KU~b2	KU~b2	27	2094
o0980697	e		-	17	2096
o0980697	s	KU₃~a	KU₃~a	202	2096
o0980698	s	KU₃~c	KU₃~c	2	2099
o0980699	e		-	5	2101
o0980699	s	KU₆~a	KU₆~a	323	2101
o0980700	c	|KU₆~a.1(N02)|	|KU₆~a.1(N02)|	3	2102
o0980702	c	|KU₆~a+KU₆~a|	|KU₆~a+KU₆~a|	8	2106
o0980703	s	KU₆~a@s	KU₆~a@s	1	2109
o0980704	s	KU₆~c	KU₆~c	1	2111
o0980705	s	KU₆~d	KU₆~d	1	2113
o0980707	e		-	113	2117
o0980707	s	KUR~a	KUR~a	189	2117
o0980708	c	|KUR~a.E₂~a|	|KUR~a.E₂~a|	13	2118
o0980710	s	KUR~b	KUR~b	1	2124
o0980712	s	KUR~c	KUR~c	1	2128
o0980714	s	KUR@g~a	KUR@g~a	4	2134
o0980717	s	KUŠU₂~b	KUŠU₂~b	2	2141
o0980718	s	KUŠU₂~c	KUŠU₂~c	3	2143
o0980719	s	KUŠU₂~d	KUŠU₂~d	1	2145
o0980721	s	KUŠU₂~f	KUŠU₂~f	1	2149
o0980722	s	LA~b	LA	1	2152
o0980722	s	LA~b	LA~b	1	2152
o0980723	s	LA~c	LA~c	1	2154
o0980726	s	LA₂	LA₂	88	2160
o0980727	e		-	3	2163
o0980727	s	LAGAB~a	LAGAB~a	36	2163
o0980728	c	|LAGAB~a×BA|	|LAGAB~a×BA|	1	2164
o0980729	c	|LAGAB~a×BIR₃~b|	|LAGAB~a×BIR₃~b|	2	2166
o0980731	c	|LAGAB~a×KAK~a|	|LAGAB~a×KAK~a|	1	2171
o0980732	c	|LAGAB~a×KU₆~a|	|LAGAB~a×KU₆~a|	1	2173
o0980733	c	|LAGAB~a×(KU₆~a+KU₆~a)|	|LAGAB~a×(KU₆~a+KU₆~a)|	1	2175
o0980736	c	|LAGAB~a×LAGAB~a|	|LAGAB~a×LAGAB~a|	1	2182
o0980738	c	|LAGAB~a×NI~a|	|LAGAB~a×NI~a|	1	2187
o0980740	c	|LAGAB~a×PA~a|	|LAGAB~a×PA~a|	3	2191
o0980741	c	|LAGAB~a×SI|	|LAGAB~a×SI|	3	2193
o0980742	c	|LAGAB~a×SIG₇|	|LAGAB~a×SIG₇|	1	2195
o0980743	c	|LAGAB~a×SU~a|	|LAGAB~a×SU~a|	1	2197
o0980744	c	|LAGAB~a×ŠA|	|LAGAB~a×ŠA|	10	2199
o0980745	c	|LAGAB~a×ŠITA~a1|	|LAGAB~a×ŠITA~a1|	20	2203
o0980746	c	|LAGAB~a×TI|	|LAGAB~a×TI|	1	2206
o0980747	c	|LAGAB~a×U₄|	|LAGAB~a×U₄|	1	2209
o0980749	c	|LAGAB~a×X|	|LAGAB~a×X|	2	2213
o0980752	c	|LAGAB~a×1(N58)|	|LAGAB~a×1(N58)|	1	2221
o0980753	e		-	9	2225
o0980753	s	LAGAB~b	LAGAB~b	130	2225
o0980754	c	|LAGAB~b.TE|	|LAGAB~b.TE|	9	2226
o0980760	c	|LAGAB~b×PA~a|	|LAGAB~b×PA~a|	1	2241
o0980762	c	|LAGAB~b×SUH₃|	|LAGAB~b×SUH₃|	1	2245
o0980764	c	|LAGAB~b×U₄|	|LAGAB~b×U₄|	2	2249
o0980767	c	|LAGAB~b&LAGAB~b|	|LAGAB~b&LAGAB~b|	1	2255
o0980767	c	|LAGAB~b&LAGAB~b|	|LAGAB~b+LAGAB~b|	1	2255
o0980767	c	|LAGAB~b&LAGAB~b|	|LAGAB~b×LAGAB~b|	2	2255
o0980768	e		-	5	2258
o0980768	s	LAGAR~a	LAGAR~a	35	2258
o0980769	s	LAGAR~a@r	LAGAR~a@r	1	2260
o0980770	s	LAGAR~b1	LAGAR~b1	1	2262
o0980772	s	LAGAR~c	LAGAR~c	1	2266
o0980773	s	|ŠITA~a1.MUD₃~a|	LAHTAN₂	9	3369
o0980780	s	LAL₂~a	LAL₂~a	26	2282
o0980782	c	|LAL₂~a×NAGA~a|	|LAL₂~a×NAGA~a|	2	2285
o0980783	c	|LAL₂~a×NIM~b2|	|LAL₂~a×NIM~b2|	3	2287
o0980785	s	LAL₃~a	LAL₃~a	5	2292
o0980786	s	LAL₃~b	LAL₃~b	2	2294
o0980788	e		-	1	2298
o0980788	s	LAM~a	LAM~a	4	2298
o0980789	e		-	2	2300
o0980789	s	LAM~b	LAM~b	42	2300
o0980794	s	LI	LI	7	2312
o0980795	e		-	3	2315
o0980795	s	LIŠ	LIŠ	7	2315
o0980796	e		-	12	2317
o0980796	s	LU₂	LU₂	43	2317
o0980797	c	|LU₂×GEŠTU~c3|	|LU₂×GEŠTU~c3|	1	2319
o0980799	s	|LU₂.GAL~a|	LUGAL	12	2318
o0980800	s	LUM	LUM	13	2330
o0980801	s	MA	MA	137	2332
o0980803	c	|MA×MA|	|MA×MA|	1	2335
o0980806	c	|MA×1(N58)|	|MA×1(N58)|	1	2341
o0980807	s	MA₂	MA₂	1	2345
o0980810	s	MAH~a	MAH~a	11	2351
o0980813	c	|MAH~a×KU₆~a|	|MAH~a×KU₆~a|	1	2356
o0980814	c	|MAH~a×MAŠ|	|MAH~a×MAŠ|	7	2358
o0980815	c	|MAH~a×NA~a|	|MAH~a×NA~a|	3	2360
o0980818	c	|MAH~a×TUN₃~c|	|MAH~a×TUN₃~c|	1	2366
o0980823	c	|MAH~a×X|	|MAH~a×X|	2	2376
o0980825	s	MAH~b	MAH~b	1	2381
o0980827	c	|MAH~b×MAŠ|	|MAH~b×MAŠ|	1	2384
o0980828	c	|MAH~b×NA~a|	|MAH~b×NA~a|	1	2386
o0980830	s	MAR~a	MAR~a	138	2391
o0980831	s	MAR~a@g	MAR@g~a	2	2394
o0980832	s	MAR~a@t	MAR~a@t	1	2397
o0980833	s	MAR~b	MAR~b	12	2399
o0980834	c	|MAR~b×GAR|	|MAR~b×GAR|	1	2400
o0980837	c	|MAR~b×X|	|MAR~b×X|	2	2406
o0980838	s	MAŠ	MAŠ	167	2410
o0980839	s	MAŠ₂	MAŠ₂	158	2412
o0980839	s	MAŠ₂	MAŠNITA	1	2412
o0980840	s	MAŠ₂@g	MAŠ₂@g	1	2414
o0980841	e		-	81	2417
o0980841	s	ME~a	ME~a	387	2417
o0980842	s	ME~b	ME~b	2	2419
o0980843	s	ME₃	ME₃	5	2421
o0980844	s	MEN~a	MEN~a	44	2423
o0980845	s	MEN~b	MEN~b	2	2427
o0980846	s	MES	MES	41	2429
o0980847	s	MIR~a	MIR~a	23	2432
o0980848	s	MIR~b	MIR~b	16	2434
o0980849	e		-	6	2436
o0980849	s	MU	MU	119	2436
o0980850	s	MUD	MUD	113	2438
o0980851	e		-	9	2441
o0980851	s	MUD₃~a	MUD₃~a	23	2441
o0980852	s	MUD₃~a@g	MUD₃@g	2	2443
o0980852	s	MUD₃~a@g	MUD₃~a@g	4	2443
o0980854	s	MUD₃~b	MUD₃~b	1	2448
o0980855	s	MUD₃~c	MUD₃~c	4	2450
o0980856	s	MUD₃~d	MUD₃~d	5	2452
o0980857	s	MUL	MUL	3	2455
o0980858	s	MUN~a1	MUN~a1	48	2457
o0980859	s	MUN~a2	MUN~a2	4	2460
o0980860	s	MUN~a3	MUN~a3	1	2463
o0980861	s	MUN~a4	MUN~a4	1	2465
o0980862	s	MUN~b	MUN~b	2	2467
o0980864	s	MUNŠUB~b	MUNŠUB~b	18	2471
o0980865	s	MUNU₃	MUNU₃	16	2473
o0980866	s	|SAL.LAGAR~a|	MURUB₂	5	2914
o0980867	s	MUŠ	MUŠ	3	2477
o0980868	e		-	50	2479
o0980868	s	MUŠ₃~a	MUŠ₃~a	222	2479
o0980870	s	MUŠ₃~b	MUŠ₃~b	3	2489
o0980871	e		-	36	2491
o0980871	s	MUŠEN	MUŠEN	253	2491
o0980873	c	|MUŠEN.3(N58)|	|MUŠEN.3(N58)|	1	2496
o0980874	c	|MUŠEN×PAP~a|	|MUŠEN×PAP~a|	1	2498
o0980876	c	|1(N02).RU|	|1(N02).RU|	1	2507
o0980877	c	|1(N58).BAD|	|1(N58).BAD~a|	63	2509
o0980877	c	|1(N58).BAD|	|BAD+DIŠ~a|	1	2509
o0980879	c	|3(N58).UR₃~b1|	|3(N58).UR₃~b1|	1	2516
o0980880	e		-	13	2519
o0980880	s	NA~a	NA	1	2519
o0980880	s	NA~a	NA~a	149	2519
o0980881	s	NA~b	NA~b	3	2521
o0980883	s	NA~d	NA~d	1	2525
o0980884	e		-	8	2527
o0980884	s	NA₂~a	NA₂~a	67	2527
o0980885	s	NA₂~b1	NA₂~b1	5	2531
o0980886	s	NA₂~b2	NA₂~b2	7	2533
o0980887	s	NA₂~c	NA₂~c	1	2535
o0980888	s	NAB	NAB	19	2537
o0980889	e		-	1	2542
o0980889	s	NAGA~a	NAGA~a	137	2542
o0980890	c	|NAGA~a×TAK₄~a|	|NAGA~a×TAK₄~a|	1	2543
o0980892	s	NAGAR~a	NAGAR~a	60	2548
o0980893	e		-	4	2554
o0980893	s	NAGAR~b	NAGAR~b	90	2554
o0980894	s	NAM~a	NAM~a	5	2558
o0980896	s	NAM~c	NAM~c	3	2562
o0980897	s	NAM~d	NAM~d	4	2564
o0980898	e		-	295	2566
o0980898	s	NAM₂	NAM₂	452	2566
o0980899	c	|NAM₂×1(N01)|	|NAM₂×1(N01)|	1	2567
o0980900	s	NAM₂@g	NAM₂@g	1	2571
o0980901	s	NAM₂@t	NAM₂@t	8	2573
o0980902	s	|EŠDA.NAM₂|	NAMEŠDA	84	1251
o0980903	s	|URI₃~a.NA~a|	NANNA~a	11	6844
o0980904	s	|ŠEŠ~a.NA~a|	NANNA~b	2	3345
o0980905	s	NANŠE~a	NANŠE~a	4	2584
o0980906	s	NANŠE~b	NANŠE~b	7	2586
o0980907	s	NAR	NAR	118	2588
o0980908	e		-	22	2591
o0980908	s	NE~a	NE~a	254	2591
o0980910	e		-	2	2599
o0980912	s	|GIR₃~c.AB~a|	NERGAL~v	1	1654
o0980913	s	NESAG₂~a	NESAG₂~a	34	2607
o0980914	s	NESAG₂~a2	NISAG~a3	1	2610
o0980915	s	NESAG₂~b	NESAG₂~b	12	2612
o0980916	s	NESAG₂~b@t	NESAG₂~b@t	1	2615
o0980917	e		-	79	2617
o0980917	s	NI~a	NI~a	258	2617
o0980918	c	|NI~a.RU|	|NI~a.RU|	78	2618
o0980921	s	NI~b	NI~b	86	2625
o0980923	c	|NI~b×4(N57)|	|NI~b×4(N57)|	1	2628
o0980924	c	|NI~b×8(N57)|	|NI~b×8(N57)|	1	2631
o0980925	s	NI₂	NI₂	32	2634
o0980926	s	NIGIN	NIGIN	9	2636
o0980927	e		-	2	2638
o0980927	s	NIM~a	NIM~a	58	2638
o0980928	s	NIM~b1	NIM~b1	66	2640
o0980929	s	NIM~b2	NIM~b2	19	2642
o0980930	s	NIM~b3	NIM~b3	1	2644
o0980932	s	NIMGIR	NIMGIR	57	2648
o0980933	s	|SAL.NAM₂|	NIN	104	2919
o0980934	s	NINDA₂	NINDA₂	9	2653
o0980935	c	|NINDA₂×AN|	|NINDA₂×AN|	2	2654
o0980936	c	|NINDA₂×(AN.HI)|	|NINDA₂×(AN.HI)|	2	2656
o0980937	c	|NINDA₂×(AN.ME~a)|	|NINDA₂×(AN.ME~a)|	1	2658
o0980938	c	|NINDA₂×(AN.X)|	|NINDA₂×(AN.X)|	1	2660
o0980939	c	|NINDA₂×BA|	|NINDA₂×BA|	1	2662
o0980940	c	|NINDA₂×EZEN~b|	|NINDA₂×EZEN~b|	2	2664
o0980941	c	|NINDA₂×GAʾAR~a1|	|NINDA₂×GAʾAR~a1|	1	2666
o0980942	c	|NINDA₂×GAR|	|NINDA₂×GAR|	1	2668
o0980943	c	|NINDA₂×GIŠ|	|NINDA₂×GIŠ|	2	2670
o0980945	c	|NINDA₂×GU₄|	|NINDA₂×GU₄|	1	2674
o0980946	c	|NINDA₂×HI|	|NINDA₂×HI|	5	2677
o0980947	c	|NINDA₂×(HI.AN.ME~a)|	|NINDA₂×(HI.AN.ME~a)|	5	2679
o0980948	c	|NINDA₂×(HI.ME~a)|	|NINDA₂×(HI+ME~a)|	4	2683
o0980949	c	|NINDA₂×(HI.X)|	|NINDA₂×(HI.X)|	1	2686
o0980950	c	|NINDA₂×KAŠ~b|	|NINDA₂×KAŠ~b|	3	2690
o0980952	c	|NINDA₂×MAR~b|	|NINDA₂×MAR~b|	1	2694
o0980954	c	|NINDA₂×NUN~a|	|NINDA₂×NUN~a|	3	2698
o0980956	c	|NINDA₂×U₄|	|NINDA₂×U₄|	3	2702
o0980957	c	|NINDA₂×(U₄.X)|	|NINDA₂×(U₄.X)|	1	2704
o0980958	c	|NINDA₂×(UDU~a×TAR~a)|	|NINDA₂×((UDU~a×TAR)~a)|	1	2710
o0980959	c	|NINDA₂×(UDU~a×TAR~b)|	|NINDA₂×((UDU~a+TAR)~b)|	1	2712
o0980960	c	|NINDA₂×X|	|NINDA₂×X|	8	2714
o0980962	c	|NINDA₂×(ZATU659×1(N01))|	|NINDA₂×(ZATU659×1(N01))|	2	2718
o0980963	c	|NINDA₂×ZATU710|	|NINDA₂×ZATU710|	3	2720
o0980964	c	|NINDA₂×1(N01)|	|NINDA₂×1(N01)|	3	2722
o0980965	c	|NINDA₂×2(N01)|	|NINDA₂×2(N01)|	1	2724
o0980967	c	|NINDA₂×(1(N06).HI@g~a)|	|NINDA₂×(HI@g~a.1(N06))|	2	2728
o0980969	s	|SAL.NAM₂.EZEN~b×ŠE~a@t.NUN~a.SIG₇|	NINKUM	10	2920
o0980970	s	|E₂~a.NUN~a|	NINLIL	4	1164
o0980971	s	NIR~a	NIR~a	30	2738
o0980972	c	|NIR~a×AN|	|NIR~a×AN|	14	2739
o0980973	s	NIR~b	NIR~b	4	2742
o0980974	s	NU	NU	55	2745
o0980975	s	NU@g	NU@g	9	2747
o0980976	s	NU₁₁	NU₁₁	43	2750
o0980977	c	|NU₁₁&NU₁₁|	|NU₁₁&NU₁₁|	1	2751
o0980978	s	NU₁₁@t	NU₁₁@t	4	2754
o0980979	s	NUMUN	NUMUN	14	2756
o0980980	s	NUMUN₂	NUMUN₂	2	2758
o0980981	e		-	80	2760
o0980981	s	NUN~a	NUN~a	524	2760
o0980982	c	|NUN~a+A|	|NUN~a+A|	1	2763
o0980983	c	|NUN~a+EN~a|	|EN~a×NUN~a|	1	2765
o0980983	c	|NUN~a+EN~a|	|NUN~a+EN~a|	17	2765
o0980986	c	|NUN~a+NAM₂|	|NUN~a+NAM₂|	13	2771
o0980987	e		-	1	2774
o0980987	s	NUN~b	NUN~b	76	2774
o0980988	c	|NUN~b.U₄|	|NUN~b.U₄|	1	2775
o0980989	c	|NUN~b+EN~a|	|EN~a+NUN~b|	6	2777
o0980989	c	|NUN~b+EN~a|	|NUN~b+EN~a|	2	2777
o0980990	s	NUN~c	NUN~c	2	2780
o0980992	s	NUNUZ~a0	NUNUZ~a0	12	2787
o0980992	s	NUNUZ~a0	NUNUZ~a1@n	1	2787
o0980993	e		-	23	2789
o0980993	s	NUNUZ~a1	NUNUZ~a1	156	2789
o0980994	s	NUNUZ~a1@t	NUNUZ~a1@t	2	2792
o0980995	s	NUNUZ~a2	NUNUZ~a2	7	2794
o0980996	s	NUNUZ~b1	NUNUZ~b1	3	2796
o0980997	s	NUNUZ~b2	NUNUZ~b2	1	2798
o0980998	e		-	2	2800
o0980998	s	NUNUZ~c	NUNUZ~c	24	2800
o0980999	e		-	79	2805
o0980999	s	PA~a	PA~a	379	2805
o0981002	s	PAD~a	PAD~a	27	2816
o0981003	s	PAD~b	PAD~b	1	2818
o0981004	e		-	10	2820
o0981004	s	PAP~a	PAP~a	756	2820
o0981005	s	PAP~a@t	PAP@t	18	2823
o0981005	s	PAP~a@t	PAP~a@t	3	2823
o0981006	s	PAP~b	PAP~b	1	2826
o0981007	s	PIRIG~a1	PIRIG~a1	1	2830
o0981009	s	PIRIG~a3	PIRIG~a3	1	2834
o0981010	e		-	34	2836
o0981010	s	PIRIG~b1	PIRIG~b1	131	2836
o0981011	c	|PIRIG~b1+DIN|	|PIRIG~b1+DIN|	2	2837
o0981012	c	|PIRIG~b1×UR₂|	|PIRIG~b1×UR₂|	2	2840
o0981014	s	PIRIG~b2	PIRIG~b2	1	2845
o0981015	s	PU₂	PU₂	38	2847
o0981016	s	RA	RA	3	2850
o0981017	s	RAD~a	RAD~a	225	2852
o0981018	s	RAD~a@g	RAD~a@g	9	2854
o0981019	s	RAD~a@t	RAD~a@t	2	2856
o0981020	s	RAD~b	RAD~b	2	2858
o0981022	s	RI₈~a	RI₈~a	7	2862
o0981023	s	RI₈~b	RI₈~b	1	2864
o0981024	e		-	156	2867
o0981024	s	RU	RU	164	2867
o0981024	s	RU	RU~a	1	2867
o0981026	s	SA~a	SA~a	24	2873
o0981027	s	SA~c	SA~c	52	2875
o0981028	s	SAG	SAG	370	2878
o0981029	c	|SAG+UKKIN~b×1(N57)|	|SAG×(UKKIN~b×1(N57))|	1	2881
o0981030	c	|SAG×GEŠTU~a|	|SAG×GEŠTU~a|	1	2884
o0981031	c	|SAG×GEŠTU~b|	|SAG×GEŠTU~b|	3	2886
o0981032	c	|SAG×GEŠTU~c|	|SAG×GEŠTU~c|	1	2889
o0981034	c	|SAG×MA|	|SAG×MA|	18	2893
o0981035	c	|SAG×NAM₂|	|SAG+NAM₂|	1	2895
o0981037	c	|SAG×1(N14)|	|SAG×1(N14)|	1	2900
o0981038	s	SAG@g	SAG@g	9	2905
o0981039	s	SAG@n	SAG@n	17	2907
o0981040	s	SAGŠU	SAGŠU	31	2909
o0981041	e		-	193	2911
o0981041	s	SAL	SAL	699	2911
o0981042	c	|SAL.KUR~a|	|SAL.KUR~a|	45	2912
o0981043	c	|SAL.LAM~b|	|SAL.LAM~b|	2	2915
o0981044	s	|SAL.ME~a|	LUKUR	1	2917
o0981045	c	|SAL.ŠU₂|	|SAL.ŠU₂|	2	2923
o0981046	c	|SAL.ZATU751~a|	|SAL+ZATU751~a|	1	2925
o0981048	c	|SAL.ZATU751~c|	|SAL.ZATU751~c|	1	2929
o0981049	c	|SAL×1(N58)|	|SAL×1(N58)|	2	2931
o0981050	e		-	1	2934
o0981050	s	SANGA~a	SANGA~a	601	2934
o0981051	s	SANGA~b	SANGA~b	1	2938
o0981053	s	SANGA~e	SANGA~e	1	2943
o0981054	s	SAR~a	SAR~a	74	2946
o0981055	c	|SAR~a×ŠE~a|	|SAR~a×ŠE~a|	21	2947
o0981056	s	SAR~b	SAR~b	5	2950
o0981057	s	SAR~c	SAR~c	4	2952
o0981058	s	SAR~d	SAR~d	1	2954
o0981059	e		-	2	2956
o0981059	s	SI	SI	348	2956
o0981060	c	|SI+AN|	|SI+AN|	1	2957
o0981061	c	|SI×EN~a|	|SI×EN~a|	1	2959
o0981062	c	|SI×GU₄|	|SI×GU₄|	1	2961
o0981063	c	|SI×KU~b1|	|SI×KU~b1|	17	2963
o0981064	c	|SI×SAL|	|SI×SAL|	1	2965
o0981065	c	|SI×ŠE₃|	|SI×ŠE₃|	4	2967
o0981066	c	|SI×TUN₃~a|	|SI×TUN₃~a|	1	2969
o0981067	c	|SI×1(N58)|	|SI×1(N58)|	1	2971
o0981068	s	SI₄~a	SI₄~a	47	2975
o0981071	s	SI₄~d	SI₄~d	3	2981
o0981072	s	SI₄~f	SI₄~f	73	2984
o0981073	s	SIG	SIG	84	2987
o0981075	s	SIG@g	SIG@g	1	2992
o0981076	s	SIG₂~a1	SIG₂~a	1	2996
o0981076	s	SIG₂~a1	SIG₂~a1	23	2996
o0981077	s	SIG₂~a2	SIG₂~a2	17	2998
o0981078	s	SIG₂~a3	SIG₂~a3	14	3001
o0981079	s	SIG₂~a4	SIG₂~a4	1	3005
o0981080	s	SIG₂~b	SIG₂~b	122	3007
o0981082	c	|SIG₂~b&SIG₂~b|	|SIG₂~b.SIG₂~b|	2	3011
o0981083	s	SIG₂~c1	SIG₂~c1	1	3014
o0981084	s	SIG₂~c2	SIG₂~c2	1	3016
o0981085	s	SIG₂~d1	SIG₂~d1	10	3018
o0981086	s	SIG₂~d2	SIG₂~d2	1	3020
o0981089	s	SIG₂~e	SIG₂~e	3	3027
o0981091	e		-	23	3031
o0981091	s	SIG₇	SIG₇	64	3031
o0981093	s	SILA₃~a	SILA₃~a	44	3036
o0981094	c	|SILA₃~a×A|	|SILA₃~a×A|	1	3040
o0981096	c	|SILA₃~a×DUG~a|	|SILA₃~a×DUG~a|	8	3044
o0981098	c	|SILA₃~a×GA~a|	|SILA₃~a×GA~a|	8	3049
o0981099	c	|SILA₃~a×GARA₂~a|	|SILA₃~a+GARA₂~a|	1	3051
o0981099	c	|SILA₃~a×GARA₂~a|	|SILA₃~a×GARA₂~a|	17	3051
o0981100	c	|SILA₃~a×GEŠTU~a|	|SILA₃~a×GEŠTU~a|	1	3053
o0981102	c	|SILA₃~a×GEŠTU~c5|	|SILA₃~a×GEŠTU~c5|	1	3057
o0981103	c	|SILA₃~a×HAŠHUR|	|SILA₃~a×HAŠHUR|	4	3059
o0981104	c	|SILA₃~a×HI|	|SILA₃~a×HI|	6	3061
o0981107	c	|SILA₃~a×KAŠ~a|	|SILA₃~a+KAŠ~a|	2	3067
o0981107	c	|SILA₃~a×KAŠ~a|	|SILA₃~a×KAŠ~a|	2	3067
o0981108	c	|SILA₃~a×KAŠ~c|	|SILA₃~a×KAŠ~c|	2	3069
o0981109	c	|SILA₃~a×KAŠ~d|	|SILA₃~a×KAŠ~d|	2	3071
o0981110	c	|SILA₃~a×KU₆~a|	|SILA₃~a×KU₆~a|	9	3073
o0981111	c	|SILA₃~a×KUR~a|	|SILA₃~a×KUR~a|	1	3075
o0981112	c	|SILA₃~a×MA|	|SILA₃~a×MA|	4	3077
o0981114	c	|SILA₃~a×MUD₃~b|	|SILA₃~a+MUD₃~b|	1	3081
o0981115	c	|SILA₃~a×NAGA~a|	|SILA₃~a×NAGA~a|	2	3083
o0981116	c	|SILA₃~a×NI~a|	|SILA₃~a×NI~a|	8	3085
o0981117	c	|SILA₃~a×NUN~b|	|SILA₃~a×NUN~b|	1	3087
o0981120	c	|SILA₃~a×SUM~b|	|SILA₃~a×SUM~b|	1	3093
o0981122	c	|SILA₃~a×ŠE~a@t|	|SILA₃~a×ŠE~a@t|	13	3097
o0981123	c	|SILA₃~a×ŠU|	|SILA₃~a×ŠU|	14	3099
o0981124	c	|SILA₃~a×ŠU₂|	|SILA₃~a×ŠU₂|	11	3101
o0981125	c	|SILA₃~a×X|	|SILA₃~a×X|	5	3104
o0981126	c	|SILA₃~a×ZATU629|	|SILA₃~a×ZATU629|	1	3106
o0981127	c	|SILA₃~a×ZATU646|	|SILA₃~a×ZATU646|	1	3108
o0981129	c	|SILA₃~a×1(N57)|	|SILA₃~a×1(N57)|	2	3112
o0981131	s	SILA₃~b	SILA₃~b	5	3117
o0981133	c	|SILA₃~b×GUG₂|	|SILA₃~b×GUG₂|	1	3120
o0981135	c	|SILA₃~b×NI~a|	|SILA₃~b×NI~a|	1	3124
o0981136	c	|SILA₃~b×NI~b|	|SILA₃~b×NI~b|	1	3126
o0981137	s	SILA₃~c	SILA₃~c	1	3129
o0981139	c	|SILA₃~c×ZATU687|	|SILA₃~c×ZATU687|	1	3132
o0981140	c	|SILA₃~d×NI~a|	|SILA₃~d×NI~a|	2	3136
o0981141	s	SILA₄~a	SILA₄~a	17	3138
o0981142	s	SILA₄~b	SILA₄~b	24	3140
o0981143	e		-	22	3142
o0981143	s	SILA₄~c	SILA₄~c	52	3142
o0981144	s	SILA₄~d	SILA₄~d	1	3145
o0981145	s	SILANITA	SILANITA	25	3147
o0981145	s	SILANITA	SILANITA~a	1	3147
o0981146	s	SIMUG	SIMUG	12	3150
o0981147	s	|PA~a.UDU~a|	SIPA	6	2807
o0981148	s	SU~a	SU~a	256	3156
o0981149	c	|SU~a×1(N58)|	|SU~a×1(N58)|	2	3158
o0981151	s	SU~c	SU~c	1	3164
o0981152	s	SU₃	SU₃	6	3166
o0981153	s	SUG	SUG	8	3168
o0981154	s	SUG₅	SUG₅	84	3170
o0981154	s	SUG₅	SUG₅~a	1	3170
o0981155	s	SUH₃	SUH₃	4	3173
o0981156	e		-	5	3175
o0981156	s	SUHUR	SUHUR	252	3175
o0981156	s	SUHUR	SUHUR~a	1	3175
o0981157	s	SUHUR@g	SUHUR@g	4	3181
o0981158	s	SUHUR@n	SUHUR@n	5	3183
o0981159	s	SUHUR@t	SUHUR@t	6	3185
o0981160	s	SUKKAL	SUKKAL	128	3187
o0981161	s	SUKUD	SUKUD	8	3190
o0981162	c	|(SUKUD+SUKUD)~a|	|(SUKUD+SUKUD)~a|	4	3191
o0981163	c	|(SUKUD+SUKUD)~b|	|(SUKUD+SUKUD)~b|	12	3193
o0981165	c	|(SUKUD+SUKUD)~d|	|(SUKUD+SUKUD)~d|	3	3197
o0981167	s	SUKUD@g~b	SUKUD@g~b	1	3204
o0981168	s	SUKUD@g~c	SUKUD@g~c	1	3207
o0981169	s	SUKUD@g~d	SUKUD@g~d	3	3209
o0981170	s	SUKUD@h	SUKUD@h	1	3211
o0981171	s	SUM~a	SUM~a	28	3213
o0981172	s	SUM~a@t	SUM~a@t	1	3217
o0981173	s	SUM~b	SUM~b	15	3219
o0981174	s	SUMAŠ	SUMAŠ	1	3221
o0981175	s	SUR	SUR	8	3223
o0981176	s	|MUŠ₃~a.ERIN|	SUSA	1	2481
o0981177	s	ŠA	ŠA	131	3227
o0981178	c	|(ŠA×HI@g~a)~a|	|(ŠA×HI@g~a)~a|	14	3229
o0981179	c	|(ŠA×HI@g~a)~b|	|(ŠA×HI@g~a)~b|	3	3231
o0981180	s	ŠA@g	ŠA@g	19	3237
o0981181	s	ŠA₃~a1	ŠA₃~a1	107	3239
o0981182	s	ŠA₃~a2	ŠA₃~a2	24	3242
o0981182	s	ŠA₃~a2	ŠA₃~b1	1	3242
o0981183	s	ŠA₃~a2@g	ŠA₃~a2@g	1	3245
o0981184	s	ŠA₃~b	ŠA₃~b	1	3247
o0981185	s	ŠA₃~c	ŠA₃~c	2	3250
o0981187	s	|PA~a.IB~a|	ŠAB~a	73	2806
o0981188	s	|PAP~a.IB~a|	ŠAB~b	9	2821
o0981189	s	ŠAGAN	ŠAGAN	67	3261
o0981191	e		-	4	3266
o0981191	s	ŠAH₂~a	ŠAH₂~a	19	3266
o0981192	s	ŠAH₂~b	ŠAH₂~b	1	3268
o0981194	s	ŠAKIR~a	ŠAKIR~a	3	3272
o0981195	s	ŠAKIR~b	ŠAKIR~b	8	3274
o0981196	s	ŠAKIR~c	ŠAKIR~c	47	3276
o0981197	s	ŠAM₂	ŠAM₂	61	3279
o0981198	s	|GAL~a.NIM~a|	ŠANDANA~a	2	1474
o0981199	s	|GAL~a.NI~a|	ŠANDANA~b	1	1473
o0981200	e		-	115	3286
o0981200	s	ŠE~a	ŠE~a	973	3286
o0981201	c	|ŠE~a.GAR|	|ŠE~a.GAR|	2	3287
o0981202	c	|ŠE~a.KIN₂~c|	|ŠE~a.KIN₂~c|	5	3291
o0981203	c	|ŠE~a.NAM₂|	|ŠE~a.NAM₂|	95	3294
o0981203	c	|ŠE~a.NAM₂|	|ŠE~a+NAM₂|	2	3294
o0981204	c	|ŠE~a&ŠE~a|	|ŠE~a&ŠE~a|	28	3299
o0981205	s	ŠE~a@t	ŠE~a@t	12	3302
o0981206	s	ŠE~b	ŠE~b	4	3305
o0981208	s	ŠE₃	ŠE₃	151	3309
o0981209	s	ŠE₃@t	ŠE₃@t	9	3312
o0981210	s	ŠEG₉	ŠEG₉	23	3316
o0981211	s	|ŠE~a.GUG₂|	ŠELU	7	3290
o0981212	s	ŠEN~a	ŠEN~a	18	3321
o0981213	s	ŠEN~b	ŠEN~b	51	3324
o0981214	s	ŠEN~c	ŠEN~c	1	3327
o0981215	s	ŠEN~c@t	ŠEN~c@t	28	3330
o0981217	c	|ŠEN~d×A|	|ŠEN~d×A|	1	3333
o0981218	s	ŠEN~e	ŠEN~e	6	3338
o0981219	s	ŠENNUR~a	ŠENNUR~a	10	3340
o0981220	s	ŠENNUR~b	ŠENNUR~b	2	3342
o0981221	e		-	2	3344
o0981221	s	ŠEŠ~a	ŠEŠ~a	9	3344
o0981223	s	ŠIDIM	ŠIDIM	27	3350
o0981225	s	ŠIM~a	ŠIM~a	52	3354
o0981226	s	ŠIM~b	ŠIM~b	1	3358
o0981227	s	ŠIR~a	ŠIR~a	10	3360
o0981228	s	ŠIR~b	ŠIR~b	3	3363
o0981229	e		-	9	3368
o0981229	s	ŠITA~a1	ŠITA~a	2	3368
o0981229	s	ŠITA~a1	ŠITA~a1	287	3368
o0981230	c	|ŠITA~a1×KAK~a|	|ŠITA~a1×KAK~a|	2	3370
o0981231	c	|ŠITA~a1×ŠU|	|ŠITA~a1×ŠU|	2	3372
o0981232	c	|ŠITA~a1×ŠU₂|	|ŠITA~a1×ŠU₂|	1	3374
o0981233	c	|ŠITA~a1×UDU~a|	|ŠITA~a1×UDU~a|	5	3376
o0981234	c	|ŠITA~a1×1(N06)|	|ŠITA~a1×1(N06)|	3	3378
o0981235	s	ŠITA~a2	ŠITA~a2	1	3382
o0981236	s	ŠITA~a3	ŠITA~a3	19	3384
o0981237	s	ŠITA~b1	ŠITA~b1	17	3386
o0981238	s	ŠITA~b2	ŠITA~b2	5	3390
o0981240	s	ŠITA~b3	ŠITA~b3	3	3395
o0981243	s	ŠITA@g~a	ŠITA@g~a	18	3401
o0981244	c	|ŠITA@g~a×1(N04)|	|ŠITA@g~a×1(N04)|	1	3402
o0981245	c	|ŠITA@g~a×1(N06)|	|ŠITA@g~a×1(N06)|	4	3404
o0981246	s	ŠITA@g~b	ŠITA@g~b	4	3408
o0981247	s	ŠU	ŠU	542	3410
o0981248	c	|ŠU×1(N58)|	|ŠU×1(N58)|	1	3411
o0981249	c	|ŠU&ŠU|	|ŠU&ŠU|	21	3413
o0981250	s	ŠU@g	ŠU@g	4	3416
o0981252	e		-	67	3420
o0981252	s	ŠU₂	ŠU₂	206	3420
o0981253	c	|ŠU₂.AN|	|ŠU₂.AN|	1	3421
o0981253	c	|ŠU₂.AN|	|ŠU₂+AN|	1	3421
o0981254	c	|ŠU₂.E₂~a|	|ŠU₂.E₂~a|	9	3422
o0981255	c	|ŠU₂.E₂~b|	|ŠU₂.E₂~b|	13	3424
o0981256	c	|ŠU₂.EN~a|	|ŠU₂.EN~a|	27	3426
o0981259	c	|ŠU₂.(HI×1(N57))&(HI×1(N57))|	|ŠU₂.((HI+1(N57))+(HI+1(N57)))|	1	3435
o0981260	c	|ŠU₂.PAP~a|	|ŠU₂.PAP~a|	1	3437
o0981261	c	|ŠU₂.URI₃~a|	|ŠU₂.URI₃~a|	1	3440
o0981262	c	|ŠU₂.1(N02)|	|ŠU₂.1(N02)|	1	3442
o0981263	c	|ŠU₂.1(N24)|	|ŠU₂×1(N24)|	1	3444
o0981266	s	ŠU₁₂	ŠU₁₂	1	3460
o0981267	e		-	37	3462
o0981267	s	ŠUBUR	ŠUBUR	262	3462
o0981268	s	ŠUM	ŠUM	21	3465
o0981269	c	|ŠUR₂×1(N58)|	|ŠUR₂×1(N58)|	4	3468
o0981270	s	ŠUR₂~a	ŠUR₂~a	14	3470
o0981271	s	ŠUR₂~b	ŠUR₂~b	13	3472
o0981273	s	|KUR~a.RU|	ŠURUPPAK~a	45	2122
o0981274	s	|3(N57).RU|	ŠURUPPAK~b	9	9469
o0981276	s	TA~a	TA~a	4	3484
o0981277	s	TA~b	TA~b	1	3486
o0981278	s	TA~c	TA~c	19	3488
o0981279	s	TA~d	TA~d	2	3490
o0981280	c	|TA~d×MAŠ|	|TA~d×MAŠ|	1	3491
o0981281	s	TA~e	TA~e	1	3494
o0981283	s	TAG~a1	TAG~a1	9	3498
o0981285	s	TAG~a2	TAG~a2	9	3502
o0981286	s	TAG~a3	TAG~a3	2	3504
o0981287	s	TAG~a4	TAG~a4	1	3506
o0981288	s	TAG~b	TAG~b	11	3508
o0981289	s	TAG~c	TAG~c	1	3511
o0981290	s	TAG~d	TAG~d	3	3513
o0981291	s	TAK₄~a	TAK₄~a	177	3515
o0981292	s	TAK₄~a@n	TAK₄~a@n	1	3518
o0981293	s	TAK₄~c	TAK₄~c	3	3520
o0981294	s	TAR~a	TAR~a	95	3522
o0981296	e		-	41	3528
o0981296	s	TE	TE	238	3528
o0981296	s	TE	TE~a	1	3528
o0981297	s	TI	TI	74	3532
o0981297	s	TI	TI~a	12	3532
o0981298	s	TI@g	TI@g	1	3536
o0981299	s	TI@r	TI@r	2	3538
o0981300	s	TI@t	TI@t	16	3540
o0981301	s	|GIR₃~c.PIRIG~b1|	TIDNUM	1	1655
o0981302	s	TILLA₂	TILLA₂	5	3544
o0981303	s	TU~a	TU~a	22	3546
o0981304	s	TU~b	TU~b	28	3548
o0981306	e		-	32	3552
o0981306	s	TUG₂~a	TUG₂~a	273	3552
o0981307	c	|TUG₂~a.BAD&BAD|	|TUG₂~a.(BAD&BAD)|	32	3553
o0981308	s	TUG₂~a@g	TUG₂~a@g	17	3559
o0981309	s	TUG₂~b	TUG₂~b	1	3562
o0981310	s	TUG₂~c	TUG₂~c	1	3564
o0981312	s	TUM~a	TUM~a	23	3571
o0981313	s	TUM~a@g	TUM~a@g	1	3573
o0981314	s	TUM~b	TUM~b	4	3575
o0981315	s	TUM~c	TUM~c	12	3577
o0981316	s	TUM~d	TUM~d	2	3580
o0981317	s	TUN₃~a	TUN₃~a	71	3582
o0981318	s	TUN₃~b	TUN₃~b	3	3584
o0981319	s	TUN₃~c	TUN₃~c	3	3586
o0981320	s	TUR	TUR	334	3588
o0981322	s	TUR@g	TUR@g	8	3595
o0981323	e		-	1	3598
o0981323	s	TUR₃~a	TUR₃~a	145	3598
o0981324	c	|TUR₃~a.5(N57)|	|TUR₃~a.5(N57)|	1	3599
o0981326	s	TUR₃~b	TUR₃~b	6	3604
o0981329	s	U₂~a	U₂~a	133	3610
o0981330	s	U₂~b	U₂~b	149	3612
o0981332	e		-	111	3618
o0981332	s	U₄	U₄	396	3618
o0981333	c	|U₄.ŠU₂|	|U₄.ŠU₂|	9	3620
o0981334	c	|U₄.1(N08)|	|U₄.1(N08)|	43	3622
o0981334	c	|U₄.1(N08)|	|U₄+1(N08)|	5	3622
o0981335	c	|U₄.2(N08)|	|U₄.2(N08)|	11	3624
o0981336	c	|U₄.3(N08)|	|U₄.3(N08)|	10	3626
o0981337	c	|U₄.4(N08)|	|U₄.4(N08)|	2	3628
o0981338	c	|U₄.5(N08)|	|U₄.5(N08)|	6	3630
o0981339	c	|U₄.6(N08)|	|U₄.6(N08)|	4	3632
o0981340	c	|U₄.7(N08)|	|U₄.7(N08)|	2	3634
o0981341	c	|U₄.8(N08)|	|U₄.8(N08)|	1	3636
o0981342	c	|U₄.1(N14)|	|U₄.1(N14)|	1	3638
o0981343	c	|U₄.1(N14).1(N08)|	|(U₄+1(N14)).1(N08)|	1	3640
o0981344	c	|U₄.1(N14).3(N08)|	|(U₄+1(N14)).3(N08)|	2	3642
o0981345	c	|U₄.1(N14).4(N08)|	|U₄.(1(N14).4(N08))|	1	3644
o0981346	c	|U₄.1(N14).5(N08)|	|U₄.(1(N14).5(N08))|	4	3646
o0981347	c	|U₄.1(N14).8(N08)|	|U₄.(1(N14).8(N08))|	1	3648
o0981348	c	|U₄.2(N14)|	|U₄.2(N14)|	2	3650
o0981349	c	|U₄.1(N24)|	|U₄+1(N24)|	3	3652
o0981350	c	|U₄×X|	|U₄×X|	2	3655
o0981351	c	|U₄×(X+2(N01))|	|U₄×(X+2(N01))|	1	3657
o0981352	c	|U₄×1(N01)|	|U₄×1(N01)|	35	3659
o0981352	e		-	2	3659
o0981353	c	|U₄×1(N01).5(N08)|	|U₄×1(N01).5(N08)|	2	3661
o0981354	c	|U₄×(1(N01).1(N24))|	|U₄×(1(N01).1(N24))|	1	3663
o0981354	c	|U₄×(1(N01).1(N24))|	|U₄×1(N01)+1(N24)|	1	3663
o0981355	c	|U₄×2(N01)|	|U₄×2(N01)|	11	3666
o0981355	e		-	3	3666
o0981356	c	|U₄×2(N01).X|	|U₄×2(N01).X|	1	3668
o0981357	c	|U₄×2(N01).2(N14)|	|U₄×2(N01).2(N14)|	1	3670
o0981358	c	|U₄×2(N01).2(N14).1(N08)|	|U₄×2(N01).(2(N14).1(N08))|	1	3672
o0981359	c	|U₄×3(N01)|	|U₄×3(N01)|	4	3674
o0981359	e		-	1	3674
o0981360	c	|U₄×3(N01).3(N08)|	|U₄×3(N01).3(N08)|	1	3676
o0981361	c	|U₄×4(N01)|	|U₄×4(N01)|	6	3678
o0981361	e		-	1	3678
o0981362	c	|U₄×4(N01).2(N14)|	|U₄×4(N01).2(N14)|	1	3680
o0981363	c	|U₄×5(N01)|	|U₄×5(N01)|	2	3682
o0981363	e		-	1	3682
o0981364	c	|U₄×5(N01).1(N14)|	|U₄×5(N01).1(N14)|	1	3684
o0981365	c	|U₄×6(N01)|	|U₄×6(N01)|	3	3686
o0981366	c	|U₄×8(N01)|	|U₄×8(N01)|	1	3688
o0981366	e		-	1	3688
o0981367	c	|U₄×8(N01).X|	|U₄×8(N01).X|	1	3690
o0981368	c	|U₄×N(N01)|	|U₄×N(N01)|	1	3692
o0981370	c	|U₄×1(N14)|	|U₄×1(N14)|	5	3696
o0981371	c	|U₄×(1(N14).1(N01))|	|U₄×(1(N14).1(N01))|	1	3698
o0981372	c	|U₄×(1(N14).2(N01))|	|U₄×(1(N14).2(N01))|	10	3700
o0981373	e		-	1	3702
o0981374	c	|U₄×(1(N14).3(N01)).1(N14).4(N08)|	|U₄×(1(N14).3(N01)).(1(N14).4(N08))|	1	3705
o0981375	c	|U₄×(1(N14).4(N01))|	|U₄×(1(N14).4(N01))|	1	3707
o0981376	c	|U₄×(1(N14).8(N01))|	|U₄×(1(N14).8(N01))|	2	3709
o0981378	c	|U₄×(2(N14).4(N01))|	|U₄×(2(N14).4(N01))|	1	3713
o0981379	c	|U₄×(3(N14).2(N01))|	|U₄×(3(N14).2(N01))|	1	3715
o0981380	c	|U₄×(3(N14).7(N01))|	|U₄×(3(N14).7(N01))|	1	3717
o0981381	c	|U₄×1(N57)|	|U₄×1(N57)|	155	3719
o0981382	c	|U₄×2(N57)|	|U₄×2(N57)|	52	3721
o0981383	c	|U₄×3(N57)|	|U₄×3(N57)|	40	3723
o0981384	c	|U₄×4(N57)|	|U₄×4(N57)|	8	3725
o0981385	c	|U₄×5(N57)|	|U₄×5(N57)|	5	3727
o0981386	c	|U₄×6(N57)|	|U₄×6(N57)|	9	3729
o0981387	c	|U₄×7(N57)|	|U₄×7(N57)|	3	3731
o0981388	c	|U₄×8(N57)|	|U₄×8(N57)|	3	3733
o0981389	c	|U₄×10(N57)|	|U₄×10(N57)|	2	3735
o0981390	c	|U₄×1(N58@t)|	|U₄×1(N58)@t|	2	3738
o0981391	s	U₄@t	U₄@t	1	3741
o0981392	s	U₈	U₈	152	3743
o0981393	c	|U₈×TAR~b|	|(U₈×TAR)~b|	2	3744
o0981394	s	UB	UB	159	6694
o0981396	s	UBI~c	UBI~c	8	6698
o0981397	s	UBI~d	UBI~d	2	6701
o0981398	s	UD₅~a	UD₅~a	172	6703
o0981399	s	UD₅~a@g	UD₅~a@g	1	6707
o0981402	e		-	6	6714
o0981402	s	UDU~a	UDU	2	6714
o0981402	s	UDU~a	UDU~a	476	6714
o0981403	c	|UDU~a×TAR~a|	|(UDU~a×TAR)~a|	6	6715
o0981404	c	|UDU~a×TAR~b|	|(UDU~a×TAR)~b|	19	6717
o0981406	s	UDU~c	UDU~c	5	6722
o0981407	s	UDUNITA~a	UDUNITA~a	163	6724
o0981409	s	UDUNITA~c	UDUNITA~c	6	6728
o0981410	s	UH	UH	1	6730
o0981411	s	UH₃~a	UH₃~a	11	6732
o0981412	s	UH₃~a@t	UH₃~a@t	1	6734
o0981413	s	UH₃~b	UH₃~b	3	6736
o0981414	e		-	41	6738
o0981414	s	UKKIN~a	UKKIN~a	71	6738
o0981415	s	UKKIN~b	UKKIN~b	13	6742
o0981416	c	|UKKIN~b×DIN|	|UKKIN~b×DIN|	6	6743
o0981417	c	|UKKIN~b×(DIN.1(N01))|	|UKKIN~b×(DIN.1(N01))|	1	6745
o0981419	c	|UKKIN~b×HI@g~a|	|UKKIN~b×HI@g~a|	1	6749
o0981420	c	|UKKIN~b×NI~a|	|UKKIN~b×NI~a|	2	6751
o0981421	c	|UKKIN~b×X|	|UKKIN~b×X|	1	6753
o0981422	c	|UKKIN~b×2(N01)|	|UKKIN~b×2(N01)|	1	6755
o0981423	c	|UKKIN~b×3(N01)|	|UKKIN~b×3(N01)|	1	6757
o0981424	c	|UKKIN~b×5(N01)|	|UKKIN~b×5(N01)|	1	6759
o0981427	s	UMBIN~a	UMBIN~a	10	6769
o0981431	s	UMUN₂	UMUN₂	139	6777
o0981432	e		-	1	6780
o0981432	s	UNUG~a	UNUG~a	182	6780
o0981434	s	UNUG~a@s	UNUG~a@s	1	6785
o0981435	s	UNUG~b	UNUG~b	5	6787
o0981437	s	UR~a	UR	1	6792
o0981437	s	UR~a	UR~a	66	6792
o0981438	c	|UR~a×KAR₂~b|	|UR~a×KAR₂|	1	6794
o0981440	s	UR~b	UR~b	7	6799
o0981441	s	UR~c	UR~c	1	6801
o0981442	s	UR₂	UR₂	93	6803
o0981443	c	|UR₂×TAR~c|	|UR₂×TAR|	2	6805
o0981444	c	|UR₂×1(N57)|	|UR₂×1(N57)|	8	6807
o0981446	s	UR₃~a2	UR₃~a2	6	6814
o0981447	s	UR₃~a3	UR₃~a3	8	6816
o0981448	e		-	1	6818
o0981448	s	UR₃~b1	UR₃~b1	3	6818
o0981450	s	UR₃~b2	UR₃~b2	8	6822
o0981452	s	UR₄~a	UR₄~a	12	6827
o0981453	s	UR₄~b	UR₄~b	18	6829
o0981454	s	UR₄~c	UR₄~c	1	6831
o0981455	s	UR₅~a	UR₅~a	72	6833
o0981456	s	UR₅~b	UR₅~b	4	6835
o0981457	s	URI	URI	27	6837
o0981459	e		-	12	6841
o0981459	s	URI₃~a	URI₃~a	91	6841
o0981462	s	URI₅	URI₅	8	6852
o0981463	s	URU~a1	URU~a1	154	6855
o0981466	c	|URU~a1×GU₄|	|URU~a1×GU₄|	1	6861
o0981467	c	|URU~a1×HI@g~a|	|URU~a1×HI@g~a|	1	6863
o0981468	c	|URU~a1×KI|	|URU~a1×KI|	2	6865
o0981470	c	|URU~a1×U₄|	|URU~a1×U₄|	1	6869
o0981471	c	|URU~a1×X|	|URU~a1×X|	1	6871
o0981474	c	|URU~a1×3(N57)|	|URU~a1×3(N57)|	5	6877
o0981475	s	URU~a1@n	URU~a1@n	1	6880
o0981477	c	|URU~a2×1(N58)|	|URU~a1+1(N58)|	1	6883
o0981482	s	URUDU~a	URUDU~a	31	6895
o0981483	s	URUDU~c	URUDU~c	2	6899
o0981487	s	URUDU@g~c	URUDU@g~c	3	6907
o0981488	s	URUDU@g~d	URUDU@g~d	5	6909
o0981489	e		-	9	6911
o0981489	s	UŠ~a	UŠ~a	42	6911
o0981491	s	UŠ~b	UŠ~b	7	6917
o0981495	s	|GAL~a.BUR₂|	UŠUMGAL	5	1472
o0981497	s	UŠUR₃~b1	UŠUR₃~b1	1	6931
o0981498	s	UŠUR₃~b2	UŠUR₃~b2	1	6933
o0981499	s	UTUA~a	UTUA~a	78	6935
o0981501	s	UTUA~b	UTUA~b	10	6939
o0981502	s	UTUL~a	UTUL~a	34	6942
o0981506	s	|MUŠEN.ŠE~a|	UZ~a	3	2492
o0981507	s	UZU	UZU	2	6953
o0981508	c	X₂	|2(N57).DU₆~a@n|	1	6956
o0981509	s	ZA~v	ZA~v	9	6957
o0981510	s	|MUŠ₃~a.AB~a|	ZABALA~a	1	2480
o0981510	s	|MUŠ₃~a.AB~a|	ZABALAM~a	47	2480
o0981511	s	|MUŠ₃~a.UNUG~a|	ZABALAM~b	1	2482
o0981513	s	ZAG~a	ZAG~a	72	6966
o0981515	s	ZAG~c	ZAG~c	3	6971
o0981516	s	ZAR~a	ZAR~a	2	6973
o0981519	s	ZAR~c	ZAR~c	1	6979
o0981520	s	ZI~a	ZI~a	121	6981
o0981522	s	ZI~d	ZI~d	2	6986
o0981524	s	ZUBI~a	ZUBI~a	1	6992
o0981525	s	ZUBI~b	ZUBI~b	1	6994
o0981527	s	ZATU621~a	ZATU621~a	1	7635
o0981532	s	ZATU623	ZATU623	7	7645
o0981533	s	ZATU624~a	ZATU624~a	6	7650
o0981534	s	ZATU624~b	ZATU624~b	5	7652
o0981535	s	ZATU624~c	ZATU624~c	1	7654
o0981536	s	ZATU625	ZATU625	13	7656
o0981541	s	ZATU628~a	ZATU628~a	30	7669
o0981542	s	ZATU628~b	ZATU628~b	8	7672
o0981543	s	ZATU629	ZATU629	16	7674
o0981544	s	ZATU630	ZATU630	2	7677
o0981545	s	ZATU631	ZATU631	2	7679
o0981546	s	ZATU632~a	ZATU632~a	2	7682
o0981549	s	ZATU633~a	ZATU633~a	4	7690
o0981550	s	ZATU633~b	ZATU633~b	4	7692
o0981553	s	ZATU636	ZATU636	2	7698
o0981554	s	ZATU637	ZATU637	1	7701
o0981555	s	ZATU639	ZATU639	2	7704
o0981560	s	ZATU644~a	ZATU644~a	45	7715
o0981562	s	ZATU644~b	ZATU644~b	3	7719
o0981563	s	ZATU646	ZATU646	8	7722
o0981564	s	ZATU647	ZATU647	68	7724
o0981565	s	ZATU648	ZATU648	51	7727
o0981566	s	ZATU649	ZATU649	44	7729
o0981568	s	ZATU651	ZATU651	3	7734
o0981569	c	|ZATU651×AN|	|ZATU651×AN|	1	7735
o0981570	c	|ZATU651×EN~a|	|ZATU651×EN~a|	29	7737
o0981571	c	|ZATU651×GAR|	|ZATU651×GAR|	17	7739
o0981573	c	|ZATU651×NUN~a|	|ZATU651×NUN~a|	11	7743
o0981574	c	|ZATU651×ŠE~a|	|ZATU651×ŠE~a|	1	7745
o0981575	c	|ZATU651×X|	|ZATU651×X|	2	7747
o0981577	s	ZATU651@g	ZATU651@g	14	7754
o0981578	s	ZATU659	ZATU659	109	7763
o0981579	c	|ZATU659×1(N01)|	|ZATU659×1(N01)|	20	7764
o0981581	c	|ZATU659×1(N58@t)|	|ZATU659×1(N58)@t|	1	7769
o0981583	s	ZATU662	ZATU662	17	7776
o0981584	c	|ZATU662×1(N14)|	|ZATU662×1(N14)|	6	7777
o0981585	s	ZATU664	ZATU664	1	7786
o0981590	s	ZATU669	ZATU669	6	7796
o0981595	s	ZATU675~b	ZATU675~b	2	7809
o0981597	s	ZATU675~d	ZATU675~d	2	7814
o0981598	s	ZATU676~a	ZATU676~a	8	7817
o0981599	s	ZATU676~b	ZATU676~b	7	7819
o0981603	s	ZATU679	ZATU679	2	7828
o0981606	s	ZATU680~b	ZATU680~b	2	7835
o0981609	s	ZATU681	ZATU681	9	7842
o0981610	s	ZATU682	ZATU682	7	7844
o0981613	s	ZATU683@t	ZATU683@t	1	7851
o0981614	s	ZATU684	ZATU684	2	7853
o0981616	s	ZATU686~a	ZATU686~a	38	7858
o0981617	s	ZATU686~b	ZATU686~b	14	7860
o0981618	s	ZATU686~c	ZATU686~c	2	7862
o0981619	s	ZATU687	ZATU687	12	7864
o0981626	s	ZATU693	ZATU693	1	7879
o0981629	s	ZATU694~b	ZATU694~b	1	7889
o0981630	s	ZATU694~c	ZATU694~c	72	7891
o0981631	s	ZATU694~d	ZATU694~d	2	7894
o0981634	s	ZATU695	ZATU695	1	7900
o0981635	s	ZATU696	ZATU696	4	7902
o0981636	s	ZATU697~a	ZATU697~a	24	7905
o0981637	s	ZATU697~b	ZATU697~b	2	7911
o0981638	s	ZATU697~c	ZATU697~c	2	7913
o0981643	s	ZATU702	ZATU702	2	7925
o0981644	s	ZATU703	ZATU703	18	7927
o0981648	s	ZATU707~a	ZATU707~a	10	7936
o0981650	s	ZATU708	ZATU708	1	7940
o0981652	s	ZATU710	ZATU710	51	7944
o0981653	s	ZATU711	ZATU711	2	7948
o0981657	s	ZATU714	ZATU714	37	7958
o0981659	c	|ZATU714×HI@g~a|	|ZATU714×HI@g~a|	36	7961
o0981660	c	|ZATU714×X|	|ZATU714×X|	1	7963
o0981661	s	ZATU717	ZATU717	1	7968
o0981662	s	ZATU718	ZATU718	15	7970
o0981663	s	ZATU719	ZATU719	4	7972
o0981666	s	ZATU722	ZATU722	1	7978
o0981667	s	ZATU723	ZATU723	2	7980
o0981668	s	ZATU724	ZATU724	2	7982
o0981669	s	ZATU725	ZATU725	17	7984
o0981671	s	ZATU726~c	ZATU726~c	3	7991
o0981672	s	ZATU726~d	ZATU726~d	15	7993
o0981673	s	ZATU727	ZATU727	1	7995
o0981674	s	ZATU728	ZATU728	9	7997
o0981675	s	ZATU729	ZATU729	1	7999
o0981676	s	ZATU730	ZATU730	1	8002
o0981677	s	ZATU732	ZATU732	8	8005
o0981678	s	ZATU733	ZATU733	1	8008
o0981680	s	ZATU735~a	ZATU735~a	8	8013
o0981681	s	ZATU735~b	ZATU735~b	17	8015
o0981682	s	ZATU735~c	ZATU735~c	1	8019
o0981683	s	ZATU736~a	ZATU736~a	1	8022
o0981685	s	ZATU737	ZATU737	3	8026
o0981686	c	|ZATU737×AB~a|	|ZATU737×AB~a|	1	8027
o0981687	c	|ZATU737×BU~a|	|ZATU737×BU~a|	1	8029
o0981688	c	|ZATU737×BUR~a|	|ZATU737×BUR~a|	11	8031
o0981688	s	|ZATU737×BUR~a|	GABURRA	3	8031
o0981689	c	|ZATU737×DI|	|ZATU737×DI|	24	8034
o0981690	c	|ZATU737×E~a|	|ZATU737×E~a|	1	8037
o0981693	c	|ZATU737×GAR|	|ZATU737×GAR|	2	8043
o0981693	s	|ZATU737×GAR|	ZATU741	1	8043
o0981694	c	|ZATU737×I|	|ZATU737×I|	1	8047
o0981695	c	|ZATU737×NI~a@g|	|ZATU737×NI~a@g|	1	8049
o0981696	c	|ZATU737×NIMGIR|	|ZATU737×NIMGIR|	1	8052
o0981697	c	|ZATU737×SAL|	|ZATU737×SAL|	31	8054
o0981698	c	|ZATU737×SU~a|	|ZATU737×SU~a|	1	8056
o0981702	c	|ZATU737×U₄|	|ZATU737×U₄|	11	8064
o0981704	c	|ZATU737×X|	|ZATU737×X|	14	8068
o0981706	s	ZATU749~a	ZATU749~a	12	8088
o0981707	s	ZATU749~b	ZATU749~b	18	8092
o0981708	s	ZATU749~c	ZATU749~c	12	8094
o0981709	s	ZATU750	ZATU750	9	8096
o0981710	e		-	1	8104
o0981710	s	ZATU751~a	ZATU751~a	39	8104
o0981711	s	ZATU751~b	ZATU751~b	5	8107
o0981712	e		-	1	8110
o0981713	s	ZATU752	ZATU752	113	8112
o0981714	e		-	84	8115
o0981714	s	ZATU753	ZATU753	104	8115
o0981717	s	ZATU755~b	ZATU755~b	2	8122
o0981718	s	ZATU756	ZATU756	18	8124
o0981719	s	ZATU757	ZATU757	4	8127
o0981720	s	ZATU758	ZATU758	4	8131
o0981721	s	ZATU759	ZATU759	37	8133
o0981722	c	|ZATU759×KU₆~a|	|ZATU759×KU₆~a|	21	8134
o0981723	c	|ZATU759×(KU₆~a+KU₆~a)|	|ZATU759×(KU₆~a+KU₆~a)|	1	8136
o0981725	c	|ZATU759×X|	|ZATU759×X|	1	8140
o0981726	c	|ZATU759@t×X|	|ZATU759@t×X|	1	8145
o0981727	s	ZATU761	ZATU761	1	8148
o0981728	s	ZATU762~a	ZATU762~a	3	8151
o0981730	s	ZATU762~b	ZATU762~b	1	8157
o0981731	c	|ZATU762~b×AB~a|	|ZATU762~b×AB~a|	1	8158
o0981732	s	ZATU764	ZATU764	15	8162
o0981737	s	ZATU769	ZATU769	1	8172
o0981739	s	ZATU772	ZATU772	1	8177
o0981740	s	ZATU773~a	ZATU773~a	48	8180
o0981741	s	ZATU773~b	ZATU773~b	5	8183
o0981742	s	ZATU774	ZATU774	1	8186
o0981743	s	ZATU775	ZATU775	1	8188
o0981744	s	ZATU776	ZATU776	17	8190
o0981745	s	ZATU777	ZATU777	18	8194
o0981746	s	ZATU778	ZATU778	4	8198
o0981749	s	ZATU781	ZATU781	1	8204
o0981750	s	ZATU782	ZATU782	3	8206
o0981751	s	ZATU783	ZATU783	2	8208
o0981752	s	ZATU784	ZATU784	1	8210
o0981753	s	ZATU785	ZATU785	1	8212
o0981754	s	ZATU786	ZATU786	8	8214
o0981755	s	ZATU787	ZATU787	1	8216
o0981756	s	ZATU788	ZATU788	27	8218
o0981758	s	ZATU791	ZATU791	1	8223
o0981759	s	ZATU792	ZATU792	1	8225
o0981760	s	ZATU795	ZATU795	23	8229
o0981761	s	ZATU797	ZATU797	2	8232
o0981762	s	ZATU798	ZATU798	1	8234
o0981763	s	ZATU799	ZATU799	3	8236
o0981764	s	ZATU800	ZATU800	2	8238
o0981765	s	ZATU801	ZATU801	4	8240
o0981767	s	ZATU802~b	ZATU802~b	1	8244
o0981770	s	ZATU805	ZATU805	2	8250
o0981771	s	ZATU806	ZATU806	1	8252
o0981773	s	ZATU808	ZATU808	1	8256
o0981774	s	ZATU809	ZATU809	6	8258
o0981775	s	ZATU810	ZATU810	1	8260
o0981776	s	ZATU811	ZATU811	6	8262
o0981777	s	ZATU812	ZATU812	1	8264
o0981778	s	ZATU813	ZATU813	1	8266
o0981779	s	ZATU814	ZATU814	1	8268
o0981780	s	ZATU815	ZATU815	1	8270
o0981783	s	ZATU819	ZATU819	7	8277
o0981784	s	ZATU820	ZATU820	1	8279
o0981785	s	ZATU821	ZATU821	7	8281
o0981786	s	ZATU822	ZATU822	1	8283
o0981787	s	ZATU823	ZATU823	3	8285
o0981788	s	ZATU824	ZATU824	2	8287
o0981789	s	ZATU825	ZATU825	2	8289
o0981790	s	ZATU826	ZATU826	2	8291
o0981791	s	ZATU829	ZATU829	1	8295
o0981792	s	ZATU831	ZATU831	2	8298
o0981793	s	ZATU831@g	ZATU831@g	2	8300
o0981794	s	ZATU832	ZATU832	3	8302
o0981797	s	ZATU835	ZATU835	1	8308
o0981798	s	ZATU836	ZATU836	2	8310
o0981799	s	ZATU837~a	ZATU837~a	3	8313
o0981800	s	ZATU837~b	ZATU837~b	1	8315
o0981801	s	ZATU838	ZATU838	3	8317
o0981802	s	ZATU839	ZATU839	6	8319
o0981803	s	ZATU840	ZATU840	1	8322
o0981804	s	ZATU841	ZATU841	2	8324
o0981806	s	ZATU843	ZATU843	1	8328
o0981808	s	ZATU845	ZATU845	1	8332
o0981809	s	ZATU846	ZATU846	1	8334
o0981810	s	ZATU847	ZATU847	6	8336
o0981811	s	ZATU848	ZATU848	1	8338
o0981812	s	ZATU849	ZATU849	2	8340
o0981813	s	ZATU850	ZATU850	4	8342
o0981814	s	ZATU851	ZATU851	1	8344
o0981815	s	ZATU852	ZATU852	1	8347
o0981816	s	ZATU853	ZATU853	3	8349
o0981817	s	ZATU854	ZATU854	1	8351
o0981818	s	ZATU855	ZATU855	1	8353
o0981819	s	ZATU856	ZATU856	1	8355
o0981820	s	ZATU857	ZATU857	1	8357
o0981821	s	ZATU858	ZATU858	1	8359
o0981822	s	ZATU859	ZATU859	1	8361
o0981823	n	2(LAGAB~a)	2(LAGAB~a)	4	8363
o0981824	n	3(LAGAB~a)	3(LAGAB~a)	1	8365
o0981825	n	4(LAGAB~a)	4(LAGAB~a)	2	8367
o0981827	n	6(LAGAB~a)	6(LAGAB~a)	1	8371
o0981828	n	1(N01)	1(N01)	11070	8374
o0981829	n	2(N01)	2(N01)	2264	8376
o0981830	n	3(N01)	3(N01)	1163	8379
o0981831	n	4(N01)	4(N01)	802	8382
o0981832	n	5(N01)	5(N01)	948	8384
o0981833	n	6(N01)	6(N01)	398	8387
o0981834	n	7(N01)	7(N01)	257	8390
o0981835	n	8(N01)	8(N01)	255	8393
o0981836	n	9(N01)	9(N01)	160	8396
o0981837	n	10(N01)	10(N01)	2	8399
o0981838	n	1(N01@f)	1(N01@f)	11	8403
o0981839	n	2(N01@f)	2(N01@f)	3	8405
o0981842	n	5(N01@f)	5(N01@f)	1	8413
o0981848	e		-	7	8432
o0981848	n	1(N02)	1(N02)	102	8432
o0981849	n	2(N02)	2(N02)	49	8434
o0981850	n	3(N02)	3(N02)	27	8437
o0981851	n	4(N02)	4(N02)	20	8440
o0981852	n	5(N02)	5(N02)	14	8442
o0981853	n	6(N02)	6(N02)	11	8445
o0981854	n	7(N02)	7(N02)	2	8448
o0981855	n	8(N02)	8(N02)	2	8451
o0981856	n	9(N02)	9(N02)	2	8454
o0981857	n	1(N03)	1(N03)	65	8458
o0981858	n	2(N03)	2(N03)	38	8460
o0981859	n	3(N03)	3(N03)	33	8463
o0981860	n	4(N03)	4(N03)	18	8466
o0981861	n	5(N03)	5(N03)	8	8468
o0981862	n	1(N04)	1(N04)	141	8472
o0981863	n	2(N04)	2(N04)	64	8474
o0981864	n	3(N04)	3(N04)	56	8477
o0981865	n	4(N04)	4(N04)	34	8480
o0981866	n	5(N04)	5(N04)	25	8482
o0981872	n	1(N05)	1(N05)	88	8499
o0981873	n	2(N05)	2(N05)	52	8501
o0981874	n	3(N05)	3(N05)	38	8504
o0981875	n	4(N05)	4(N05)	38	8507
o0981876	n	5(N05)	5(N05)	27	8509
o0981877	n	1(N06)	1(N06)	10	8513
o0981887	n	2(N07A)	2(N07~a)	1	8540
o0981892	e		-	51	8552
o0981892	n	1(N08)	1(N08)	180	8552
o0981893	e		-	11	8554
o0981893	n	2(N08)	2(N08)	18	8554
o0981894	e		-	13	8556
o0981894	n	3(N08)	3(N08)	16	8556
o0981895	e		-	4	8558
o0981895	n	4(N08)	4(N08)	12	8558
o0981896	e		-	12	8561
o0981896	n	5(N08)	5(N08)	8	8561
o0981897	e		-	4	8563
o0981897	n	6(N08)	6(N08)	5	8563
o0981898	e		-	2	8565
o0981898	n	7(N08)	7(N08)	3	8565
o0981899	e		-	2	8567
o0981899	n	8(N08)	8(N08)	5	8567
o0981900	n	9(N08)	9(N08)	2	8569
o0981901	n	1(N08~b)	1(N08~b)	1	8572
o0981902	n	2(N08~b)	2(N08~b)	4	8574
o0981903	n	3(N08~b)	3(N08~b)	1	8576
o0981904	n	4(N08~b)	4(N08~b)	1	8578
o0981905	n	4(N08~c)	4(N08~c)	1	8581
o0981906	n	7(N59)	7(N59)	1	9382
o0981912	e		-	13	8601
o0981912	n	1(N14)	1(N14)	1836	8601
o0981913	e		-	5	8603
o0981913	n	2(N14)	2(N14)	960	8603
o0981914	n	3(N14)	3(N14)	588	8605
o0981915	n	4(N14)	4(N14)	379	8607
o0981916	n	5(N14)	5(N14)	306	8609
o0981917	n	6(N14)	6(N14)	83	8612
o0981918	n	7(N14)	7(N14)	71	8615
o0981919	n	8(N14)	8(N14)	65	8618
o0981920	n	9(N14)	9(N14)	42	8621
o0981935	n	1(N15)	1(N15)	12	8659
o0981936	n	2(N15)	2(N15)	7	8661
o0981937	n	3(N15)	3(N15)	3	8663
o0981938	n	4(N15)	4(N15)	1	8665
o0981939	n	5(N15)	5(N15)	3	8667
o0981940	n	1(N16)	1(N16)	8	8671
o0981941	n	1(N17)	1(N17)	1	8674
o0981942	n	1(N18)	1(N18)	15	8677
o0981943	n	2(N18)	2(N18)	14	8679
o0981944	n	3(N18)	3(N18)	6	8681
o0981945	n	4(N18)	4(N18)	2	8683
o0981946	n	5(N18)	5(N18)	3	8685
o0981947	n	6(N18)	6(N18)	1	8688
o0981948	n	7(N18)	7(N18)	1	8691
o0981949	n	8(N18)	8(N18)	2	8694
o0981950	n	9(N18)	9(N18)	2	8697
o0981951	n	1(N19)	1(N19)	83	8701
o0981952	n	2(N19)	2(N19)	75	8703
o0981953	n	3(N19)	3(N19)	50	8705
o0981954	n	4(N19)	4(N19)	33	8707
o0981955	n	5(N19)	5(N19)	38	8709
o0981956	n	6(N19)	6(N19)	20	8712
o0981957	n	7(N19)	7(N19)	20	8715
o0981958	n	8(N19)	8(N19)	16	8718
o0981959	n	9(N19)	9(N19)	10	8721
o0981969	n	1(N20)	1(N20)	51	8750
o0981970	n	2(N20)	2(N20)	42	8752
o0981971	n	3(N20)	3(N20)	20	8754
o0981972	n	4(N20)	4(N20)	15	8756
o0981973	n	5(N20)	5(N20)	11	8758
o0981974	n	6(N20)	6(N20)	9	8761
o0981975	n	7(N20)	7(N20)	3	8764
o0981976	n	8(N20)	8(N20)	6	8767
o0981977	n	9(N20)	9(N20)	4	8770
o0981979	n	2(N21)	2(N21)	5	8776
o0981980	n	3(N21)	3(N21)	9	8778
o0981981	n	4(N21)	4(N21)	4	8780
o0981982	n	5(N21)	5(N21)	2	8782
o0981984	n	1(N22)	1(N22)	86	8788
o0981985	n	2(N22)	2(N22)	54	8790
o0981986	n	1(N22~v)	1(N22~v)	1	8793
o0981989	n	1(N23)	1(N23)	2	8801
o0981990	n	2(N23)	2(N23)	1	8803
o0981991	n	3(N23)	3(N23)	1	8805
o0981993	n	7(N23)	7(N23)	1	8809
o0981994	e		-	4	8812
o0981994	n	1(N24)	1(N24)	305	8812
o0981994	n	1(N24)	1(N24′)	7	8812
o0981994	n	1(N24)	1(N24″)	1	8812
o0981998	n	1(N24@f)	1(N24@f)	2	8825
o0981999	n	1(N24A)	1(N24~a)	28	8828
o0982000	n	1(N24B)	1(N24~b)	18	8831
o0982001	n	1(N25)	1(N25)	144	8834
o0982002	n	1(N26)	1(N26)	34	8837
o0982003	n	1(N26B)	1(N26~b)	1	8842
o0982004	n	1(N27)	1(N27)	12	8845
o0982005	n	1(N28)	1(N28)	72	8849
o0982006	n	1(N28B)	1(N28~b)	2	8854
o0982007	n	1(N28C)	1(N28~c)	37	8857
o0982008	n	1(N29A)	1(N29)	2	8864
o0982008	n	1(N29A)	1(N29~a)	51	8864
o0982009	n	2(N29A)	2(N29~a)	4	8867
o0982010	n	1(N29AB)	1(N29A~b)	1	8873
o0982011	n	2(N29AB)	2(N29A~b)	2	8875
o0982012	n	1(N29AC)	1(N29A~c)	3	8878
o0982013	n	1(N29B)	1(N29~b)	4	8881
o0982014	n	1(N30A)	1(N30~a)	49	8890
o0982015	n	1(N30AC)	1(N30A~c)	4	8895
o0982016	n	1(N30B)	1(N30~b)	2	8898
o0982017	n	1(N30C)	1(N30~c)	46	8901
o0982018	n	1(N30CA)	1(N30C~a)	1	8906
o0982020	n	1(N30CC)	1(N30C~c)	1	8912
o0982022	n	1(N30E)	1(N30~e)	1	8918
o0982023	n	1(N31)	1(N31)	2	8921
o0982026	n	1(N34)	1(N34)	662	8930
o0982027	c	|1(N34)×1(N58)|	|1(N34)×1(N58)|	1	8932
o0982028	n	2(N34)	2(N34)	238	8934
o0982029	n	3(N34)	3(N34)	111	8937
o0982030	n	4(N34)	4(N34)	75	8940
o0982031	n	5(N34)	5(N34)	70	8942
o0982032	n	6(N34)	6(N34)	38	8945
o0982033	n	7(N34)	7(N34)	19	8948
o0982034	n	8(N34)	8(N34)	16	8951
o0982035	n	9(N34)	9(N34)	9	8954
o0982042	n	7(N34@f)	7(N34@f)	1	8972
o0982046	n	1(N35)	1(N35)	3	8985
o0982047	n	2(N35)	2(N35)	1	8987
o0982050	n	5(N35)	5(N35)	1	8994
o0982051	n	1(N36)	1(N36)	38	8998
o0982052	n	2(N36)	2(N36)	6	9000
o0982053	n	3(N36)	3(N36)	6	9003
o0982054	n	4(N36)	4(N36)	2	9006
o0982056	n	6(N36)	6(N36)	2	9011
o0982059	n	9(N36)	9(N36)	2	9020
o0982061	n	1(N37)	1(N37)	5	9027
o0982062	n	2(N37)	2(N37)	1	9029
o0982063	n	1(N38)	1(N38)	25	9033
o0982064	n	1(N39A)	1(N39~a)	199	9044
o0982065	n	2(N39A)	2(N39~a)	187	9046
o0982066	n	3(N39A)	3(N39~a)	86	9048
o0982067	n	4(N39A)	4(N39~a)	55	9050
o0982072	n	1(N40)	1(N40)	40	9062
o0982073	n	2(N40)	2(N40)	35	9064
o0982074	n	3(N40)	3(N40)	26	9066
o0982075	n	4(N40)	4(N40)	16	9068
o0982076	n	1(N41)	1(N41)	23	9071
o0982077	n	2(N41)	2(N41)	27	9073
o0982078	n	3(N41)	3(N41)	20	9075
o0982079	n	4(N41)	4(N41)	17	9077
o0982080	n	1(N42A)	1(N42~a)	127	9085
o0982081	n	2(N42A)	2(N42~a)	83	9087
o0982082	n	3(N42A)	3(N42~a)	51	9089
o0982083	n	4(N42A)	4(N42~a)	20	9091
o0982088	n	1(N43)	1(N43)	3	9103
o0982089	n	4(N43)	4(N43)	1	9105
o0982091	n	1(N45)	1(N45)	279	9111
o0982092	n	2(N45)	2(N45)	121	9113
o0982093	n	3(N45)	3(N45)	10	9116
o0982094	n	4(N45)	4(N45)	4	9118
o0982095	n	5(N45)	5(N45)	6	9120
o0982096	n	6(N45)	6(N45)	4	9123
o0982097	n	7(N45)	7(N45)	2	9126
o0982099	n	9(N45)	9(N45)	1	9131
o0982109	n	1(N45A)	1(N45~a)	1	9155
o0982110	n	1(N46)	1(N46)	94	9158
o0982111	n	2(N46)	2(N46)	38	9160
o0982112	n	3(N46)	3(N46)	1	9163
o0982115	n	1(N47)	1(N47)	10	9171
o0982116	n	2(N47)	2(N47)	9	9173
o0982118	n	1(N48)	1(N48)	56	9179
o0982119	n	2(N48)	2(N48)	20	9181
o0982120	n	3(N48)	3(N48)	12	9184
o0982121	n	4(N48)	4(N48)	11	9187
o0982122	n	5(N48)	5(N48)	1	9189
o0982126	n	1(N49)	1(N49)	7	9200
o0982127	n	2(N49)	2(N49)	2	9202
o0982128	n	3(N49)	3(N49)	3	9205
o0982129	n	4(N49)	4(N49)	2	9208
o0982131	n	1(N50)	1(N50)	78	9213
o0982132	n	2(N50)	2(N50)	32	9215
o0982133	n	3(N50)	3(N50)	22	9218
o0982134	n	4(N50)	4(N50)	23	9220
o0982135	n	5(N50)	5(N50)	8	9222
o0982136	n	1(N51)	1(N51)	59	9226
o0982137	n	2(N51)	2(N51)	29	9228
o0982138	n	3(N51)	3(N51)	10	9231
o0982139	n	4(N51)	4(N51)	9	9233
o0982140	n	5(N51)	5(N51)	14	9235
o0982141	n	6(N51)	6(N51)	5	9238
o0982142	n	7(N51)	7(N51)	1	9241
o0982143	n	8(N51)	8(N51)	1	9244
o0982154	n	1(N52)	1(N52)	24	9275
o0982155	n	2(N52)	2(N52)	10	9277
o0982156	n	3(N52)	3(N52)	3	9280
o0982157	n	4(N52)	4(N52)	1	9282
o0982164	n	1(N54)	1(N54)	10	9299
o0982165	n	2(N54)	2(N54)	1	9301
o0982166	n	3(N54)	3(N54)	2	9304
o0982168	n	5(N54)	5(N54)	3	9308
o0982171	n	2(N56)	2(N56)	1	9317
o0982172	e		-	43	9322
o0982172	n	1(N57)	1(N57)	370	9322
o0982172	s	1(N57)	AŠ	1	9322
o0982173	e		-	30	9324
o0982173	n	2(N57)	2(N57)	112	9324
o0982174	e		-	90	9327
o0982174	n	3(N57)	3(N57)	422	9327
o0982175	e		-	17	9329
o0982175	n	4(N57)	4(N57)	24	9329
o0982176	e		-	13	9331
o0982176	n	5(N57)	5(N57)	43	9331
o0982177	e		-	6	9333
o0982177	n	6(N57)	6(N57)	13	9333
o0982178	n	7(N57)	7(N57)	7	9336
o0982179	n	8(N57)	8(N57)	4	9339
o0982180	n	9(N57)	9(N57)	2	9341
o0982181	n	10(N57)	10(N57)	1	9343
o0982182	e		-	64	9348
o0982182	n	1(N58)	1(N58)	71	9348
o0982182	s	1(N58)	DIŠ	1	9348
o0982183	n	2(N58)	2(N58)	6	9352
o0982184	e		-	2	9354
o0982184	n	3(N58)	3(N58)	3	9354
o0982185	n	4(N58)	4(N58)	2	9356
o0982187	n	8(N58)	8(N58)	1	9360
o0982188	n	9(N58)	9(N58)	1	9362
o0982189	n	10(N58)	10(N58)	2	9364
o0982190	n	12(N58)	12(N58)	1	9366
o0982191	n	1(N58@t)	1(N58)@t	1	9369
o0982192	n	1(N59)	1(N59)	1	9372
o0982193	n	2(N59)	2(N59)	1	9374
o0982194	n	3(N59)	3(N59)	18	9376
o0982195	n	4(N59)	4(N59)	3	9378
o0982196	n	6(N59)	6(N59)	3	9380
o0982197	n	1(N08~v)	1(N08~v)	1	8584
o0982198	n	1(N60)	1(N60)	4	9385
o0982199	n	3(N61)	3(N61)	1	9388
o0982200	n	4(N62)	4(N62)	1	9391
o0982201	n	1(N63)	1(N63)	2	9394
o0982202	c	|1(N57).AB₂|	|1(N57).AB₂|	1	9396
o0982204	c	|3(N57).AMAR|	|3(N57).AMAR|	2	9400
o0982205	c	|4(N57).AMAR|	|4(N57).AMAR|	1	9402
o0982206	c	|3(N57).AZ|	|3(N57).AZ|	3	9404
o0982208	c	|3(N57).BARA₃|	|3(N57).BARA₃|	1	9409
o0982209	c	|2(N57).BIR₃~a|	|2(N57).BIR₃~a|	1	9412
o0982210	c	|1(N57).BU₃|	|1(N57).BU₃|	1	9414
o0982212	c	|3(N57).E₂~b|	|3(N57).E₂~b|	1	9422
o0982213	c	|3(N57).EN₂|	|3(N57).EN₂|	6	9425
o0982214	c	|X(N57).GAR|	|N(N57).GAR|	1	9427
o0982215	c	|3(N57).GAR|	|3(N57).GAR|	2	9429
o0982216	c	|4(N57).GAR|	|4(N57).GAR|	5	9431
o0982217	c	|5(N57).GAR|	|5(N57).GAR|	8	9433
o0982218	c	|6(N57).GAR|	|6(N57).GAR|	4	9435
o0982220	c	|4(N57).KU₃~a|	|4(N57).KU₃~a|	11	9443
o0982221	c	|5(N57).KU₃~a|	|5(N57).KU₃~a|	4	9445
o0982222	c	|6(N57).KU₃~a|	|6(N57).KU₃~a|	2	9447
o0982223	c	|2(N57).KU₆~a|	|2(N57).KU₆~a|	1	9450
o0982224	c	|1(N57).MUŠEN|	|1(N57).MUŠEN|	4	9453
o0982224	c	|1(N57).MUŠEN|	|MUŠEN×1(N57)|	1	9453
o0982225	c	|2(N57).MUŠEN|	|2(N57).MUŠEN|	2	9456
o0982225	c	|2(N57).MUŠEN|	|MUŠEN×2(N57)|	24	9456
o0982226	c	|3(N57).MUŠEN|	|MUŠEN×3(N57)|	1	9459
o0982227	c	|3(N57).NUNUZ~a1|	|3(N57).NUNUZ~a1|	23	9462
o0982228	c	|3(N57).NUNUZ~c|	|3(N57).NUNUZ~c|	2	9464
o0982229	c	|3(N57).PIRIG~b1|	|3(N57).PIRIG~b1|	33	9467
o0982230	c	|3(N57).SANGA~a|	|3(N57).SANGA~a|	1	9470
o0982231	c	|3(N57).SI|	|3(N57).SI|	2	9472
o0982234	c	|1(N57).ŠAH₂~a|	|1(N57).ŠAH₂~a|	4	9479
o0982235	c	|1(N57).ŠUBUR|	|1(N57).ŠUBUR|	31	9481
o0982235	c	|1(N57).ŠUBUR|	|1(N57)+ŠUBUR|	1	9481
o0982236	c	|2(N57).ŠUBUR|	|2(N57).ŠUBUR|	2	9484
o0982237	c	|3(N57).ŠUBUR|	|3(N57).ŠUBUR|	3	9486
