o0900000	s	A	A	243
o0900010	s	A₂	A₂	1
o0900012	s	AB~a	AB~a	216
o0900014	s	AB~b	AB~b	33
o0900020	c	|AB~a×AŠ₂|	|AB~a×AŠ₂|	2
o0900027	c	|AB~a×1(N04)|	|AB~a×1(N04)|	3
o0900033	c	|AB~a×(ŠE~a&ŠE~a)|	|AB~a×(ŠE~a&ŠE~a)|	3
o0900038	c	|AB~a×ZATU659|	|AB~a×ZATU659|	3
o0900040	s	AB~a@g	AB~a@g	1
o0900041	s	AB₂	AB₂	165
o0900047	s	ABGAL	ABGAL	37
o0900049	s	ABRIG	ABRIG	2
o0900050	s	ABZU	ABZU	3
o0900053	s	AD~a	AD~a	28
o0900054	s	AD~b	AD~b	2
o0900055	s	AD~c	AD~c	6
o0900056	s	ADAB	ADAB	10
o0900058	s	ADDA	ADDA	1
o0900060	s	AGAR₂	AGAR₂	12
o0900062	s	AK~a	AK~a	27
o0900064	s	AL	AL	54
o0900066	s	ALAN~a	ALAN~a	2
o0900067	s	ALAN~b	ALAN~b	1
o0900068	s	ALAN~c	ALAN~c	3
o0900070	s	ALAN~e	ALAN~e	2
o0900072	s	ALIM	ALIM	10
o0900074	s	AM~a	AM~a	1
o0900075	s	AM~b	AM~b	2
o0900077	s	AMA~a	AMA~a	48
o0900079	s	AMA~b	AMA~b	3
o0900081	c	|AMA~a×E₂~a|	|AMA~a×E₂~a|	1
o0900082	s	AMAR	AMAR	77
o0900085	c	|AMAR.1(N02)|	|AMAR.1(N02)|	2
o0900089	s	AN	AN	399
o0900093	s	ANŠE~a	ANŠE~a	2
o0900094	s	ANŠE~b	ANŠE~b	19
o0900096	s	ANŠE~e	ANŠE~e	2
o0900100	s	APIN~a	APIN~a	110
o0900101	s	APIN~b	APIN~b	9
o0900102	s	APIN~c	APIN~c	1
o0900106	s	ARARMA₂~a	ARARMA₂~a	3
o0900111	s	ASAR	ASAR	10
o0900113	s	AZ	AZ	15
o0900115	s	BA	BA	285
o0900116	s	BAD	BAD	10
o0900117	c	|BAD&BAD|	|BAD&BAD|	6
o0900119	s	BAD₃~a	BAD₃~a	2
o0900121	s	BAD₃~b1	BAD₃~b1	1
o0900124	s	BAHAR₂~a	BAHAR₂~a	4
o0900127	s	BAHAR₂~b	BAHAR₂~b	12
o0900128	s	BAHAR₂~c	BAHAR₂~c	9
o0900130	s	BALA~a	BALA~a	13
o0900132	s	BALA~b	BALA~b	1
o0900133	s	BALAG	BALAG	5
o0900138	s	BAN~a	BAN~a	1
o0900139	s	BAN~b	BAN~b	1
o0900142	s	BANŠUR~b1	BANŠUR~b1	1
o0900143	s	BANŠUR~b2	BANŠUR~b2	1
o0900144	s	BANŠUR~c	BANŠUR~c	2
o0900148	s	BAPPIR~a	BAPPIR~a	2
o0900149	s	BAPPIR~b	BAPPIR~b	3
o0900151	s	BAPPIR~d	BAPPIR~d	6
o0900152	s	BAPPIR~e	BAPPIR~e	1
o0900153	s	BAPPIR~f	BAPPIR~f	1
o0900154	s	BAR	BAR	165
o0900158	s	BARA₂~a	BARA₂~a	27
o0900162	s	BARA₃	BARA₃	13
o0900165	s	BIR~a	BIR~a	1
o0900169	s	BIR₃~a	BIR₃~a	8
o0900171	s	BIR₃~b	BIR₃~b	1
o0900173	s	BIR₃~c	BIR₃~c	4
o0900175	s	BU~a	BU~a	247
o0900177	s	BU~b	BU~b	10
o0900189	c	|BU~a&BU~a|	|BU~a&BU~a|	1
o0900191	c	|(BU~a&BU~a).NA₂~a|	|(BU~a&BU~a).NA₂~a|	2
o0900199	c	|BU~a+DU₆~a|	|BU~a.DU₆~a|	8
o0900199	c	|BU~a+DU₆~a|	|BU~a+DU₆~a|	19
o0900202	c	|BU~a+KI|	|BU~a+KI|	1
o0900205	s	BU₃	BU₃	16
o0900205	s	BU₃	BU₃~a	2
o0900206	s	BULUG	BULUG	1
o0900207	s	BULUG₃	BULUG₃	19
o0900211	s	BUR~a	BUR~a	27
o0900212	s	BUR~b	BUR~b	2
o0900215	s	BUR₂	BUR₂	20
o0900217	s	DA~a	DA~a	87
o0900224	s	DAH	DAH	17
o0900225	s	DAM	DAM	13
o0900226	s	DANNA	DANNA	2
o0900228	s	DAR~a	DAR~a	9
o0900229	s	DAR~b	DAR~b	5
o0900230	s	DAR~c	DAR~c	4
o0900233	c	|DAR~a×A|	|DAR~a×A|	1
o0900237	s	DARA₃~c	DARA₃~c	4
o0900239	s	DARA₃~d	DARA₃~d	1
o0900242	c	|DARA₃~d×KAR₂~b|	|DARA₃~d×KAR₂|	3
o0900249	s	DARA₄~a1	DARA₄~a1	20
o0900252	s	DARA₄~b	DARA₄~b	1
o0900253	s	DARA₄~c	DARA₄~c	1
o0900254	s	DARA₄~c1	DARA₄~c1	5
o0900255	s	DARA₄~c2	DARA₄~c2	1
o0900256	s	DARA₄~c3	DARA₄~c3	2
o0900257	s	DARA₄~c4	DARA₄~c4	4
o0900259	s	DARA₄~d	DARA₄~d	1
o0900260	s	DI	DI	59
o0900262	s	DIB	DIB	2
o0900264	s	DILMUN	DILMUN	22
o0900269	s	DIM~a	DIM~a	19
o0900270	s	DIM~b	DIM~b	2
o0900271	s	DIM~c	DIM~c	17
o0900276	s	DIN	DIN	22
o0900277	c	|DIN×1(N58)|	|DIN+1(N57)|	1
o0900279	s	DU	DU	187
o0900281	c	|DU×1(N58@t)|	|DU×DIŠ|	3
o0900282	s	DU@g	DU@g	1
o0900284	s	DU₆~a	DU₆~a	9
o0900287	s	DU₆~b	DU₆~b	19
o0900291	s	DU₇	DU₇	3
o0900296	s	DU₈~c	DU₈~c	14
o0900301	c	|DU₈~c×AMAR|	|DU₈~c×AMAR|	6
o0900305	c	|DU₈~c×UDU~a|	|DU₈~c×UDU~a|	2
o0900309	s	DU₈~c@g	DU₈~c@g	14
o0900312	s	DUB~a	DUB~a	70
o0900315	s	DUB~b	DUB~b	15
o0900319	s	DUB~d	DUB~d	1
o0900321	s	DUB~f	DUB~f	1
o0900322	s	DUB~h	DUB~h	1
o0900326	c	|(DUB@n~a×1(N58))~b|	|(DUB×DIŠ)~c|	1
o0900329	s	DUB₂	DUB₂	2
o0900331	s	DUG~a	DUG~a	112
o0900334	s	DUG~b	DUG~b	40
o0900342	c	|DUG~b×ANŠE~b|	|DUG~b×ANŠE~b|	5
o0900343	c	|DUG~b×ANŠE~d|	|DUG~b×ANŠE~d|	2
o0900347	c	|DUG~b×BALA~a|	|DUG~b×BALA~a|	10
o0900349	c	|DUG~b×BIR₃~c|	|DUG~b×BIR₃~c|	1
o0900351	c	|DUG~b×DIN|	|DUG~b×DIN|	12
o0900359	c	|DUG~b×GA~b|	|DUG~b×GA~b|	2
o0900363	c	|DUG~b×GEŠTU~b|	|DUG~b×GEŠTU~b|	1
o0900365	c	|DUG~b×GI₆|	|DUG~b×GI₆|	3
o0900367	c	|DUG~b×GIŠ|	|DUG~b×GIŠ|	6
o0900370	c	|DUG~b×HI|	|DUG~b×HI|	4
o0900376	c	|DUG~b×KASKAL|	|DUG~b×KASKAL|	10
o0900378	c	|DUG~a×KU₆~a|	|DUG~a×KU₆~a|	1
o0900379	c	|DUG~b×KU₆~a|	|DUG~b×KU₆~a|	2
o0900381	c	|DUG~b×KUR~a|	|DUG~b×KUR~a|	3
o0900382	c	|DUG~b×KUR~b|	|DUG~b×KUR~b|	1
o0900384	c	|DUG~b×(KUR~a.X)|	|DUG~b×(KUR~a.X)|	1
o0900386	c	|DUG~b×KUR@g~a|	|DUG~b×KUR@g~a|	4
o0900389	c	|DUG~b×LAM~a|	|DUG~b×LAM~a|	3
o0900391	c	|DUG~b×MAŠ|	|DUG~b×MAŠ|	11
o0900394	c	|DUG~a×1(N57)|	|DUG~a×1(N57)|	6
o0900395	c	|DUG~b×1(N57)|	|DUG~b×1(N57)|	2
o0900401	c	|DUG~b×(1(N57).KU₃~a)|	|DUG~b×(1(N57).KU₃~a)|	3
o0900407	c	|DUG~a×NAGA~a|	|DUG~a×NAGA~a|	1
o0900408	c	|DUG~b×NAGA~a|	|DUG~b×NAGA~a|	6
o0900410	c	|DUG~b×NAM₂|	|DUG~b×NAM₂|	1
o0900414	c	|DUG~b×SA~a|	|DUG~b×SA~a|	5
o0900416	c	|DUG~b×(SA~a.GI)|	|DUG~b×(SA~a.GI)|	4
o0900418	c	|DUG~b×SI₄~a|	|DUG~b×SI₄~a|	6
o0900420	c	|DUG~b×(SI₄~a.X)|	|DUG~b×(SI₄~a.X)|	1
o0900422	c	|DUG~b×SIG₂~a1|	|DUG~b×SIG₂~a1|	3
o0900423	c	|DUG~b×SIG₂~a2|	|DUG~b×SIG₂~a2|	2
o0900425	c	|DUG~b×SIG₇|	|DUG~b×SIG₇|	19
o0900427	c	|DUG~b×SUHUR|	|DUG~b×SUHUR|	1
o0900431	c	|DUG~b×ŠAH₂~a|	|DUG~b×ŠAH₂~a|	4
o0900433	c	|DUG~b×ŠE~a|	|DUG~b×ŠE~a|	12
o0900437	c	|DUG~b×(ŠE~a.NAM₂)|	|DUG~b×(ŠE~a.NAM₂)|	7
o0900439	c	|DUG~b×TAK₄~a|	|DUG~b×TAK₄~a|	4
o0900441	c	|DUG~b×(TAK₄~a.SA~a)|	|DUG~b×(TAK₄~a.SA~a)|	1
o0900443	c	|DUG~b×(TAK₄~a.SAL)|	|DUG~b×(TAK₄~a.SAL)|	1
o0900445	c	|DUG~b×TI|	|DUG~b×TI|	7
o0900447	c	|DUG~a×U₂~a|	|DUG~a×U₂~a|	1
o0900449	c	|DUG~b×U₂~a|	|DUG~b×U₂~a|	1
o0900450	c	|DUG~b×U₂~b|	|DUG~b×U₂~b|	1
o0900454	c	|DUG~b×(UDU~a×TAR~b)|	|DUG~b×(UDU~a×TAR~b)|	1
o0900456	c	|DUG~b×UH₃~a|	|DUG~b×UH₃~a|	3
o0900458	c	|DUG~b×UH₃~a@t|	|DUG~b×UH₃~a@t|	1
o0900461	c	|DUG~b×X|	|DUG~b×X|	108
o0900466	c	|DUG~b×ZATU764|	|DUG~b×ZATU764|	2
o0900468	c	|DUG~b×ZATU779|	|DUG~b×ZATU779|	2
o0900470	c	|DUG~b×ZATU780|	|DUG~b×ZATU780|	2
o0900472	c	|DUG~b×ZATU781|	|DUG~b×ZATU781|	3
o0900474	c	|DUG~b×(ZATU789.SA~a)|	|DUG~b×(ZATU789.SA~a)|	1
o0900480	s	DUG~d	DUG~d	1
o0900481	s	DUGUD	DUGUD	1
o0900483	s	DUR~a	DUR~a	1
o0900484	s	DUR~b	DUR~b	24
o0900485	s	DUR₂	DUR₂	29
o0900487	s	E~a	E~a	78
o0900488	s	E~b	E~b	19
o0900493	s	E₂~a	E₂~a	279
o0900494	s	E₂~b	E₂~b	83
o0900495	s	E₂~c	E₂~c	1
o0900496	s	E₂~d	E₂~d	1
o0900503	c	|E₂~a×1(N58@t)|	|E₂~a×1(N57)@t|	23
o0900504	c	|E₂~b×1(N58@t)|	|E₂~b×1(N57)@t|	5
o0900511	s	EDIN	EDIN	5
o0900516	s	EN~a	EN~a	755
o0900519	s	EN~c	EN~c	13
o0900529	s	EN₂	EN₂	4
o0900531	c	|EN₂.E₂~a|	|EN₂.E₂~a|	1
o0900532	c	|EN₂.E₂~b|	|EN₂.E₂~b|	5
o0900532	c	|EN₂.E₂~b|	|EN₂×E₂~b|	2
o0900533	s	ENDIB	ENDIB	5
o0900534	s	ENGIZ	ENGIZ	19
o0900535	s	ENKUM	ENKUM	9
o0900541	s	ERIM~a	ERIM~a	68
o0900543	s	ERIM~b2	ERIM~b2	1
o0900544	s	ERIM₂	ERIM₂	15
o0900545	s	ERIN	ERIN	75
o0900546	s	EŠDA	EŠDA	5
o0900547	c	|EŠDA×TAR~a|	|EŠDA×TAR|	1
o0900548	s	EŠGAR	EŠGAR	7
o0900550	s	EZEN~a	EZEN~a	3
o0900552	s	EZEN~b	EZEN~b	43
o0900554	s	EZEN~c	EZEN~c	1
o0900559	c	|EZEN~a×(HI×1(N57).AN)|	|EZEN~a×(HI.1(N57).AN)|	1
o0900565	c	|EZEN~a×KI|	|EZEN~a+KI|	1
o0900570	c	|EZEN~b×6(N57)|	|EZEN~b×6(N57)|	1
o0900581	c	|EZEN~a×SU~a|	|EZEN~a×SU~a|	2
o0900594	s	EZINU~a	EZINU~a	3
o0900595	s	EZINU~b	EZINU~b	1
o0900596	s	EZINU~c	EZINU~c	2
o0900597	s	EZINU~d	EZINU~d	4
o0900602	s	GA~a	GA~a	84
o0900604	s	GA~b	GA~b	22
o0900605	s	GA~c	GA~c	2
o0900607	c	|GA~a.ZATU753|	|GA~a.ZATU753|	33
o0900612	c	|GA~c×1(N14)|	|GA~c×1(N14)|	1
o0900616	s	GA₂~a1	GA₂~a1	37
o0900617	s	GA₂~a2	GA₂~a2	7
o0900620	s	GA₂~b	GA₂~b	6
o0900621	s	GA₂~c	GA₂~c	1
o0900623	c	|GA₂~a1×A|	|GA₂~a1×A|	2
o0900625	c	|GA₂~b×DUB~a|	|GA₂~b×DUB~a|	4
o0900628	c	|GA₂~a1×E₂~a|	|GA₂~a×E₂~a|	1
o0900634	c	|GA₂~a1×GEŠTU~c3|	|GA₂~a1×GEŠTU~c3|	1
o0900635	c	|GA₂~a1×GEŠTU~c5|	|GA₂~a1×GEŠTU~c5|	10
o0900644	c	|GA₂~a2×GU₄|	|GA₂~a2×GU₄|	1
o0900650	c	|GA₂~a1×HI|	|GA₂~a1×HI|	1
o0900654	c	|GA₂~a1×KU₃~a|	|GA₂~a1×KU₃~a|	1
o0900657	c	|GA₂~a1×KU₆~a|	|GA₂~a1×KU₆~a|	4
o0900658	c	|GA₂~b×KU₆~a|	|GA₂~b×KU₆~a|	1
o0900660	c	|GA₂~a1×(KU₆~a.KU₆~a)|	|GA₂~a1×(KU₆~a.KU₆~a)|	1
o0900664	c	|GA₂~a1×MAŠ|	|GA₂~a1×MAŠ|	1
o0900687	c	|GA₂~a1×PAP~a|	|GA₂~a1×PAP~a|	1
o0900689	c	|GA₂~a1×SU~a|	|GA₂~a1×SU~a|	1
o0900691	c	|GA₂~a1×SUHUR|	|GA₂~a1×SUHUR|	1
o0900701	c	|GA₂~a1×ŠA|	|GA₂~a1×ŠA|	1
o0900705	c	|GA₂~a1×TI|	|GA₂~a1×TI|	2
o0900707	c	|GA₂~a1×U₄|	|GA₂~a1×U₄|	4
o0900709	c	|GA₂~a1×X|	|GA₂~a1×X|	7
o0900715	c	|GA₂~b×ZATU659|	|GA₂~b×ZATU659|	1
o0900719	s	GAʾAR~a1	GAʾAR~a1	40
o0900720	s	GAʾAR~a2	GAʾAR~a2	7
o0900721	s	GAʾAR~b1	GAʾAR~b1	1
o0900722	s	GAʾAR~b2	GAʾAR~b2	1
o0900724	s	GADA~a	GADA~a	52
o0900729	s	GAL~a	GAL~a	731
o0900730	s	GAL~b	GAL~b	3
o0900732	s	GALGA~a	GALGA~a	12
o0900737	s	GAN~a	GAN~a	32
o0900741	s	GAN~b	GAN~b	17
o0900742	s	GAN~c	GAN~c	15
o0900747	c	|GAN~c×DIN|	|GAN~c×DIN|	1
o0900761	c	|GAN~c×LAGAB~b|	|GAN~c×LAGAB~b|	1
o0900763	c	|GAN~c×(4(N57).GAR)|	|GAN~c×(4(N57).GAR)|	1
o0900778	s	GAN₂	GAN₂	166
o0900779	s	GAR	GAR	143
o0900782	s	GAR@g~b	GAR@g~b	2
o0900783	s	GAR@g~c	GAR@g~c	2
o0900786	s	GARA₂~a	GARA₂~a	29
o0900788	s	GAZI	GAZI	14
o0900790	s	GEŠTIN~a	GEŠTIN~a	6
o0900792	s	GEŠTIN~d	GEŠTIN~d	1
o0900797	s	GEŠTU~a	GEŠTU~a	7
o0900800	s	GEŠTU~b	GEŠTU~b	18
o0900801	s	GEŠTU~c3	GEŠTU~c3	5
o0900803	s	GEŠTU~c5	GEŠTU~c5	2
o0900806	s	GI	GI	292
o0900809	c	|GI×A|	|GI+A|	1
o0900812	c	|GI×KU~b1|	|GI×KU~b1|	6
o0900816	c	|GI×1(N58@t)|	|GI×1(N58)@t|	2
o0900822	c	|GI&GI|	|GI&GI|	47
o0900829	s	GI₄~a	GI₄~a	16
o0900832	c	|GI₄~a×A|	|GI₄~a×A|	1
o0900836	s	GI₆	GI₆	52
o0900839	s	GIBIL	GIBIL	55
o0900841	s	GIBIL₆	GIBIL₆	2
o0900845	s	GIR~a	GIR~a	12
o0900847	s	GIR~b	GIR~b	2
o0900848	s	GIR~c	GIR~c	2
o0900851	c	|GIR~b.GIR~b|	|GIR~b.GIR~b|	3
o0900855	s	GIR₂~a	GIR₂~a	57
o0900858	s	GIR₃~a	GIR₃~a	3
o0900860	s	GIR₃~c	GIR₃~c	41
o0900869	s	GIR₃@g~a	GIR₃@g~a	1
o0900870	s	GIR₃@g~b	GIR₃@g~b	56
o0900871	s	GIR₃@g~c	GIR₃@g~c	2
o0900875	s	GIŠ	GIŠ	292
o0900877	c	|GIŠ.TE|	|GIŠ.TE|	16
o0900879	c	|(GIŠ×(DIN.DIN))~a|	|(GIŠ×(DIN.DIN))~a|	4
o0900881	c	|(GIŠ×(DIN.DIN))~c|	|(GIŠ×(DIN.DIN))~c|	1
o0900883	c	|(GIŠ×ŠU₂)~a|	|GIŠ×ŠU₂~a|	15
o0900884	c	|(GIŠ×ŠU₂)~b|	|GIŠ×ŠU₂~b|	12
o0900885	s	GIŠ@t	GIŠ@t	20
o0900889	s	GIŠ₃~a	GIŠ₃~a	4
o0900890	s	GIŠ₃~b	GIŠ₃~b	8
o0900892	c	|GIŠ₃~a&GIŠ₃~a|	|GIŠ₃~a&GIŠ₃~a|	1
o0900893	s	GIŠGAL	GIŠGAL	8
o0900897	s	GIŠIMMAR~a2	GIŠIMMAR~a2	5
o0900898	s	GIŠIMMAR~a3	GIŠIMMAR~a3	1
o0900901	s	GIŠIMMAR~b1	GIŠIMMAR~b1	31
o0900906	s	GU	GU	32
o0900906	s	GU	GU~a	9
o0900907	s	GU₂	GU₂	2
o0900908	s	GU₄	GU₄	92
o0900912	s	GU₇	GU₇	166
o0900914	s	GU₄@g	GU₄@g	3
o0900916	s	GUB₃~a	GUB₃~a	2
o0900917	s	GUB₃~b	GUB₃~b	1
o0900919	s	GUB₃~d	GUB₃~d	1
o0900920	s	GUG₂	GUG₂	57
o0900929	s	GUKKAL~a	GUKKAL~a	1
o0900931	s	GUKKAL~c	GUKKAL~c	6
o0900935	s	GUL	GUL	8
o0900937	s	GUM~a	GUM~a	1
o0900938	s	GUM~b	GUM~b	24
o0900941	s	GUM~b@n	GUM~b@n	1
o0900945	s	GUN₃~b	GUN₃~b	5
o0900946	s	GUR	GUR	1
o0900949	s	GURUŠ~a	GURUŠ~a	20
o0900954	c	|GURUŠ~c×2(N14)|	|GURUŠ~c×2(N14)|	1
o0900955	s	GURUŠDA	GURUŠDA	19
o0900955	s	GURUŠDA	GURUŠDA~a	4
o0900956	s	HAL	HAL	37
o0900957	s	HALUB	HALUB	11
o0900958	s	HAŠHUR	HAŠHUR	41
o0900959	c	|HAŠHUR×MA|	|HAŠHUR×MA|	1
o0900960	s	HI	HI	133
o0900964	c	|HI.SUHUR|	|HI.SUHUR|	2
o0900966	c	|HI×LAGAB~a|	|HI×LAGAB~a|	3
o0900968	c	|HI×1(N57)|	|HI×1(N57)|	2
o0900970	c	|HI×1(N57@t)|	|HI×1(N57)@t|	2
o0900976	s	HI@g~a	HI@g~a	65
o0900976	s	HI@g~a	HI~a@g	5
o0900977	s	HI@g~b	HI@g~b	7
o0900981	s	I	I	17
o0900983	s	IB~a	IB~a	100
o0900984	s	IB~b	IB~b	1
o0900987	s	IB~a@n	IB~a@n	1
o0900988	s	IDIGNA	IDIGNA	28
o0900991	s	IG~a	IG~a	1
o0900995	s	IL	IL	8
o0900998	s	ILDUM~b	ILDUM~b	4
o0901000	s	IM~a	IM~a	58
o0901001	s	IM~b	IM~b	10
o0901005	s	IN~b	IN~b	18
o0901007	s	IN~d	IN~d	1
o0901009	s	IR~a	IR~a	39
o0901010	s	IR~b	IR~b	2
o0901014	c	|IR~a.GA₂~a1|	|IR~a.GA₂~a1|	1
o0901017	s	IR₁₁	IR₁₁	2
o0901020	s	IŠ~a	IŠ~a	19
o0901022	s	IŠ~b	IŠ~b	45
o0901030	s	KA~a	KA~a	31
o0901036	c	|KA~a×SAR~a|	|KA~a×SAR~a|	1
o0901038	s	KA₂~a	KA₂~a	1
o0901039	s	KA₂~b	KA₂~b	4
o0901043	c	|KA₂~d×LAM~b|	|KA₂×LAM|	9
o0901044	s	KAB	KAB	55
o0901047	s	KAD₄~a	KAD₄~a	9
o0901048	s	KAD₄~b	KAD₄~b	2
o0901052	s	KAK~a	KAK~a	30
o0901057	s	KAL~a	KAL~a	5
o0901058	s	KAL~b1	KAL~b1	1
o0901060	s	KAL~b2	KAL~b2	3
o0901062	s	KALAM~a	KALAM~a	15
o0901063	s	KALAM~b	KALAM~b	23
o0901064	s	KALAM~c	KALAM~c	1
o0901065	s	KALAM~d	KALAM~d	1
o0901066	s	KALAM~e	KALAM~e	1
o0901067	s	KALAM~f	KALAM~f	1
o0901068	s	KALAM~g	KALAM~g	4
o0901070	s	KALAM~h2	KALAM~h2	1
o0901071	s	KAR	KAR	3
o0901073	s	KAR₂~a	KAR₂~a	39
o0901074	s	KAR₂~b	KAR₂~b	8
o0901075	s	KASKAL	KASKAL	17
o0901078	s	KAŠ~a	KAŠ~a	70
o0901080	s	KAŠ~b	KAŠ~b	44
o0901082	s	KAŠ~c	KAŠ~c	32
o0901083	s	KAŠ~d	KAŠ~d	4
o0901090	s	KI	KI	251
o0901090	s	KI	KI~a	1
o0901091	s	KI@n	KI@n	2
o0901093	c	|KI@n×DUB~a|	|KI@n+DUB~a|	1
o0901094	s	KIB	KIB	4
o0901097	s	KID~a	KID~a	12
o0901098	s	KID~b	KID~b	51
o0901101	s	KID~e	KID~e	2
o0901102	s	KIN	KIN	3
o0901105	s	KIN₂~b	KIN₂~b	1
o0901106	s	KIN₂~c	KIN₂~c	8
o0901107	s	KIN₂~d	KIN₂~d	2
o0901110	s	KINGAL	KINGAL	30
o0901111	s	KIR₁₁	KIR₁₁	6
o0901113	s	KISAL~a1	KISAL~a1	1
o0901115	s	KISAL~b1	KISAL~b1	122
o0901116	s	KISAL~b2	KISAL~b2	7
o0901117	s	KISAL~b3	KISAL~b3	2
o0901122	s	KISIM~a	KISIM~a	28
o0901123	s	KISIM~b	KISIM~b	11
o0901129	s	KIŠ	KIŠ	71
o0901131	s	KIŠIK~a	KIŠIK~a	16
o0901134	s	KITI	KITI	11
o0901136	s	KU~a	KU~a	4
o0901137	s	KU~b1	KU~b1	25
o0901138	s	KU~b2	KU~b2	22
o0901142	s	KU₃~a	KU₃~a	105
o0901143	s	KU₃~c	KU₃~c	1
o0901145	s	KU₆~a	KU₆~a	185
o0901146	s	KU₆~c	KU₆~c	1
o0901149	c	|KU₆~a.1(N02)|	|KU₆~a.1(N02)|	3
o0901153	c	|KU₆~a+KU₆~a|	|KU₆~a+KU₆~a|	5
o0901158	s	KUR~a	KUR~a	95
o0901159	s	KUR~b	KUR~b	1
o0901161	s	KUR~c	KUR~c	1
o0901164	c	|KUR~a.E₂~a|	|KUR~a.E₂~a|	8
o0901169	s	KUR@g~a	KUR@g~a	4
o0901173	s	KUŠU₂~b	KUŠU₂~b	1
o0901174	s	KUŠU₂~c	KUŠU₂~c	2
o0901175	s	KUŠU₂~d	KUŠU₂~d	1
o0901177	s	KUŠU₂~f	KUŠU₂~f	1
o0901179	s	LA~b	LA	1
o0901184	s	LA₂	LA₂	35
o0901186	s	LAGAB~a	LAGAB~a	10
o0901187	s	LAGAB~b	LAGAB~b	47
o0901189	c	|LAGAB~b.TE|	|LAGAB~b.TE|	2
o0901209	c	|LAGAB~a×(KU₆~a+KU₆~a)|	|LAGAB~a×(KU₆~a+KU₆~a)|	1
o0901225	c	|LAGAB~a×1(N58)|	|LAGAB~a×1(N58)|	1
o0901231	c	|LAGAB~a×PA~a|	|LAGAB~a×PA~a|	2
o0901232	c	|LAGAB~b×PA~a|	|LAGAB~b×PA~a|	1
o0901243	c	|LAGAB~a×ŠA|	|LAGAB~a×ŠA|	6
o0901245	c	|LAGAB~a×ŠITA~a1|	|LAGAB~a×ŠITA~a1|	5
o0901248	c	|LAGAB~a×TI|	|LAGAB~a×TI|	1
o0901250	c	|LAGAB~a×U₄|	|LAGAB~a×U₄|	1
o0901255	c	|LAGAB~a×X|	|LAGAB~a×X|	1
o0901260	c	|LAGAB~b&LAGAB~b|	|LAGAB~b&LAGAB~b|	1
o0901260	c	|LAGAB~b&LAGAB~b|	|LAGAB~b×LAGAB~b|	2
o0901262	s	LAGAR~a	LAGAR~a	26
o0901263	s	LAGAR~b1	LAGAR~b1	1
o0901265	s	LAGAR~c	LAGAR~c	1
o0901267	s	LAGAR~a@r	LAGAR~a@r	1
o0901268	s	LAHTAN₂	LAHTAN₂	7
o0901270	s	LAL₂~a	LAL₂~a	8
o0901275	c	|LAL₂~a×NAGA~a|	|LAL₂~a×NAGA~a|	2
o0901277	c	|LAL₂~a×NIM~b2|	|LAL₂~a×NIM~b2|	2
o0901280	s	LAL₃~b	LAL₃~b	1
o0901283	s	LAM~a	LAM~a	3
o0901285	s	LAM~b	LAM~b	14
o0901301	s	LI	LI	6
o0901303	s	LIŠ	LIŠ	3
o0901304	s	LU₂	LU₂	16
o0901311	s	LUGAL	LUGAL	3
o0901312	s	LUM	LUM	9
o0901313	s	MA	MA	75
o0901316	c	|MA×MA|	|MA×MA|	1
o0901325	s	MAH~a	MAH~a	4
o0901332	c	|MAH~a×KU₆~a|	|MAH~a×KU₆~a|	1
o0901335	c	|MAH~a×MAŠ|	|MAH~a×MAŠ|	3
o0901338	c	|MAH~a×NA~a|	|MAH~a×NA~a|	3
o0901347	c	|MAH~a×TUN₃~c|	|MAH~a×TUN₃~c|	1
o0901361	s	MAR~a	MAR~a	80
o0901363	s	MAR~b	MAR~b	10
o0901371	c	|MAR~b×X|	|MAR~b×X|	2
o0901373	s	MAR~a@g	MAR@g~a	2
o0901376	s	MAŠ	MAŠ	63
o0901377	s	MAŠ₂	MAŠ₂	42
o0901380	s	ME~a	ME~a	222
o0901381	s	ME~b	ME~b	2
o0901382	s	ME₃	ME₃	2
o0901385	s	MEN~a	MEN~a	23
o0901386	s	MEN~b	MEN~b	2
o0901388	s	MES	MES	34
o0901390	s	MIR~a	MIR~a	19
o0901391	s	MIR~b	MIR~b	7
o0901392	s	MU	MU	71
o0901393	s	MUD	MUD	56
o0901396	s	MUD₃~a	MUD₃~a	16
o0901398	s	MUD₃~c	MUD₃~c	4
o0901399	s	MUD₃~d	MUD₃~d	4
o0901401	s	MUD₃~a@g	MUD₃~a@g	4
o0901404	s	MUL	MUL	2
o0901407	s	MUN~a1	MUN~a1	18
o0901408	s	MUN~a2	MUN~a2	2
o0901410	s	MUN~a4	MUN~a4	1
o0901411	s	MUN~b	MUN~b	2
o0901414	s	MUNŠUB~b	MUNŠUB~b	1
o0901415	s	MUNU₃	MUNU₃	15
o0901416	s	MURUB₂	MURUB₂	2
o0901417	s	MUŠ	MUŠ	3
o0901421	s	MUŠ₃~a	MUŠ₃~a	112
o0901426	s	MUŠEN	MUŠEN	152
o0901430	c	|MUŠEN×1(N57)|	|MUŠEN×1(N57)|	1
o0901431	c	|MUŠEN×2(N57)|	|MUŠEN×2(N57)|	23
o0901432	c	|MUŠEN×3(N57)|	|MUŠEN×3(N57)|	1
o0901437	s	NA~a	NA~a	59
o0901438	s	NA~b	NA~b	1
o0901443	s	NA₂~a	NA₂~a	29
o0901444	s	NA₂~b1	NA₂~b1	5
o0901445	s	NA₂~b2	NA₂~b2	3
o0901446	s	NA₂~c	NA₂~c	1
o0901448	s	NAB	NAB	11
o0901452	s	NAGA~a	NAGA~a	71
o0901460	s	NAGAR~a	NAGAR~a	43
o0901461	s	NAGAR~b	NAGAR~b	78
o0901464	s	NAM~a	NAM~a	1
o0901466	s	NAM~c	NAM~c	3
o0901467	s	NAM~d	NAM~d	2
o0901468	s	NAM₂	NAM₂	271
o0901473	s	NAMEŠDA	NAMEŠDA	52
o0901475	s	NANNA~a	NANNA~a	6
o0901479	s	NANŠE~a	NANŠE~a	2
o0901480	s	NANŠE~b	NANŠE~b	5
o0901481	s	NAR	NAR	48
o0901483	s	NE~a	NE~a	112
o0901491	s	NERGAL~v	NERGAL~v	1
o0901493	s	NESAG₂~a	NESAG₂~a	23
o0901497	s	NESAG₂~b	NESAG₂~b	9
o0901501	s	NI~a	NI~a	90
o0901502	s	NI~b	NI~b	71
o0901504	c	|NI~a.RU|	|NI~a.RU|	78
o0901508	c	|NI~b×4(N57)|	|NI~b×4(N57)|	1
o0901513	s	NI₂	NI₂	16
o0901514	s	NIGIN	NIGIN	6
o0901516	s	NIM~a	NIM~a	38
o0901517	s	NIM~b1	NIM~b1	28
o0901518	s	NIM~b2	NIM~b2	5
o0901519	s	NIM~b3	NIM~b3	1
o0901522	s	NIMGIR	NIMGIR	31
o0901524	s	NIN	NIN	41
o0901525	s	NINDA₂	NINDA₂	7
o0901527	c	|NINDA₂×AN|	|NINDA₂×AN|	1
o0901528	c	|NINDA₂×(AN.HI)|	|NINDA₂×(AN.HI)|	2
o0901529	c	|NINDA₂×GUDU₄|	|NINDA₂×GUDU₄|	1
o0901537	c	|NINDA₂×(AN.X)|	|NINDA₂×(AN.X)|	1
o0901540	c	|NINDA₂×EZEN~b|	|NINDA₂×EZEN~b|	2
o0901543	c	|NINDA₂×GAR|	|NINDA₂×GAR|	1
o0901544	c	|NINDA₂×GIŠ|	|NINDA₂×GIŠ|	1
o0901547	c	|NINDA₂×GU₄|	|NINDA₂×GU₄|	1
o0901548	c	|NINDA₂×HI|	|NINDA₂×HI|	2
o0901549	c	|NINDA₂×(HI.X)|	|NINDA₂×(HI.X)|	1
o0901551	c	|NINDA₂×(1(N06).HI@g~a)|	|NINDA₂×(HI@g~a.1(N06))|	1
o0901553	c	|NINDA₂×KAŠ~b|	|NINDA₂×KAŠ~b|	2
o0901557	c	|NINDA₂×1(N01)|	|NINDA₂×1(N01)|	2
o0901558	c	|NINDA₂×2(N01)|	|NINDA₂×2(N01)|	1
o0901564	c	|NINDA₂×NUN~a|	|NINDA₂×NUN~a|	3
o0901567	c	|NINDA₂×U₄|	|NINDA₂×U₄|	1
o0901572	c	|NINDA₂×X|	|NINDA₂×X|	3
o0901575	c	|NINDA₂×(ZATU659×1(N01))|	|NINDA₂×(ZATU659×1(N01))|	2
o0901576	c	|NINDA₂×ZATU710|	|NINDA₂×ZATU710|	3
o0901577	s	NINKUM	NINKUM	10
o0901578	s	NINLIL	NINLIL	4
o0901580	s	NIR~a	NIR~a	19
o0901581	s	NIR~b	NIR~b	1
o0901583	c	|NIR~a×AN|	|NIR~a×AN|	3
o0901584	s	NU	NU	36
o0901585	s	NU@g	NU@g	7
o0901586	s	NU₁₁	NU₁₁	21
o0901587	c	|NU₁₁&NU₁₁|	|NU₁₁&NU₁₁|	1
o0901589	s	NUMUN	NUMUN	9
o0901592	s	NUN~a	NUN~a	283
o0901593	s	NUN~b	NUN~b	10
o0901595	s	NUN~c	NUN~c	2
o0901603	c	|NUN~a+A|	|NUN~a+A|	1
o0901609	c	|NUN~b+EN~a|	|EN~a+NUN~b|	6
o0901609	c	|NUN~b+EN~a|	|NUN~b+EN~a|	2
o0901611	c	|NUN~a+NAM₂|	|NUN~a+NAM₂|	13
o0901613	s	NUNUZ~a0	NUNUZ~a0	2
o0901614	s	NUNUZ~a1	NUNUZ~a1	52
o0901615	s	NUNUZ~a2	NUNUZ~a2	2
o0901616	s	NUNUZ~b1	NUNUZ~b1	2
o0901618	s	NUNUZ~c	NUNUZ~c	5
o0901626	s	PA~a	PA~a	213
o0901636	s	PAD~a	PAD~a	9
o0901637	s	PAD~b	PAD~b	1
o0901639	s	PAP~a	PAP~a	378
o0901640	s	PAP~b	PAP~b	1
o0901643	s	PAP~a@t	PAP@t	18
o0901643	s	PAP~a@t	PAP~a@t	3
o0901645	s	PIRIG~a1	PIRIG~a1	1
o0901647	s	PIRIG~a3	PIRIG~a3	1
o0901648	s	PIRIG~b1	PIRIG~b1	65
o0901655	c	|PIRIG~b1+DIN|	|PIRIG~b1+DIN|	2
o0901656	s	PU₂	PU₂	33
o0901657	s	RA	RA	2
o0901659	s	RAD~a	RAD~a	99
o0901662	s	RAD~a@g	RAD~a@g	2
o0901668	s	RI₈~a	RI₈~a	1
o0901669	s	RI₈~b	RI₈~b	1
o0901671	s	RU	RU	69
o0901674	s	SA~a	SA~a	10
o0901675	s	SA~c	SA~c	35
o0901678	s	SAG	SAG	198
o0901682	c	|SAG×GEŠTU~b|	|SAG×GEŠTU~b|	2
o0901689	c	|SAG×NAM₂|	|SAG+NAM₂|	1
o0901694	s	SAG@g	SAG@g	4
o0901695	s	SAG@n	SAG@n	12
o0901696	s	SAGŠU	SAGŠU	14
o0901697	s	SAL	SAL	316
o0901699	c	|SAL.KUR~a|	|SAL.KUR~a|	29
o0901702	s	|SAL.ME~a|	LUKUR	1
o0901703	c	|SAL.ŠU₂|	|SAL.ŠU₂|	2
o0901707	c	|SAL.ZATU751~c|	|SAL.ZATU751~c|	1
o0901711	s	SANGA~a	SANGA~a	342
o0901713	s	SANGA~b	SANGA~b	1
o0901718	s	SAR~a	SAR~a	34
o0901719	s	SAR~b	SAR~b	4
o0901720	s	SAR~c	SAR~c	2
o0901723	c	|SAR~a×ŠE~a|	|SAR~a×ŠE~a|	9
o0901725	s	SI	SI	154
o0901728	c	|SI×EN~a|	|SI×EN~a|	1
o0901729	c	|SI×GU₄|	|SI×GU₄|	1
o0901731	c	|SI×KU~b1|	|SI×KU~b1|	17
o0901732	c	|SI×1(N58)|	|SI×1(N58)|	1
o0901733	c	|SI×SAL|	|SI×SAL|	1
o0901736	c	|SI×TUN₃~a|	|SI×TUN₃~a|	1
o0901737	c	|SI+AN|	|SI+AN|	1
o0901739	s	SI₄~a	SI₄~a	26
o0901742	s	SI₄~d	SI₄~d	3
o0901744	s	SI₄~f	SI₄~f	53
o0901746	s	SIG	SIG	33
o0901751	s	SIG₂~a1	SIG₂~a1	8
o0901752	s	SIG₂~a2	SIG₂~a2	9
o0901753	s	SIG₂~a3	SIG₂~a3	10
o0901756	s	SIG₂~a4	SIG₂~a4	1
o0901757	s	SIG₂~b	SIG₂~b	50
o0901758	s	SIG₂~c1	SIG₂~c1	1
o0901759	s	SIG₂~c2	SIG₂~c2	1
o0901760	s	SIG₂~d1	SIG₂~d1	10
o0901761	s	SIG₂~d2	SIG₂~d2	1
o0901771	s	SIG₇	SIG₇	36
o0901775	s	SILA₃~a	SILA₃~a	16
o0901776	s	SILA₃~b	SILA₃~b	5
o0901781	c	|SILA₃~a×A|	|SILA₃~a×A|	1
o0901792	c	|SILA₃~a×GARA₂~a|	|SILA₃~a×GARA₂~a|	8
o0901798	c	|SILA₃~b×GUG₂|	|SILA₃~b×GUG₂|	1
o0901800	c	|SILA₃~a×HAŠHUR|	|SILA₃~a×HAŠHUR|	3
o0901802	c	|SILA₃~a×HI|	|SILA₃~a×HI|	1
o0901809	c	|SILA₃~a×KAŠ~c|	|SILA₃~a×KAŠ~c|	2
o0901810	c	|SILA₃~a×KAŠ~d|	|SILA₃~a×KAŠ~d|	1
o0901812	c	|SILA₃~a×KU₆~a|	|SILA₃~a×KU₆~a|	5
o0901820	c	|SILA₃~a×MUD₃~b|	|SILA₃~a+MUD₃~b|	1
o0901822	c	|SILA₃~a×1(N57)|	|SILA₃~a×1(N57)|	1
o0901826	c	|SILA₃~a×NAGA~a|	|SILA₃~a×NAGA~a|	1
o0901829	c	|SILA₃~a×NI~a|	|SILA₃~a×NI~a|	4
o0901831	c	|SILA₃~b×NI~b|	|SILA₃~b×NI~b|	1
o0901839	c	|SILA₃~a×SUM~b|	|SILA₃~a×SUM~b|	1
o0901843	c	|SILA₃~a×ŠE~a@t|	|SILA₃~a×ŠE~a@t|	6
o0901845	c	|SILA₃~a×ŠU|	|SILA₃~a×ŠU|	3
o0901848	c	|SILA₃~a×ŠU₂|	|SILA₃~a×ŠU₂|	8
o0901850	c	|SILA₃~a×X|	|SILA₃~a×X|	3
o0901854	c	|SILA₃~a×ZATU646|	|SILA₃~a×ZATU646|	1
o0901858	c	|SILA₃~c×ZATU687|	|SILA₃~c×ZATU687|	1
o0901860	s	SILA₄~a	SILA₄~a	9
o0901861	s	SILA₄~b	SILA₄~b	11
o0901862	s	SILA₄~c	SILA₄~c	10
o0901864	s	SILA₄~d	SILA₄~d	1
o0901865	s	SILANITA	SILANITA	7
o0901865	s	SILANITA	SILANITA~a	1
o0901866	s	SIMUG	SIMUG	9
o0901868	s	SIPA	SIPA	6
o0901871	s	SU~a	SU~a	125
o0901875	c	|SU~a×1(N58)|	|SU~a×1(N58)|	2
o0901876	s	SU₃	SU₃	3
o0901878	s	SUG	SUG	3
o0901879	s	SUG₅	SUG₅	42
o0901880	s	SUH₃	SUH₃	3
o0901881	s	SUHUR	SUHUR	137
o0901881	s	SUHUR	SUHUR~a	1
o0901883	s	SUHUR@g	SUHUR@g	3
o0901884	s	SUHUR@n	SUHUR@n	1
o0901885	s	SUHUR@t	SUHUR@t	1
o0901887	s	SUKKAL	SUKKAL	73
o0901888	s	SUKUD	SUKUD	6
o0901890	c	|(SUKUD+SUKUD)~a|	|(SUKUD+SUKUD)~a|	3
o0901891	c	|(SUKUD+SUKUD)~b|	|(SUKUD+SUKUD)~b|	9
o0901896	s	SUKUD@g~b	SUKUD@g~b	1
o0901903	s	SUM~a	SUM~a	21
o0901904	s	SUM~b	SUM~b	8
o0901907	s	SUMAŠ	SUMAŠ	1
o0901908	s	SUR	SUR	4
o0901909	s	SUSA	SUSA	1
o0901910	s	ŠA	ŠA	71
o0901914	c	|(ŠA×HI@g~a)~a|	|(ŠA×HI@g~a)~a|	5
o0901915	c	|(ŠA×HI@g~a)~b|	|(ŠA×HI@g~a)~b|	3
o0901916	s	ŠA@g	ŠA@g	13
o0901918	s	ŠA₃~a1	ŠA₃~a1	40
o0901919	s	ŠA₃~a2	ŠA₃~a2	11
o0901919	s	ŠA₃~a2	ŠA₃~b1	1
o0901921	s	ŠA₃~c	ŠA₃~c	2
o0901927	s	ŠAB~a	ŠAB~a	56
o0901929	s	ŠAB~b	ŠAB~b	9
o0901931	s	ŠAGAN	ŠAGAN	46
o0901934	s	ŠAH₂~a	ŠAH₂~a	11
o0901938	s	ŠAKIR~a	ŠAKIR~a	3
o0901939	s	ŠAKIR~b	ŠAKIR~b	7
o0901940	s	ŠAKIR~c	ŠAKIR~c	22
o0901941	s	ŠAM₂	ŠAM₂	40
o0901943	s	ŠANDANA~a	ŠANDANA~a	2
o0901946	s	ŠE~a	ŠE~a	552
o0901947	s	ŠE~b	ŠE~b	4
o0901951	c	|ŠE~a.GAR|	|ŠE~a.GAR|	2
o0901953	c	|ŠE~a.KIN₂~c|	|ŠE~a.KIN₂~c|	5
o0901955	c	|ŠE~a.NAM₂|	|ŠE~a.NAM₂|	49
o0901959	c	|ŠE~a&ŠE~a|	|ŠE~a&ŠE~a|	22
o0901961	s	ŠE~a@t	ŠE~a@t	6
o0901963	s	ŠE₃	ŠE₃	53
o0901965	s	ŠE₃@t	ŠE₃@t	7
o0901966	s	ŠEG₉	ŠEG₉	20
o0901967	s	ŠELU	ŠELU	3
o0901970	s	ŠEN~a	ŠEN~a	11
o0901971	s	ŠEN~b	ŠEN~b	37
o0901973	s	ŠEN~c	ŠEN~c	1
o0901977	s	ŠEN~e	ŠEN~e	5
o0901981	s	ŠEN~c@t	ŠEN~c@t	18
o0901983	s	ŠENNUR~a	ŠENNUR~a	9
o0901986	s	ŠEŠ~a	ŠEŠ~a	3
o0901990	s	ŠIDIM	ŠIDIM	19
o0901994	s	ŠIM~a	ŠIM~a	42
o0901999	s	ŠIR~a	ŠIR~a	7
o0902002	s	ŠIR~b	ŠIR~b	1
o0902004	s	ŠITA~a1	ŠITA~a1	174
o0902005	s	ŠITA~a2	ŠITA~a2	1
o0902006	s	ŠITA~a3	ŠITA~a3	13
o0902007	s	ŠITA~b1	ŠITA~b1	14
o0902008	s	ŠITA~b2	ŠITA~b2	1
o0902009	s	ŠITA~b3	ŠITA~b3	2
o0902026	s	ŠITA@g~b	ŠITA@g~b	1
o0902028	s	ŠITA@g~a	ŠITA@g~a	6
o0902032	c	|ŠITA@g~a×1(N06)|	|ŠITA@g~a×1(N06)|	2
o0902033	s	ŠU	ŠU	256
o0902034	c	|ŠU×1(N58)|	|ŠU×1(N58)|	1
o0902035	c	|ŠU&ŠU|	|ŠU&ŠU|	18
o0902036	s	ŠU@g	ŠU@g	3
o0902040	s	ŠU₂	ŠU₂	122
o0902043	c	|ŠU₂.E₂~a|	|ŠU₂.E₂~a|	7
o0902044	c	|ŠU₂.E₂~b|	|ŠU₂.E₂~b|	2
o0902050	c	|ŠU₂.(HI×1(N57))&(HI×1(N57))|	|ŠU₂.((HI+1(N57))+(HI+1(N57)))|	1
o0902054	c	|ŠU₂.PAP~a|	|ŠU₂.PAP~a|	1
o0902057	c	|ŠU₂.1(N24)|	|ŠU₂×1(N24)|	1
o0902059	s	ŠU₁₂	ŠU₁₂	1
o0902060	s	ŠUBUR	ŠUBUR	90
o0902061	s	ŠUM	ŠUM	8
o0902063	s	ŠUR₂~a	ŠUR₂~a	4
o0902064	s	ŠUR₂~b	ŠUR₂~b	4
o0902066	c	|ŠUR₂×1(N58)|	|ŠUR₂×1(N58)|	4
o0902069	s	ŠURUPPAK~a	ŠURUPPAK~a	18
o0902071	s	ŠURUPPAK~b	ŠURUPPAK~b	6
o0902074	s	TA~a	TA~a	3
o0902076	s	TA~c	TA~c	5
o0902083	s	TAG~a1	TAG~a1	6
o0902084	s	TAG~a2	TAG~a2	6
o0902085	s	TAG~a3	TAG~a3	1
o0902087	s	TAG~b	TAG~b	8
o0902089	s	TAG~d	TAG~d	2
o0902094	s	TAK₄~a	TAK₄~a	86
o0902096	s	TAK₄~c	TAK₄~c	2
o0902098	s	TAK₄~a@n	TAK₄~a@n	1
o0902100	s	TAR~a	TAR~a	37
o0902102	s	TE	TE	131
o0902103	s	TI	TI	33
o0902103	s	TI	TI~a	9
o0902105	s	TI@g	TI@g	1
o0902106	s	TI@r	TI@r	1
o0902107	s	TI@t	TI@t	7
o0902108	s	TIDNUM	TIDNUM	1
o0902109	s	TILLA₂	TILLA₂	4
o0902111	s	TU~a	TU~a	13
o0902112	s	TU~b	TU~b	21
o0902116	s	TUG₂~a	TUG₂~a	104
o0902118	s	TUG₂~c	TUG₂~c	1
o0902121	c	|TUG₂~a.BAD&BAD|	|TUG₂~a.(BAD&BAD)|	8
o0902124	s	TUG₂~a@g	TUG₂~a@g	14
o0902128	s	TUM~a	TUM~a	11
o0902129	s	TUM~b	TUM~b	2
o0902130	s	TUM~c	TUM~c	10
o0902131	s	TUM~d	TUM~d	1
o0902136	s	TUN₃~a	TUN₃~a	40
o0902137	s	TUN₃~b	TUN₃~b	3
o0902138	s	TUN₃~c	TUN₃~c	1
o0902142	s	TUR	TUR	165
o0902144	s	TUR@g	TUR@g	6
o0902146	s	TUR₃~a	TUR₃~a	74
o0902147	s	TUR₃~b	TUR₃~b	3
o0902150	c	|TUR₃~a.5(N57)|	|TUR₃~a.5(N57)|	1
o0902156	s	U₂~a	U₂~a	48
o0902158	s	U₂~b	U₂~b	65
o0902161	s	U₄	U₄	206
o0902163	c	|U₄.1(N08)|	|U₄.1(N08)|	19
o0902163	c	|U₄.1(N08)|	|U₄+1(N08)|	5
o0902164	c	|U₄.2(N08)|	|U₄.2(N08)|	7
o0902165	c	|U₄.3(N08)|	|U₄.3(N08)|	5
o0902166	c	|U₄.4(N08)|	|U₄.4(N08)|	2
o0902167	c	|U₄.5(N08)|	|U₄.5(N08)|	3
o0902168	c	|U₄.6(N08)|	|U₄.6(N08)|	1
o0902173	c	|U₄.1(N14).4(N08)|	|U₄.(1(N14).4(N08))|	1
o0902174	c	|U₄.1(N14).5(N08)|	|U₄.(1(N14).5(N08))|	2
o0902175	c	|U₄.1(N14).8(N08)|	|U₄.(1(N14).8(N08))|	1
o0902176	c	|U₄.2(N14)|	|U₄.2(N14)|	1
o0902177	c	|U₄.ŠU₂|	|U₄.ŠU₂|	3
o0902178	c	|U₄×1(N01)|	|U₄×1(N01)|	10
o0902179	c	|U₄×1(N01).5(N08)|	|U₄×1(N01).5(N08)|	1
o0902180	c	|U₄×(1(N01).1(N24))|	|U₄×(1(N01).1(N24))|	1
o0902180	c	|U₄×(1(N01).1(N24))|	|U₄×1(N01)+1(N24)|	1
o0902182	c	|U₄×2(N01)|	|U₄×2(N01)|	6
o0902183	c	|U₄×2(N01).2(N14)|	|U₄×2(N01).2(N14)|	1
o0902184	c	|U₄×2(N01).2(N14).1(N08)|	|U₄×2(N01).(2(N14).1(N08))|	1
o0902185	c	|U₄×2(N01).X|	|U₄×2(N01).X|	1
o0902186	c	|U₄×3(N01)|	|U₄×3(N01)|	3
o0902188	c	|U₄×4(N01)|	|U₄×4(N01)|	6
o0902192	c	|U₄×6(N01)|	|U₄×6(N01)|	1
o0902193	c	|U₄×8(N01)|	|U₄×8(N01)|	1
o0902194	c	|U₄×8(N01).X|	|U₄×8(N01).X|	1
o0902196	c	|U₄×1(N14)|	|U₄×1(N14)|	1
o0902198	c	|U₄×(1(N14).2(N01))|	|U₄×(1(N14).2(N01))|	3
o0902201	c	|U₄×(1(N14).8(N01))|	|U₄×(1(N14).8(N01))|	2
o0902203	c	|U₄×(2(N14).4(N01))|	|U₄×(2(N14).4(N01))|	1
o0902204	c	|U₄×(3(N14).2(N01))|	|U₄×(3(N14).2(N01))|	1
o0902205	c	|U₄×(3(N14).7(N01))|	|U₄×(3(N14).7(N01))|	1
o0902206	c	|U₄×1(N57)|	|U₄×1(N57)|	67
o0902207	c	|U₄×2(N57)|	|U₄×2(N57)|	24
o0902208	c	|U₄×3(N57)|	|U₄×3(N57)|	18
o0902209	c	|U₄×4(N57)|	|U₄×4(N57)|	4
o0902210	c	|U₄×5(N57)|	|U₄×5(N57)|	4
o0902211	c	|U₄×6(N57)|	|U₄×6(N57)|	6
o0902212	c	|U₄×7(N57)|	|U₄×7(N57)|	2
o0902213	c	|U₄×8(N57)|	|U₄×8(N57)|	2
o0902214	c	|U₄×10(N57)|	|U₄×10(N57)|	2
o0902215	c	|U₄×1(N58@t)|	|U₄×1(N58)@t|	2
o0902216	c	|U₄×X|	|U₄×X|	1
o0902219	c	|U₄.1(N24)|	|U₄+1(N24)|	3
o0902221	s	U₈	U₈	55
o0902225	c	|U₈×TAR~b|	|(U₈×TAR)~b|	1
o0902226	s	U₄@t	U₄@t	1
o0902227	s	UB	UB	112
o0902230	s	UBI~c	UBI~c	8
o0902232	s	UBI~d	UBI~d	2
o0902235	s	UD₅~a	UD₅~a	53
o0902241	s	UD₅~a@g	UD₅~a@g	1
o0902243	s	UDU~a	UDU~a	218
o0902245	s	UDU~c	UDU~c	3
o0902248	c	|UDU~a×TAR~b|	|(UDU~a×TAR)~b|	8
o0902250	s	UDUNITA~a	UDUNITA~a	51
o0902256	s	UH₃~a	UH₃~a	3
o0902257	s	UH₃~b	UH₃~b	2
o0902259	s	UH₃~a@t	UH₃~a@t	1
o0902261	s	UKKIN~a	UKKIN~a	52
o0902263	s	UKKIN~b	UKKIN~b	10
o0902268	c	|UKKIN~b×DIN|	|UKKIN~b×DIN|	4
o0902274	c	|UKKIN~b×HI@g~a|	|UKKIN~b×HI@g~a|	1
o0902282	c	|UKKIN~b×NI~a|	|UKKIN~b×NI~a|	2
o0902286	s	UMBIN~a	UMBIN~a	5
o0902290	s	UMUN₂	UMUN₂	84
o0902293	s	UNUG~a	UNUG~a	77
o0902295	s	UNUG~b	UNUG~b	1
o0902302	s	UR~a	UR~a	23
o0902303	s	UR~b	UR~b	5
o0902304	s	UR~c	UR~c	1
o0902309	s	UR₂	UR₂	55
o0902310	c	|UR₂×1(N57)|	|UR₂×1(N57)|	6
o0902311	c	|UR₂×TAR~c|	|UR₂×TAR|	2
o0902315	s	UR₃~a2	UR₃~a2	4
o0902317	s	UR₃~b1	UR₃~b1	2
o0902323	s	UR₄~a	UR₄~a	9
o0902324	s	UR₄~b	UR₄~b	14
o0902325	s	UR₄~c	UR₄~c	1
o0902327	s	UR₅~a	UR₅~a	31
o0902328	s	UR₅~b	UR₅~b	3
o0902329	s	URI	URI	19
o0902332	s	URI₃~a	URI₃~a	31
o0902337	s	URI₅	URI₅	1
o0902339	s	URU~a1	URU~a1	64
o0902351	c	|URU~a1×HI@g~a|	|URU~a1×HI@g~a|	1
o0902361	c	|URU~a1×3(N57)|	|URU~a1×3(N57)|	5
o0902363	c	|URU~a2×1(N58)|	|URU~a1+1(N58)|	1
o0902367	c	|URU~a1×U₄|	|URU~a1×U₄|	1
o0902375	s	URUDU~a	URUDU~a	16
o0902381	s	URUDU@g~c	URUDU@g~c	2
o0902384	s	UŠ~a	UŠ~a	23
o0902385	s	UŠ~b	UŠ~b	2
o0902394	s	UŠUMGAL	UŠUMGAL	3
o0902397	s	UŠUR₃~b1	UŠUR₃~b1	1
o0902398	s	UŠUR₃~b2	UŠUR₃~b2	1
o0902400	s	UTUA~a	UTUA~a	21
o0902402	s	UTUA~b	UTUA~b	8
o0902406	s	UTUL~a	UTUL~a	23
o0902411	s	UZ~a	UZ~a	1
o0902412	s	UZU	UZU	1
o0902413	c	|X(N57).GAR|	|N(N57).GAR|	1
o0902416	s	ZA~v	ZA~v	9
o0902418	s	ZABALAM~a	ZABALAM~a	16
o0902423	s	ZAG~a	ZAG~a	51
o0902425	s	ZAG~c	ZAG~c	3
o0902427	s	ZAR~a	ZAR~a	2
o0902430	s	ZAR~c	ZAR~c	1
o0902433	s	ZATU621~a	ZATU621~a	1
o0902438	s	ZATU623	ZATU623	5
o0902442	s	ZATU624~a	ZATU624~a	2
o0902443	s	ZATU624~b	ZATU624~b	1
o0902445	s	ZATU625	ZATU625	10
o0902453	s	ZATU628~a	ZATU628~a	10
o0902455	s	ZATU628~b	ZATU628~b	1
o0902457	s	ZATU629	ZATU629	5
o0902458	s	ZATU630	ZATU630	2
o0902466	s	ZATU633~a	ZATU633~a	3
o0902467	s	ZATU633~b	ZATU633~b	4
o0902479	s	ZATU644~a	ZATU644~a	36
o0902480	s	ZATU644~b	ZATU644~b	2
o0902483	s	ZATU646	ZATU646	2
o0902484	s	ZATU647	ZATU647	44
o0902486	s	ZATU648	ZATU648	21
o0902487	s	ZATU649	ZATU649	25
o0902493	c	|ZATU651×AN|	|ZATU651×AN|	1
o0902496	c	|ZATU651×GAR|	|ZATU651×GAR|	6
o0902502	c	|ZATU651×X|	|ZATU651×X|	1
o0902505	s	ZATU651@g	ZATU651@g	6
o0902506	s	ZATU659	ZATU659	49
o0902507	c	|ZATU659×1(N01)|	|ZATU659×1(N01)|	20
o0902511	s	ZATU662	ZATU662	15
o0902516	c	|ZATU662×1(N14)|	|ZATU662×1(N14)|	5
o0902523	s	ZATU669	ZATU669	3
o0902530	s	ZATU675~b	ZATU675~b	2
o0902532	s	ZATU675~d	ZATU675~d	1
o0902535	s	ZATU676~b	ZATU676~b	3
o0902548	s	ZATU681	ZATU681	7
o0902549	s	ZATU682	ZATU682	2
o0902554	s	ZATU684	ZATU684	1
o0902557	s	ZATU686~a	ZATU686~a	16
o0902558	s	ZATU686~b	ZATU686~b	7
o0902559	s	ZATU686~c	ZATU686~c	2
o0902560	s	ZATU687	ZATU687	2
o0902568	s	ZATU693	ZATU693	1
o0902575	s	ZATU694~c	ZATU694~c	14
o0902577	s	ZATU694~d	ZATU694~d	2
o0902582	s	ZATU696	ZATU696	4
o0902587	s	ZATU697~a	ZATU697~a	7
o0902588	s	ZATU697~b	ZATU697~b	1
o0902596	s	ZATU703	ZATU703	15
o0902601	s	ZATU707~a	ZATU707~a	4
o0902605	s	ZATU710	ZATU710	24
o0902613	s	ZATU714	ZATU714	17
o0902616	c	|ZATU714×HI@g~a|	|ZATU714×HI@g~a|	22
o0902618	s	ZATU717	ZATU717	1
o0902619	s	ZATU718	ZATU718	5
o0902620	s	ZATU719	ZATU719	1
o0902623	s	ZATU722	ZATU722	1
o0902624	s	ZATU723	ZATU723	2
o0902625	s	ZATU724	ZATU724	2
o0902627	s	ZATU725	ZATU725	13
o0902630	s	ZATU726~c	ZATU726~c	2
o0902631	s	ZATU726~d	ZATU726~d	9
o0902632	s	ZATU727	ZATU727	1
o0902633	s	ZATU728	ZATU728	2
o0902636	s	ZATU730	ZATU730	1
o0902637	s	ZATU732	ZATU732	7
o0902641	s	ZATU735~a	ZATU735~a	4
o0902642	s	ZATU735~b	ZATU735~b	13
o0902645	s	ZATU735~c	ZATU735~c	1
o0902647	s	ZATU736~a	ZATU736~a	1
o0902649	s	ZATU737	ZATU737	1
o0902653	c	|ZATU737×AB~a|	|ZATU737×AB~a|	1
o0902657	c	|ZATU737×BUR~a|	|ZATU737×BUR~a|	8
o0902657	s	|ZATU737×BUR~a|	GABURRA	3
o0902659	c	|ZATU737×DI|	|ZATU737×DI|	21
o0902665	c	|ZATU737×GAR|	|ZATU737×GAR|	2
o0902665	s	|ZATU737×GAR|	ZATU741	1
o0902669	c	|ZATU737×NI~a@g|	|ZATU737×NI~a@g|	1
o0902670	c	|ZATU737×NIMGIR|	|ZATU737×NIMGIR|	1
o0902673	c	|ZATU737×SU~a|	|ZATU737×SU~a|	1
o0902687	s	ZATU749~a	ZATU749~a	4
o0902690	s	ZATU749~b	ZATU749~b	4
o0902691	s	ZATU749~c	ZATU749~c	2
o0902694	s	ZATU750	ZATU750	7
o0902697	s	ZATU751~a	ZATU751~a	24
o0902698	s	ZATU751~b	ZATU751~b	5
o0902700	s	ZATU752	ZATU752	57
o0902701	s	ZATU753	ZATU753	57
o0902707	s	ZATU756	ZATU756	9
o0902709	s	ZATU757	ZATU757	2
o0902710	s	ZATU758	ZATU758	2
o0902711	s	ZATU759	ZATU759	15
o0902714	c	|ZATU759×KU₆~a|	|ZATU759×KU₆~a|	12
o0902717	c	|ZATU759×(KU₆~a+KU₆~a)|	|ZATU759×(KU₆~a+KU₆~a)|	1
o0902718	c	|ZATU759×X|	|ZATU759×X|	1
o0902719	c	|ZATU759@t×X|	|ZATU759@t×X|	1
o0902722	s	ZATU762~a	ZATU762~a	2
o0902725	s	ZATU762~b	ZATU762~b	1
o0902727	c	|ZATU762~b×AB~a|	|ZATU762~b×AB~a|	1
o0902730	s	ZATU764	ZATU764	6
o0902735	s	ZATU769	ZATU769	1
o0902739	s	ZATU773~a	ZATU773~a	16
o0902741	s	ZATU773~b	ZATU773~b	2
o0902745	s	ZATU776	ZATU776	5
o0902746	s	ZATU777	ZATU777	13
o0902749	s	ZATU778	ZATU778	1
o0902752	s	ZATU781	ZATU781	1
o0902753	s	ZATU782	ZATU782	2
o0902757	s	ZATU786	ZATU786	5
o0902758	s	ZATU787	ZATU787	1
o0902759	s	ZATU788	ZATU788	9
o0902762	s	ZATU792	ZATU792	1
o0902763	s	ZATU795	ZATU795	6
o0902764	s	ZATU797	ZATU797	1
o0902765	s	ZATU798	ZATU798	1
o0902766	s	ZATU799	ZATU799	1
o0902767	s	ZATU800	ZATU800	2
o0902768	s	ZATU801	ZATU801	4
o0902774	s	ZATU806	ZATU806	1
o0902776	s	ZATU808	ZATU808	1
o0902777	s	ZATU809	ZATU809	4
o0902778	s	ZATU810	ZATU810	1
o0902779	s	ZATU811	ZATU811	1
o0902780	s	ZATU812	ZATU812	1
o0902781	s	ZATU813	ZATU813	1
o0902797	s	ZATU832	ZATU832	1
o0902800	s	ZATU835	ZATU835	1
o0902801	s	ZATU836	ZATU836	1
o0902818	s	ZATU850	ZATU850	4
o0902822	s	ZATU854	ZATU854	1
o0902826	s	ZATU858	ZATU858	1
o0902827	s	ZATU859	ZATU859	1
o0902830	s	ZI~a	ZI~a	55
o0902838	s	ZUBI~a	ZUBI~a	1
o0902841	n	2(LAGAB~a)	2(LAGAB~a)	4
o0902843	n	3(LAGAB~a)	3(LAGAB~a)	1
o0902845	n	4(LAGAB~a)	4(LAGAB~a)	2
o0902847	n	6(LAGAB~a)	6(LAGAB~a)	1
o0902848	n	1(N01@f)	1(N01@f)	11
o0902849	n	2(N01@f)	2(N01@f)	3
o0902852	n	5(N01@f)	5(N01@f)	1
o0902858	n	1(N01)	1(N01)	7478
o0902859	n	2(N01)	2(N01)	1043
o0902860	n	3(N01)	3(N01)	485
o0902861	n	4(N01)	4(N01)	367
o0902862	n	5(N01)	5(N01)	475
o0902863	n	6(N01)	6(N01)	161
o0902864	n	7(N01)	7(N01)	107
o0902865	n	8(N01)	8(N01)	103
o0902866	n	9(N01)	9(N01)	50
o0902868	n	10(N01)	10(N01)	2
o0902869	n	1(N02)	1(N02)	51
o0902870	c	|1(N02).RU|	|1(N02).RU|	1
o0902871	n	2(N02)	2(N02)	25
o0902872	n	3(N02)	3(N02)	13
o0902873	n	4(N02)	4(N02)	15
o0902874	n	5(N02)	5(N02)	3
o0902875	n	6(N02)	6(N02)	5
o0902876	n	7(N02)	7(N02)	1
o0902878	n	9(N02)	9(N02)	1
o0902879	n	1(N03)	1(N03)	53
o0902880	n	2(N03)	2(N03)	30
o0902881	n	3(N03)	3(N03)	24
o0902882	n	4(N03)	4(N03)	14
o0902883	n	5(N03)	5(N03)	7
o0902884	n	1(N04)	1(N04)	82
o0902885	n	2(N04)	2(N04)	48
o0902886	n	3(N04)	3(N04)	38
o0902887	n	4(N04)	4(N04)	21
o0902888	n	5(N04)	5(N04)	18
o0902894	n	1(N05)	1(N05)	55
o0902895	n	2(N05)	2(N05)	38
o0902896	n	3(N05)	3(N05)	24
o0902897	n	4(N05)	4(N05)	27
o0902898	n	5(N05)	5(N05)	17
o0902899	n	1(N06)	1(N06)	5
o0902909	n	1(N08)	1(N08)	82
o0902912	n	2(N08)	2(N08)	10
o0902913	n	2(N08~b)	2(N08~b)	1
o0902914	n	3(N08)	3(N08)	7
o0902916	n	4(N08)	4(N08)	10
o0902919	n	5(N08)	5(N08)	6
o0902920	n	6(N08)	6(N08)	4
o0902921	n	7(N08)	7(N08)	2
o0902922	n	8(N08)	8(N08)	5
o0902923	n	9(N08)	9(N08)	2
o0902929	n	1(N14)	1(N14)	934
o0902930	n	2(N14)	2(N14)	461
o0902932	n	3(N14)	3(N14)	313
o0902933	n	4(N14)	4(N14)	187
o0902934	n	5(N14)	5(N14)	161
o0902936	n	6(N14)	6(N14)	52
o0902938	n	7(N14)	7(N14)	43
o0902939	n	8(N14)	8(N14)	53
o0902940	n	9(N14)	9(N14)	31
o0902955	n	1(N15)	1(N15)	4
o0902956	n	2(N15)	2(N15)	1
o0902959	n	5(N15)	5(N15)	1
o0902960	n	1(N16)	1(N16)	2
o0902961	n	1(N17)	1(N17)	1
o0902962	n	1(N18)	1(N18)	11
o0902963	n	2(N18)	2(N18)	10
o0902964	n	3(N18)	3(N18)	4
o0902965	n	4(N18)	4(N18)	1
o0902966	n	5(N18)	5(N18)	2
o0902968	n	7(N18)	7(N18)	1
o0902969	n	8(N18)	8(N18)	1
o0902970	n	9(N18)	9(N18)	2
o0902972	n	1(N19)	1(N19)	52
o0902973	n	2(N19)	2(N19)	53
o0902974	n	3(N19)	3(N19)	34
o0902975	n	4(N19)	4(N19)	24
o0902976	n	5(N19)	5(N19)	26
o0902977	n	6(N19)	6(N19)	12
o0902978	n	7(N19)	7(N19)	13
o0902979	n	8(N19)	8(N19)	11
o0902980	n	9(N19)	9(N19)	8
o0902991	n	1(N20)	1(N20)	36
o0902992	n	2(N20)	2(N20)	24
o0902993	n	3(N20)	3(N20)	17
o0902994	n	4(N20)	4(N20)	8
o0902995	n	5(N20)	5(N20)	4
o0902996	n	6(N20)	6(N20)	7
o0902997	n	7(N20)	7(N20)	2
o0902998	n	8(N20)	8(N20)	4
o0902999	n	9(N20)	9(N20)	4
o0903000	n	2(N21)	2(N21)	4
o0903001	n	3(N21)	3(N21)	7
o0903002	n	4(N21)	4(N21)	4
o0903003	n	5(N21)	5(N21)	2
o0903005	n	1(N22)	1(N22)	41
o0903006	n	2(N22)	2(N22)	29
o0903007	n	1(N22~v)	1(N22~v)	1
o0903011	n	2(N23)	2(N23)	1
o0903015	n	1(N24@f)	1(N24@f)	2
o0903016	n	1(N24)	1(N24)	165
o0903016	n	1(N24)	1(N24′)	7
o0903016	n	1(N24)	1(N24″)	1
o0903022	n	1(N25)	1(N25)	92
o0903023	n	1(N26)	1(N26)	16
o0903026	n	1(N27)	1(N27)	7
o0903028	n	1(N28)	1(N28)	39
o0903037	n	2(N29A)	2(N29~a)	3
o0903039	n	1(N29A)	1(N29~a)	38
o0903047	n	1(N30B)	1(N30~b)	1
o0903051	n	1(N30A)	1(N30~a)	21
o0903053	n	1(N30C)	1(N30~c)	18
o0903056	n	1(N31)	1(N31)	1
o0903059	n	1(N34)	1(N34)	338
o0903060	c	|1(N34)×1(N58)|	|1(N34)×1(N58)|	1
o0903061	n	2(N34)	2(N34)	108
o0903062	n	3(N34)	3(N34)	50
o0903063	n	4(N34)	4(N34)	35
o0903064	n	5(N34)	5(N34)	38
o0903065	n	6(N34)	6(N34)	16
o0903066	n	7(N34)	7(N34)	8
o0903067	n	8(N34)	8(N34)	5
o0903068	n	9(N34)	9(N34)	2
o0903076	n	7(N34@f)	7(N34@f)	1
o0903079	n	1(N35)	1(N35)	2
o0903080	n	2(N35)	2(N35)	1
o0903081	n	5(N35)	5(N35)	1
o0903082	n	1(N36)	1(N36)	23
o0903083	n	2(N36)	2(N36)	4
o0903084	n	3(N36)	3(N36)	4
o0903085	n	4(N36)	4(N36)	1
o0903092	n	1(N37)	1(N37)	4
o0903093	n	2(N37)	2(N37)	1
o0903094	n	1(N38)	1(N38)	18
o0903111	n	1(N40)	1(N40)	29
o0903112	n	2(N40)	2(N40)	26
o0903113	n	3(N40)	3(N40)	18
o0903114	n	4(N40)	4(N40)	14
o0903115	n	1(N41)	1(N41)	13
o0903116	n	2(N41)	2(N41)	17
o0903117	n	3(N41)	3(N41)	13
o0903118	n	4(N41)	4(N41)	12
o0903134	n	1(N45)	1(N45)	177
o0903137	n	2(N45)	2(N45)	78
o0903138	n	3(N45)	3(N45)	4
o0903140	n	5(N45)	5(N45)	1
o0903141	n	6(N45)	6(N45)	2
o0903143	n	9(N45)	9(N45)	1
o0903153	n	1(N46)	1(N46)	56
o0903154	n	2(N46)	2(N46)	30
o0903155	n	3(N46)	3(N46)	1
o0903158	n	1(N47)	1(N47)	8
o0903159	n	2(N47)	2(N47)	8
o0903161	n	1(N48)	1(N48)	15
o0903162	n	2(N48)	2(N48)	9
o0903163	n	3(N48)	3(N48)	5
o0903164	n	4(N48)	4(N48)	4
o0903169	n	1(N49)	1(N49)	2
o0903170	n	2(N49)	2(N49)	1
o0903174	n	1(N50)	1(N50)	25
o0903175	n	2(N50)	2(N50)	12
o0903176	n	3(N50)	3(N50)	13
o0903177	n	4(N50)	4(N50)	12
o0903178	n	5(N50)	5(N50)	4
o0903188	n	1(N51)	1(N51)	34
o0903189	n	2(N51)	2(N51)	10
o0903190	n	3(N51)	3(N51)	4
o0903191	n	4(N51)	4(N51)	4
o0903192	n	5(N51)	5(N51)	7
o0903193	n	6(N51)	6(N51)	2
o0903194	n	7(N51)	7(N51)	1
o0903196	n	1(N52)	1(N52)	16
o0903197	n	2(N52)	2(N52)	10
o0903198	n	3(N52)	3(N52)	2
o0903202	n	1(N54)	1(N54)	3
o0903203	n	2(N54)	2(N54)	1
o0903204	n	3(N54)	3(N54)	2
o0903206	n	5(N54)	5(N54)	3
o0903209	n	2(N56)	2(N56)	1
o0903210	n	1(N57)	1(N57)	149
o0903212	c	|1(N57).BU₃|	|1(N57).BU₃|	1
o0903215	c	|1(N57).MUŠEN|	|1(N57).MUŠEN|	3
o0903219	c	|1(N57).ŠAH₂~a|	|1(N57).ŠAH₂~a|	2
o0903221	c	|1(N57).ŠUBUR|	|1(N57).ŠUBUR|	9
o0903222	n	2(N57)	2(N57)	51
o0903225	c	|2(N57).BIR₃~a|	|2(N57).BIR₃~a|	1
o0903228	c	|2(N57).MUŠEN|	|2(N57).MUŠEN|	2
o0903234	n	3(N57)	3(N57)	226
o0903235	c	|3(N57).AMAR|	|3(N57).AMAR|	1
o0903236	c	|3(N57).AZ|	|3(N57).AZ|	3
o0903242	c	|3(N57).EN₂|	|3(N57).EN₂|	6
o0903243	c	|3(N57).GAR|	|3(N57).GAR|	1
o0903245	c	|3(N57).NUNUZ~a1|	|3(N57).NUNUZ~a1|	13
o0903246	c	|3(N57).NUNUZ~c|	|3(N57).NUNUZ~c|	1
o0903248	c	|3(N57).PIRIG~b1|	|3(N57).PIRIG~b1|	16
o0903250	c	|3(N57).SANGA~a|	|3(N57).SANGA~a|	1
o0903251	c	|3(N57).SI|	|3(N57).SI|	2
o0903252	c	|3(N57).ŠUBUR|	|3(N57).ŠUBUR|	2
o0903257	n	4(N57)	4(N57)	15
o0903258	c	|4(N57).AMAR|	|4(N57).AMAR|	1
o0903259	c	|4(N57).GAR|	|4(N57).GAR|	2
o0903261	c	|4(N57).KU₃~a|	|4(N57).KU₃~a|	11
o0903264	n	5(N57)	5(N57)	21
o0903265	c	|5(N57).GAR|	|5(N57).GAR|	6
o0903267	c	|5(N57).KU₃~a|	|5(N57).KU₃~a|	4
o0903268	n	6(N57)	6(N57)	7
o0903270	c	|6(N57).GAR|	|6(N57).GAR|	3
o0903272	c	|6(N57).KU₃~a|	|6(N57).KU₃~a|	1
o0903273	n	7(N57)	7(N57)	4
o0903275	n	8(N57)	8(N57)	2
o0903277	c	|NI~b×8(N57)|	|NI~b×8(N57)|	1
o0903278	n	9(N57)	9(N57)	2
o0903280	n	1(N58)	1(N58)	44
o0903281	c	|1(N58).BAD|	|1(N58).BAD~a|	38
o0903284	n	2(N58)	2(N58)	4
o0903285	n	3(N58)	3(N58)	1
o0903288	n	4(N58)	4(N58)	1
o0903291	n	9(N58)	9(N58)	1
o0903292	n	10(N58)	10(N58)	2
o0903293	n	12(N58)	12(N58)	1
o0903297	n	3(N59)	3(N59)	8
o0903298	n	4(N59)	4(N59)	2
o0903299	n	6(N59)	6(N59)	3
o0903300	n	7(N59)	7(N59)	1
o0903301	n	1(N60)	1(N60)	3
o0903302	n	3(N61)	3(N61)	1
o0903303	n	4(N62)	4(N62)	1
o0903311	n	1(N39A)	1(N39~a)	116
o0903312	n	2(N39A)	2(N39~a)	105
o0903313	n	3(N39A)	3(N39~a)	51
o0903314	n	4(N39A)	4(N39~a)	37
o0903334	n	1(N24A)	1(N24~a)	28
o0903335	n	1(N45A)	1(N45~a)	1
o0903336	n	1(N24B)	1(N24~b)	4
o0903337	n	1(N26B)	1(N26~b)	1
o0903338	n	1(N28B)	1(N28~b)	1
o0903340	n	1(N28C)	1(N28~c)	24
o0903342	n	1(N30AC)	1(N30A~c)	4
o0903344	n	1(N42A)	1(N42~a)	82
o0903345	n	2(N42A)	2(N42~a)	56
o0903346	n	3(N42A)	3(N42~a)	25
o0903347	n	4(N42A)	4(N42~a)	13
o0903353	n	2(N07A)	2(N07~a)	1
o0903368	s	X	X	2636
o0903562	n	1(N30CA)	1(N30C~a)	1
o0903564	c	X₂	|2(N57).DU₆~a@n|	1
o0903566	c	|GEŠTU~a×ŠE~a@t|	|GEŠTU~a×ŠE~a@t|	1
o0903570	c	|BU~a×A|	|BU~a×A|	1
o0903573	c	|DU₆~a×1(N58)|	|DU₆~a×DIŠ|	1
o0903574	c	|DUG~b×GA~a|	|DUG~b×GA~a|	1
o0903575	c	|DUG~b×GEŠTU~a|	|DUG~b×GEŠTU~a|	5
o0903576	c	|DUG~b×AB₂|	|DUG~b×AB₂|	1
o0903580	s	DUG~c	DUG~c	75
o0903581	c	|DUG~c×1(N57)|	|DUG~c×1(N57)|	36
o0903582	c	|EZEN~a×EN~b|	|EZEN~a×EN~b|	1
o0903588	c	|GA₂~a2×ŠE₃|	|GA₂~a2×ŠE₃|	3
o0903589	c	|GA₂~a2×(ŠE₃.GU₄)|	|GA₂~a2×(GU₄.ŠE₃)|	5
o0903597	c	|GI×ŠE₃|	|GI×ŠE₃|	1
o0903599	c	|GI×GIŠ@t|	|GI×GIŠ@t|	1
o0903604	c	|GIR₃~c×ŠE₃|	|GIR₃~c×ŠE₃|	2
o0903613	c	|LAGAB~a×SIG₇|	|LAGAB~a×SIG₇|	1
o0903619	c	|NUN~a+EN~a|	|NUN~a+EN~a|	10
o0903621	c	|SAG+UKKIN~b×1(N57)|	|SAG×(UKKIN~b×1(N57))|	1
o0903623	c	|SAG×MA|	|SAG×MA|	18
o0903625	c	|SI×ŠE₃|	|SI×ŠE₃|	2
o0903626	c	|SILA₃~a×GA~a|	|SILA₃~a×GA~a|	4
o0903627	c	|SILA₃~a×GEŠTU~a|	|SILA₃~a×GEŠTU~a|	1
o0903628	c	|SILA₃~a×MA|	|SILA₃~a×MA|	3
o0903630	c	|SILA₃~a×ZATU629|	|SILA₃~a×ZATU629|	1
o0903632	c	|SILA₃~a×DUG~a|	|SILA₃~a×DUG~a|	1
o0903633	c	|ŠU₂.EN~a|	|ŠU₂.EN~a|	21
o0903635	c	|ŠU₂.URI₃~a|	|ŠU₂.URI₃~a|	1
o0903640	c	|ZATU651×EN~a|	|ZATU651×EN~a|	12
o0903647	c	|ZATU737×X|	|ZATU737×X|	12
o0903648	c	|ZATU737×SAL|	|ZATU737×SAL|	17
o0903649	c	|ZATU737×U₄|	|ZATU737×U₄|	9
